mc	mn	quarterbeats	quarterbeats_all_endings	duration_qb	volta	mc_onset	mn_onset	event	timesig	staff	voice	duration	gracenote	nominal_duration	scalar	chord_id	dynamics	articulation	staff_text	tempo	qpm	metronome_base	metronome_number	tempo_visible	slur
1	1	0	0	0.0		0	0	StaffText	3/4	1	1	0							Presto.						
1	1	0	0	0.0		0	0	Tempo	3/4	1	1	0								ùÖü=144	144.0	ùÖü	144.0	0.0	
1	1	2	2	1.0		1/2	1/2	Chord	3/4	1	1	1/4		1/4	1	0									
1	1	0	0	0.0		0	0	Dynamic	3/4	1	2	0					f								
1	1	0	0	0.25		0	0	Chord	3/4	1	2	1/16		1/16	1	1									
1	1	1/4	1/4	0.25		1/16	1/16	Chord	3/4	1	2	1/16		1/16	1	2									
1	1	1/2	1/2	0.25		1/8	1/8	Chord	3/4	1	2	1/16		1/16	1	3									
1	1	3/4	3/4	0.25		3/16	3/16	Chord	3/4	1	2	1/16		1/16	1	4									
1	1	1	1	0.5		1/4	1/4	Chord	3/4	1	2	1/8		1/8	1	5									
1	1	3/2	3/2	0.5		3/8	3/8	Chord	3/4	1	2	1/8		1/8	1	6									
1	1	2	2	0.5		1/2	1/2	Chord	3/4	1	2	1/8		1/8	1	7									
1	1	5/2	5/2	0.5		5/8	5/8	Chord	3/4	1	2	1/8		1/8	1	8									
1	1	0	0	1.0		0	0	Chord	3/4	2	1	1/4		1/4	1	9									
1	1	3/2	3/2	0.5		3/8	3/8	Chord	3/4	2	1	1/8		1/8	1	10									
1	1	2	2	0.5		1/2	1/2	Chord	3/4	2	1	1/8		1/8	1	11									
1	1	5/2	5/2	0.5		5/8	5/8	Chord	3/4	2	1	1/8		1/8	1	12									
2	2	4	4	1.0		1/4	1/4	Chord	3/4	1	1	1/4		1/4	1	13									
2	2	5	5	1.0		1/2	1/2	Chord	3/4	1	1	1/4		1/4	1	14									
2	2	3	3	1.0		0	0	Chord	3/4	1	2	1/4		1/4	1	15									0
2	2	4	4	0.5		1/4	1/4	Chord	3/4	1	2	1/8		1/8	1	16									
2	2	9/2	9/2	0.5		3/8	3/8	Chord	3/4	1	2	1/8		1/8	1	17									
2	2	5	5	0.5		1/2	1/2	Chord	3/4	1	2	1/8		1/8	1	18									
2	2	11/2	11/2	0.5		5/8	5/8	Chord	3/4	1	2	1/8		1/8	1	19									
2	2	7/2	7/2	0.5		1/8	1/8	Chord	3/4	2	1	1/8		1/8	1	20									
2	2	4	4	0.5		1/4	1/4	Chord	3/4	2	1	1/8		1/8	1	21									
2	2	9/2	9/2	0.5		3/8	3/8	Chord	3/4	2	1	1/8		1/8	1	22									
2	2	5	5	0.5		1/2	1/2	Chord	3/4	2	1	1/8		1/8	1	23									
2	2	11/2	11/2	0.5		5/8	5/8	Chord	3/4	2	1	1/8		1/8	1	24									
3	3	8	8	1.0		1/2	1/2	Chord	3/4	1	1	1/4		1/4	1	25									
3	3	6	6	1.0		0	0	Chord	3/4	1	2	1/4		1/4	1	26									1
3	3	7	7	0.5		1/4	1/4	Chord	3/4	1	2	1/8		1/8	1	27									
3	3	15/2	15/2	0.5		3/8	3/8	Chord	3/4	1	2	1/8		1/8	1	28									
3	3	8	8	0.5		1/2	1/2	Chord	3/4	1	2	1/8		1/8	1	29									
3	3	17/2	17/2	0.5		5/8	5/8	Chord	3/4	1	2	1/8		1/8	1	30									
3	3	13/2	13/2	0.5		1/8	1/8	Chord	3/4	2	1	1/8		1/8	1	31									
3	3	7	7	0.5		1/4	1/4	Chord	3/4	2	1	1/8		1/8	1	32									
3	3	15/2	15/2	0.5		3/8	3/8	Chord	3/4	2	1	1/8		1/8	1	33									
3	3	8	8	0.5		1/2	1/2	Chord	3/4	2	1	1/8		1/8	1	34									
3	3	17/2	17/2	0.5		5/8	5/8	Chord	3/4	2	1	1/8		1/8	1	35									
4	4	10	10	1.0		1/4	1/4	Chord	3/4	1	1	1/4		1/4	1	36									
4	4	11	11	1.0		1/2	1/2	Chord	3/4	1	1	1/4		1/4	1	37									
4	4	9	9	1.0		0	0	Chord	3/4	1	2	1/4		1/4	1	38									2
4	4	10	10	0.5		1/4	1/4	Chord	3/4	1	2	1/8		1/8	1	39									
4	4	21/2	21/2	0.5		3/8	3/8	Chord	3/4	1	2	1/8		1/8	1	40									
4	4	11	11	0.5		1/2	1/2	Chord	3/4	1	2	1/8		1/8	1	41									
4	4	23/2	23/2	0.5		5/8	5/8	Chord	3/4	1	2	1/8		1/8	1	42									
4	4	19/2	19/2	0.5		1/8	1/8	Chord	3/4	2	1	1/8		1/8	1	43									
4	4	10	10	0.5		1/4	1/4	Chord	3/4	2	1	1/8		1/8	1	44									
4	4	21/2	21/2	0.5		3/8	3/8	Chord	3/4	2	1	1/8		1/8	1	45									
4	4	11	11	0.5		1/2	1/2	Chord	3/4	2	1	1/8		1/8	1	46									
4	4	23/2	23/2	0.5		5/8	5/8	Chord	3/4	2	1	1/8		1/8	1	47									
5	5	12	12	0.0		0	0	Chord	3/4	1	1	0	grace32	1/32	1	48									
5	5	12	12	0.25		0	0	Chord	3/4	1	1	1/16		1/16	1	49		ornamentShortTrill							
5	5	49/4	49/4	0.25		1/16	1/16	Chord	3/4	1	1	1/16		1/16	1	50									
5	5	25/2	25/2	0.25		1/8	1/8	Chord	3/4	1	1	1/16		1/16	1	51									
5	5	51/4	51/4	0.25		3/16	3/16	Chord	3/4	1	1	1/16		1/16	1	52									
5	5	13	13	1.0		1/4	1/4	Chord	3/4	1	1	1/4		1/4	1	53		articStaccatoAbove							
5	5	12	12	0.5		0	0	Chord	3/4	2	1	1/8		1/8	1	54									
5	5	25/2	25/2	0.5		1/8	1/8	Chord	3/4	2	1	1/8		1/8	1	55									
5	5	13	13	0.5		1/4	1/4	Chord	3/4	2	1	1/8		1/8	1	56									
5	5	27/2	27/2	0.5		3/8	3/8	Chord	3/4	2	1	1/8		1/8	1	57									
5	5	14	14	0.5		1/2	1/2	Chord	3/4	2	1	1/8		1/8	1	58									
5	5	29/2	29/2	0.5		5/8	5/8	Chord	3/4	2	1	1/8		1/8	1	59									
6	6	15	15	0.0		0	0	Chord	3/4	1	1	0	grace32	1/32	1	60									
6	6	15	15	0.25		0	0	Chord	3/4	1	1	1/16		1/16	1	61		ornamentShortTrill							
6	6	61/4	61/4	0.25		1/16	1/16	Chord	3/4	1	1	1/16		1/16	1	62									
6	6	31/2	31/2	0.25		1/8	1/8	Chord	3/4	1	1	1/16		1/16	1	63									
6	6	63/4	63/4	0.25		3/16	3/16	Chord	3/4	1	1	1/16		1/16	1	64									
6	6	16	16	1.0		1/4	1/4	Chord	3/4	1	1	1/4		1/4	1	65		articStaccatoAbove							
6	6	15	15	0.5		0	0	Chord	3/4	2	1	1/8		1/8	1	66									
6	6	31/2	31/2	0.5		1/8	1/8	Chord	3/4	2	1	1/8		1/8	1	67									
6	6	16	16	0.5		1/4	1/4	Chord	3/4	2	1	1/8		1/8	1	68									
6	6	33/2	33/2	0.5		3/8	3/8	Chord	3/4	2	1	1/8		1/8	1	69									
6	6	17	17	0.5		1/2	1/2	Chord	3/4	2	1	1/8		1/8	1	70									
6	6	35/2	35/2	0.5		5/8	5/8	Chord	3/4	2	1	1/8		1/8	1	71									
7	7	18	18	0.0		0	0	Chord	3/4	1	1	0	grace32	1/32	1	72									
7	7	18	18	0.25		0	0	Chord	3/4	1	1	1/16		1/16	1	73		ornamentShortTrill							
7	7	73/4	73/4	0.25		1/16	1/16	Chord	3/4	1	1	1/16		1/16	1	74									
7	7	37/2	37/2	0.5		1/8	1/8	Chord	3/4	1	1	1/8		1/8	1	75									
7	7	77/4	77/4	0.25		5/16	5/16	Chord	3/4	1	1	1/16		1/16	1	76									
7	7	39/2	39/2	0.25		3/8	3/8	Chord	3/4	1	1	1/16		1/16	1	77									
7	7	79/4	79/4	0.25		7/16	7/16	Chord	3/4	1	1	1/16		1/16	1	78									
7	7	20	20	0.25		1/2	1/2	Chord	3/4	1	1	1/16		1/16	1	79									
7	7	81/4	81/4	0.25		9/16	9/16	Chord	3/4	1	1	1/16		1/16	1	80									
7	7	41/2	41/2	0.25		5/8	5/8	Chord	3/4	1	1	1/16		1/16	1	81									
7	7	83/4	83/4	0.25		11/16	11/16	Chord	3/4	1	1	1/16		1/16	1	82									
7	7	18	18	0.75		0	0	Chord	3/4	2	1	3/16		1/8	3/2	83									
7	7	75/4	75/4	0.25		3/16	3/16	Chord	3/4	2	1	1/16		1/16	1	84									
7	7	19	19	1.0		1/4	1/4	Chord	3/4	2	1	1/4		1/4	1	85									
8	8	21	21	0.0		0	0	Chord	3/4	1	1	0	grace32	1/32	1	86									
8	8	21	21	0.25		0	0	Chord	3/4	1	1	1/16		1/16	1	87		ornamentShortTrill							
8	8	85/4	85/4	0.25		1/16	1/16	Chord	3/4	1	1	1/16		1/16	1	88									
8	8	43/2	43/2	0.5		1/8	1/8	Chord	3/4	1	1	1/8		1/8	1	89									
8	8	89/4	89/4	0.25		5/16	5/16	Chord	3/4	1	1	1/16		1/16	1	90									
8	8	45/2	45/2	0.25		3/8	3/8	Chord	3/4	1	1	1/16		1/16	1	91									
8	8	91/4	91/4	0.25		7/16	7/16	Chord	3/4	1	1	1/16		1/16	1	92									
8	8	23	23	0.25		1/2	1/2	Chord	3/4	1	1	1/16		1/16	1	93									
8	8	93/4	93/4	0.25		9/16	9/16	Chord	3/4	1	1	1/16		1/16	1	94									
8	8	47/2	47/2	0.25		5/8	5/8	Chord	3/4	1	1	1/16		1/16	1	95									
8	8	95/4	95/4	0.25		11/16	11/16	Chord	3/4	1	1	1/16		1/16	1	96									
8	8	21	21	0.75		0	0	Chord	3/4	2	1	3/16		1/8	3/2	97									
8	8	87/4	87/4	0.25		3/16	3/16	Chord	3/4	2	1	1/16		1/16	1	98									
8	8	22	22	1.0		1/4	1/4	Chord	3/4	2	1	1/4		1/4	1	99									
9	9	24	24	0.25		0	0	Chord	3/4	1	1	1/16		1/16	1	100									
9	9	97/4	97/4	0.25		1/16	1/16	Chord	3/4	1	1	1/16		1/16	1	101									
9	9	49/2	49/2	0.25		1/8	1/8	Chord	3/4	1	1	1/16		1/16	1	102									
9	9	99/4	99/4	0.25		3/16	3/16	Chord	3/4	1	1	1/16		1/16	1	103									
9	9	25	25	1.0		1/4	1/4	Chord	3/4	1	1	1/4		1/4	1	104									
9	9	26	26	1.0		1/2	1/2	Chord	3/4	1	1	1/4		1/4	1	105									
9	9	25	25	1.0		1/4	1/4	Chord	3/4	1	2	1/4		1/4	1	106									
9	9	26	26	1.0		1/2	1/2	Chord	3/4	1	2	1/4		1/4	1	107									
9	9	24	24	0.5		0	0	Chord	3/4	2	1	1/8		1/8	1	108									
9	9	49/2	49/2	0.5		1/8	1/8	Chord	3/4	2	1	1/8		1/8	1	109									
9	9	101/4	101/4	0.25		5/16	5/16	Chord	3/4	2	1	1/16		1/16	1	110									
9	9	51/2	51/2	0.25		3/8	3/8	Chord	3/4	2	1	1/16		1/16	1	111									
9	9	103/4	103/4	0.25		7/16	7/16	Chord	3/4	2	1	1/16		1/16	1	112									
9	9	105/4	105/4	0.25		9/16	9/16	Chord	3/4	2	1	1/16		1/16	1	113									
9	9	53/2	53/2	0.25		5/8	5/8	Chord	3/4	2	1	1/16		1/16	1	114									
9	9	107/4	107/4	0.25		11/16	11/16	Chord	3/4	2	1	1/16		1/16	1	115									
10	10	27	27	0.0		0	0	Chord	3/4	1	1	0	appoggiatura	1/8	1	116									
10	10	27	27	1.0		0	0	Chord	3/4	1	1	1/4		1/4	1	117									
10	10	28	28	1.0		1/4	1/4	Chord	3/4	1	1	1/4		1/4	1	118									
10	10	27	27	1.0		0	0	Chord	3/4	1	2	1/4		1/4	1	119									
10	10	28	28	1.0		1/4	1/4	Chord	3/4	1	2	1/4		1/4	1	120									
10	10	27	27	1.0		0	0	Chord	3/4	2	1	1/4		1/4	1	121									
10	10	57/2	57/2	0.5		3/8	3/8	Chord	3/4	2	1	1/8		1/8	1	122									
10	10	29	29	0.5		1/2	1/2	Chord	3/4	2	1	1/8		1/8	1	123									
10	10	59/2	59/2	0.5		5/8	5/8	Chord	3/4	2	1	1/8		1/8	1	124									
11	11	30	30	0.0		0	0	Dynamic	3/4	1	1	0					p								
11	11	30	30	0.25		0	0	Chord	3/4	1	1	1/16		1/16	1	125		ornamentShortTrill							
11	11	121/4	121/4	0.25		1/16	1/16	Chord	3/4	1	1	1/16		1/16	1	126									
11	11	61/2	61/2	0.25		1/8	1/8	Chord	3/4	1	1	1/16		1/16	1	127									
11	11	123/4	123/4	0.25		3/16	3/16	Chord	3/4	1	1	1/16		1/16	1	128									
11	11	31	31	1.0		1/4	1/4	Chord	3/4	1	1	1/4		1/4	1	129		articStaccatoAbove							
11	11	30	30	0.0		0	0	Chord	3/4	1	2	0	grace32	1/32	1	130									
11	11	30	30	1.0		0	0	Chord	3/4	1	2	1/4		1/4	1	131									
11	11	31	31	1.0		1/4	1/4	Chord	3/4	1	2	1/4		1/4	1	132									
11	11	30	30	1.0		0	0	Chord	3/4	2	1	1/4		1/4	1	133									
11	11	63/2	63/2	0.5		3/8	3/8	Chord	3/4	2	1	1/8		1/8	1	134									
11	11	32	32	0.5		1/2	1/2	Chord	3/4	2	1	1/8		1/8	1	135									
11	11	65/2	65/2	0.5		5/8	5/8	Chord	3/4	2	1	1/8		1/8	1	136									
12	12	33	33	0.0		0	0	Chord	3/4	1	1	0	grace32	1/32	1	137									
12	12	33	33	0.25		0	0	Chord	3/4	1	1	1/16		1/16	1	138		ornamentShortTrill							
12	12	133/4	133/4	0.25		1/16	1/16	Chord	3/4	1	1	1/16		1/16	1	139									
12	12	67/2	67/2	0.25		1/8	1/8	Chord	3/4	1	1	1/16		1/16	1	140									
12	12	135/4	135/4	0.25		3/16	3/16	Chord	3/4	1	1	1/16		1/16	1	141									
12	12	34	34	1.0		1/4	1/4	Chord	3/4	1	1	1/4		1/4	1	142		articStaccatoAbove							
12	12	33	33	1.0		0	0	Chord	3/4	1	2	1/4		1/4	1	143									
12	12	34	34	1.0		1/4	1/4	Chord	3/4	1	2	1/4		1/4	1	144									
12	12	33	33	1.0		0	0	Chord	3/4	2	1	1/4		1/4	1	145									
12	12	69/2	69/2	0.5		3/8	3/8	Chord	3/4	2	1	1/8		1/8	1	146									
12	12	35	35	0.5		1/2	1/2	Chord	3/4	2	1	1/8		1/8	1	147									
12	12	71/2	71/2	0.5		5/8	5/8	Chord	3/4	2	1	1/8		1/8	1	148									
13	13	36	36	0.0		0	0	Chord	3/4	1	1	0	grace32	1/32	1	149									
13	13	36	36	0.25		0	0	Chord	3/4	1	1	1/16		1/16	1	150		ornamentShortTrill							
13	13	145/4	145/4	0.25		1/16	1/16	Chord	3/4	1	1	1/16		1/16	1	151									
13	13	73/2	73/2	0.25		1/8	1/8	Chord	3/4	1	1	1/16		1/16	1	152									
13	13	147/4	147/4	0.25		3/16	3/16	Chord	3/4	1	1	1/16		1/16	1	153									
13	13	37	37	1.0		1/4	1/4	Chord	3/4	1	1	1/4		1/4	1	154		articStaccatoAbove							
13	13	36	36	1.0		0	0	Chord	3/4	2	1	1/4		1/4	1	155									
13	13	75/2	75/2	0.5		3/8	3/8	Chord	3/4	2	1	1/8		1/8	1	156									
13	13	38	38	0.5		1/2	1/2	Chord	3/4	2	1	1/8		1/8	1	157									
13	13	77/2	77/2	0.5		5/8	5/8	Chord	3/4	2	1	1/8		1/8	1	158									
13	13	36	36	1.0		0	0	Chord	3/4	2	2	1/4		1/4	1	159									
13	13	75/2	75/2	0.5		3/8	3/8	Chord	3/4	2	2	1/8		1/8	1	160									
13	13	38	38	0.5		1/2	1/2	Chord	3/4	2	2	1/8		1/8	1	161									
13	13	77/2	77/2	0.5		5/8	5/8	Chord	3/4	2	2	1/8		1/8	1	162									
14	14	39	39	0.0		0	0	Chord	3/4	1	1	0	grace32	1/32	1	163									
14	14	39	39	0.25		0	0	Chord	3/4	1	1	1/16		1/16	1	164		ornamentShortTrill							
14	14	157/4	157/4	0.25		1/16	1/16	Chord	3/4	1	1	1/16		1/16	1	165									
14	14	79/2	79/2	0.25		1/8	1/8	Chord	3/4	1	1	1/16		1/16	1	166									
14	14	159/4	159/4	0.25		3/16	3/16	Chord	3/4	1	1	1/16		1/16	1	167									
14	14	40	40	1.0		1/4	1/4	Chord	3/4	1	1	1/4		1/4	1	168		articStaccatoAbove							
14	14	39	39	1.0		0	0	Chord	3/4	2	1	1/4		1/4	1	169									
14	14	81/2	81/2	0.5		3/8	3/8	Chord	3/4	2	1	1/8		1/8	1	170									
14	14	41	41	0.5		1/2	1/2	Chord	3/4	2	1	1/8		1/8	1	171									
14	14	83/2	83/2	0.5		5/8	5/8	Chord	3/4	2	1	1/8		1/8	1	172									
14	14	39	39	1.0		0	0	Chord	3/4	2	2	1/4		1/4	1	173									
14	14	81/2	81/2	0.5		3/8	3/8	Chord	3/4	2	2	1/8		1/8	1	174									
14	14	41	41	0.5		1/2	1/2	Chord	3/4	2	2	1/8		1/8	1	175									
14	14	83/2	83/2	0.5		5/8	5/8	Chord	3/4	2	2	1/8		1/8	1	176									
15	15	42	42	0.0		0	0	Chord	3/4	1	1	0	grace32	1/32	1	177									
15	15	42	42	0.25		0	0	Chord	3/4	1	1	1/16		1/16	1	178		ornamentShortTrill							
15	15	169/4	169/4	0.25		1/16	1/16	Chord	3/4	1	1	1/16		1/16	1	179									
15	15	85/2	85/2	0.25		1/8	1/8	Chord	3/4	1	1	1/16		1/16	1	180									
15	15	171/4	171/4	0.25		3/16	3/16	Chord	3/4	1	1	1/16		1/16	1	181									
15	15	43	43	1.0		1/4	1/4	Chord	3/4	1	1	1/4		1/4	1	182		articStaccatoAbove							
15	15	87/2	87/2	0.5		3/8	3/8	Chord	3/4	1	2	1/8		1/8	1	183									
15	15	44	44	0.5		1/2	1/2	Chord	3/4	1	2	1/8		1/8	1	184									
15	15	89/2	89/2	0.5		5/8	5/8	Chord	3/4	1	2	1/8		1/8	1	185									
15	15	42	42	1.0		0	0	Chord	3/4	2	1	1/4		1/4	1	186									
15	15	87/2	87/2	0.5		3/8	3/8	Chord	3/4	2	1	1/8		1/8	1	187									
15	15	44	44	0.5		1/2	1/2	Chord	3/4	2	1	1/8		1/8	1	188									
15	15	89/2	89/2	0.5		5/8	5/8	Chord	3/4	2	1	1/8		1/8	1	189									
15	15	42	42	1.0		0	0	Chord	3/4	2	2	1/4		1/4	1	190									
16	16	45	45	0.0		0	0	Chord	3/4	1	1	0	grace32	1/32	1	191									
16	16	45	45	0.25		0	0	Chord	3/4	1	1	1/16		1/16	1	192		ornamentShortTrill							
16	16	181/4	181/4	0.25		1/16	1/16	Chord	3/4	1	1	1/16		1/16	1	193									
16	16	91/2	91/2	0.25		1/8	1/8	Chord	3/4	1	1	1/16		1/16	1	194									
16	16	183/4	183/4	0.25		3/16	3/16	Chord	3/4	1	1	1/16		1/16	1	195									
16	16	46	46	0.5		1/4	1/4	Chord	3/4	1	1	1/8		1/8	1	196									
16	16	187/4	187/4	0.25		7/16	7/16	Chord	3/4	1	1	1/16		1/16	1	197									
16	16	47	47	0.0		1/2	1/2	Chord	3/4	1	1	0	appoggiatura	1/8	1	198									
16	16	47	47	1.0		1/2	1/2	Chord	3/4	1	1	1/4		1/4	1	199									
16	16	45	45	1.0		0	0	Chord	3/4	1	2	1/4		1/4	1	200									
16	16	93/2	93/2	0.5		3/8	3/8	Chord	3/4	1	2	1/8		1/8	1	201									
16	16	47	47	0.5		1/2	1/2	Chord	3/4	1	2	1/8		1/8	1	202									
16	16	95/2	95/2	0.5		5/8	5/8	Chord	3/4	1	2	1/8		1/8	1	203									
16	16	45	45	1.0		0	0	Chord	3/4	2	1	1/4		1/4	1	204									
16	16	93/2	93/2	0.5		3/8	3/8	Chord	3/4	2	1	1/8		1/8	1	205									
16	16	47	47	0.5		1/2	1/2	Chord	3/4	2	1	1/8		1/8	1	206									
16	16	95/2	95/2	0.5		5/8	5/8	Chord	3/4	2	1	1/8		1/8	1	207									
17	17	193/4	193/4	0.25		1/16	1/16	Chord	3/4	1	1	1/16		1/16	1	208									
17	17	97/2	97/2	0.25		1/8	1/8	Chord	3/4	1	1	1/16		1/16	1	209									
17	17	195/4	195/4	0.25		3/16	3/16	Chord	3/4	1	1	1/16		1/16	1	210									
17	17	49	49	0.25		1/4	1/4	Chord	3/4	1	1	1/16		1/16	1	211									
17	17	197/4	197/4	0.25		5/16	5/16	Chord	3/4	1	1	1/16		1/16	1	212									
17	17	99/2	99/2	0.25		3/8	3/8	Chord	3/4	1	1	1/16		1/16	1	213									
17	17	199/4	199/4	0.25		7/16	7/16	Chord	3/4	1	1	1/16		1/16	1	214									
17	17	50	50	0.25		1/2	1/2	Chord	3/4	1	1	1/16		1/16	1	215									
17	17	201/4	201/4	0.25		9/16	9/16	Chord	3/4	1	1	1/16		1/16	1	216									
17	17	101/2	101/2	0.25		5/8	5/8	Chord	3/4	1	1	1/16		1/16	1	217									
17	17	203/4	203/4	0.25		11/16	11/16	Chord	3/4	1	1	1/16		1/16	1	218									
17	17	48	48	0.0		0	0	Dynamic	3/4	1	2	0					f								
17	17	48	48	1.0		0	0	Chord	3/4	1	2	1/4		1/4	1	219									
17	17	49	49	1.0		1/4	1/4	Chord	3/4	1	2	1/4		1/4	1	220									
17	17	48	48	1.0		0	0	Chord	3/4	2	1	1/4		1/4	1	221									
17	17	49	49	1.0		1/4	1/4	Chord	3/4	2	1	1/4		1/4	1	222									
18	18	205/4	205/4	0.25		1/16	1/16	Chord	3/4	1	1	1/16		1/16	1	223									
18	18	103/2	103/2	0.25		1/8	1/8	Chord	3/4	1	1	1/16		1/16	1	224									
18	18	207/4	207/4	0.25		3/16	3/16	Chord	3/4	1	1	1/16		1/16	1	225									
18	18	52	52	0.25		1/4	1/4	Chord	3/4	1	1	1/16		1/16	1	226									
18	18	209/4	209/4	0.25		5/16	5/16	Chord	3/4	1	1	1/16		1/16	1	227									
18	18	105/2	105/2	0.25		3/8	3/8	Chord	3/4	1	1	1/16		1/16	1	228									
18	18	211/4	211/4	0.25		7/16	7/16	Chord	3/4	1	1	1/16		1/16	1	229									
18	18	53	53	0.25		1/2	1/2	Chord	3/4	1	1	1/16		1/16	1	230									
18	18	213/4	213/4	0.25		9/16	9/16	Chord	3/4	1	1	1/16		1/16	1	231									
18	18	107/2	107/2	0.25		5/8	5/8	Chord	3/4	1	1	1/16		1/16	1	232									
18	18	215/4	215/4	0.25		11/16	11/16	Chord	3/4	1	1	1/16		1/16	1	233									
18	18	51	51	1.0		0	0	Chord	3/4	2	1	1/4		1/4	1	234									
18	18	52	52	1.0		1/4	1/4	Chord	3/4	2	1	1/4		1/4	1	235									
18	18	51	51	1.0		0	0	Chord	3/4	2	2	1/4		1/4	1	236									
18	18	52	52	1.0		1/4	1/4	Chord	3/4	2	2	1/4		1/4	1	237									
19	19	54	54	0.25		0	0	Chord	3/4	1	1	1/16		1/16	1	238									
19	19	217/4	217/4	0.25		1/16	1/16	Chord	3/4	1	1	1/16		1/16	1	239									
19	19	109/2	109/2	0.25		1/8	1/8	Chord	3/4	1	1	1/16		1/16	1	240									
19	19	219/4	219/4	0.25		3/16	3/16	Chord	3/4	1	1	1/16		1/16	1	241									
19	19	55	55	0.25		1/4	1/4	Chord	3/4	1	1	1/16		1/16	1	242									
19	19	221/4	221/4	0.25		5/16	5/16	Chord	3/4	1	1	1/16		1/16	1	243									
19	19	111/2	111/2	0.25		3/8	3/8	Chord	3/4	1	1	1/16		1/16	1	244									
19	19	223/4	223/4	0.25		7/16	7/16	Chord	3/4	1	1	1/16		1/16	1	245									
19	19	56	56	0.25		1/2	1/2	Chord	3/4	1	1	1/16		1/16	1	246									
19	19	225/4	225/4	0.25		9/16	9/16	Chord	3/4	1	1	1/16		1/16	1	247									
19	19	113/2	113/2	0.25		5/8	5/8	Chord	3/4	1	1	1/16		1/16	1	248									
19	19	227/4	227/4	0.25		11/16	11/16	Chord	3/4	1	1	1/16		1/16	1	249									
19	19	54	54	0.5		0	0	Chord	3/4	2	1	1/8		1/8	1	250									
19	19	54	54	0.5		0	0	Chord	3/4	2	2	1/8		1/8	1	251									
19	19	109/2	109/2	0.5		1/8	1/8	Chord	3/4	2	2	1/8		1/8	1	252									
20	20	57	57	0.25		0	0	Chord	3/4	1	1	1/16		1/16	1	253									
20	20	229/4	229/4	0.25		1/16	1/16	Chord	3/4	1	1	1/16		1/16	1	254									
20	20	115/2	115/2	0.25		1/8	1/8	Chord	3/4	1	1	1/16		1/16	1	255									
20	20	231/4	231/4	0.25		3/16	3/16	Chord	3/4	1	1	1/16		1/16	1	256									
20	20	58	58	0.25		1/4	1/4	Chord	3/4	1	1	1/16		1/16	1	257									
20	20	233/4	233/4	0.25		5/16	5/16	Chord	3/4	1	1	1/16		1/16	1	258									
20	20	117/2	117/2	0.25		3/8	3/8	Chord	3/4	1	1	1/16		1/16	1	259									
20	20	235/4	235/4	0.25		7/16	7/16	Chord	3/4	1	1	1/16		1/16	1	260									
20	20	59	59	0.75		1/2	1/2	Chord	3/4	1	1	3/16		1/8	3/2	261									
20	20	239/4	239/4	0.25		11/16	11/16	Chord	3/4	1	1	1/16		1/16	1	262									
20	20	57	57	0.5		0	0	Chord	3/4	2	1	1/8		1/8	1	263									
20	20	115/2	115/2	0.5		1/8	1/8	Chord	3/4	2	1	1/8		1/8	1	264									
20	20	237/4	237/4	0.25		9/16	9/16	Chord	3/4	2	1	1/16		1/16	1	265									
20	20	119/2	119/2	0.25		5/8	5/8	Chord	3/4	2	1	1/16		1/16	1	266									
20	20	239/4	239/4	0.25		11/16	11/16	Chord	3/4	2	1	1/16		1/16	1	267									
21	21	60	60	0.0		0	0	Chord	3/4	1	1	0	grace32	1/32	1	268									
21	21	60	60	0.25		0	0	Chord	3/4	1	1	1/16		1/16	1	269		ornamentShortTrill							
21	21	241/4	241/4	0.25		1/16	1/16	Chord	3/4	1	1	1/16		1/16	1	270									
21	21	121/2	121/2	0.25		1/8	1/8	Chord	3/4	1	1	1/16		1/16	1	271									
21	21	243/4	243/4	0.25		3/16	3/16	Chord	3/4	1	1	1/16		1/16	1	272									
21	21	61	61	0.0		1/4	1/4	Chord	3/4	1	1	0	grace32	1/32	1	273									
21	21	61	61	0.25		1/4	1/4	Chord	3/4	1	1	1/16		1/16	1	274		ornamentShortTrill							
21	21	245/4	245/4	0.25		5/16	5/16	Chord	3/4	1	1	1/16		1/16	1	275									
21	21	123/2	123/2	0.25		3/8	3/8	Chord	3/4	1	1	1/16		1/16	1	276									
21	21	247/4	247/4	0.25		7/16	7/16	Chord	3/4	1	1	1/16		1/16	1	277									
21	21	62	62	0.0		1/2	1/2	Chord	3/4	1	1	0	grace32	1/32	1	278									
21	21	62	62	0.25		1/2	1/2	Chord	3/4	1	1	1/16		1/16	1	279		ornamentShortTrill							
21	21	249/4	249/4	0.25		9/16	9/16	Chord	3/4	1	1	1/16		1/16	1	280									
21	21	125/2	125/2	0.25		5/8	5/8	Chord	3/4	1	1	1/16		1/16	1	281									
21	21	251/4	251/4	0.25		11/16	11/16	Chord	3/4	1	1	1/16		1/16	1	282									
21	21	60	60	1.0		0	0	Chord	3/4	2	1	1/4		1/4	1	283									
21	21	61	61	1.0		1/4	1/4	Chord	3/4	2	1	1/4		1/4	1	284									
21	21	62	62	1.0		1/2	1/2	Chord	3/4	2	1	1/4		1/4	1	285									
22	22	63	63	0.0		0	0	Chord	3/4	1	1	0	grace32	1/32	1	286									
22	22	63	63	0.25		0	0	Chord	3/4	1	1	1/16		1/16	1	287		ornamentShortTrill							
22	22	253/4	253/4	0.25		1/16	1/16	Chord	3/4	1	1	1/16		1/16	1	288									
22	22	127/2	127/2	0.25		1/8	1/8	Chord	3/4	1	1	1/16		1/16	1	289									
22	22	255/4	255/4	0.25		3/16	3/16	Chord	3/4	1	1	1/16		1/16	1	290									
22	22	64	64	1.0		1/4	1/4	Chord	3/4	1	1	1/4		1/4	1	291									
22	22	131/2	131/2	0.5		5/8	5/8	Chord	3/4	1	1	1/8		1/8	1	292									
22	22	63	63	1.0		0	0	Chord	3/4	2	1	1/4		1/4	1	293									
22	22	257/4	257/4	0.25		5/16	5/16	Chord	3/4	2	1	1/16		1/16	1	294									
22	22	129/2	129/2	0.25		3/8	3/8	Chord	3/4	2	1	1/16		1/16	1	295									
22	22	259/4	259/4	0.25		7/16	7/16	Chord	3/4	2	1	1/16		1/16	1	296									
22	22	65	65	0.25		1/2	1/2	Chord	3/4	2	1	1/16		1/16	1	297									
22	22	261/4	261/4	0.25		9/16	9/16	Chord	3/4	2	1	1/16		1/16	1	298									
22	22	131/2	131/2	0.25		5/8	5/8	Chord	3/4	2	1	1/16		1/16	1	299									
22	22	263/4	263/4	0.25		11/16	11/16	Chord	3/4	2	1	1/16		1/16	1	300									
23	23	66	66	0.25		0	0	Chord	3/4	1	1	1/16		1/16	1	301									
23	23	265/4	265/4	0.25		1/16	1/16	Chord	3/4	1	1	1/16		1/16	1	302									
23	23	133/2	133/2	0.25		1/8	1/8	Chord	3/4	1	1	1/16		1/16	1	303									
23	23	267/4	267/4	0.25		3/16	3/16	Chord	3/4	1	1	1/16		1/16	1	304									
23	23	67	67	1.0		1/4	1/4	Chord	3/4	1	1	1/4		1/4	1	305									
23	23	68	68	1.0		1/2	1/2	Chord	3/4	1	1	1/4		1/4	1	306		ornamentShortTrill							
23	23	66	66	1.0		0	0	Chord	3/4	2	1	1/4		1/4	1	307									
23	23	67	67	1.0		1/4	1/4	Chord	3/4	2	1	1/4		1/4	1	308									
23	23	68	68	1.0		1/2	1/2	Chord	3/4	2	1	1/4		1/4	1	309									
24	24		69	2.0	1	0	0	Chord	3/4	1	1	1/2		1/2	1	310									
24	24		69	0.5	1	0	0	Chord	3/4	2	1	1/8		1/8	1	311									
24	24		139/2	0.25	1	1/8	1/8	Chord	3/4	2	1	1/16		1/16	1	312									
24	24		279/4	0.25	1	3/16	3/16	Chord	3/4	2	1	1/16		1/16	1	313									
24	24		70	0.5	1	1/4	1/4	Chord	3/4	2	1	1/8		1/8	1	314									
24	24		141/2	0.5	1	3/8	3/8	Chord	3/4	2	1	1/8		1/8	1	315									
24	24		71	0.5	1	1/2	1/2	Chord	3/4	2	1	1/8		1/8	1	316									
24	24		143/2	0.5	1	5/8	5/8	Chord	3/4	2	1	1/8		1/8	1	317									
25	24	69	72	2.0	2	0	0	Chord	3/4	1	1	1/2		1/2	1	318									
25	24	69	72	0.5	2	0	0	Chord	3/4	2	1	1/8		1/8	1	319									
25	24	139/2	145/2	0.25	2	1/8	1/8	Chord	3/4	2	1	1/16		1/16	1	320									
25	24	279/4	291/4	0.25	2	3/16	3/16	Chord	3/4	2	1	1/16		1/16	1	321									
25	24	70	73	0.5	2	1/4	1/4	Chord	3/4	2	1	1/8		1/8	1	322									
25	24	141/2	147/2	0.5	2	3/8	3/8	Chord	3/4	2	1	1/8		1/8	1	323									
25	24	71	74	0.5	2	1/2	1/2	Chord	3/4	2	1	1/8		1/8	1	324									
25	24	143/2	149/2	0.5	2	5/8	5/8	Chord	3/4	2	1	1/8		1/8	1	325									
26	25	74	77	1.0		1/2	1/2	Chord	3/4	1	1	1/4		1/4	1	326									
26	25	72	75	0.0		0	0	Dynamic	3/4	1	2	0					p								
26	25	72	75	0.25		0	0	Chord	3/4	1	2	1/16		1/16	1	327									
26	25	289/4	301/4	0.25		1/16	1/16	Chord	3/4	1	2	1/16		1/16	1	328									
26	25	145/2	151/2	0.25		1/8	1/8	Chord	3/4	1	2	1/16		1/16	1	329									
26	25	291/4	303/4	0.25		3/16	3/16	Chord	3/4	1	2	1/16		1/16	1	330									
26	25	73	76	0.5		1/4	1/4	Chord	3/4	1	2	1/8		1/8	1	331									
26	25	147/2	153/2	0.5		3/8	3/8	Chord	3/4	1	2	1/8		1/8	1	332									
26	25	74	77	0.5		1/2	1/2	Chord	3/4	1	2	1/8		1/8	1	333									
26	25	149/2	155/2	0.5		5/8	5/8	Chord	3/4	1	2	1/8		1/8	1	334									
26	25	72	75	1.0		0	0	Chord	3/4	2	1	1/4		1/4	1	335									
26	25	147/2	153/2	0.5		3/8	3/8	Chord	3/4	2	1	1/8		1/8	1	336									
26	25	74	77	0.5		1/2	1/2	Chord	3/4	2	1	1/8		1/8	1	337									
26	25	149/2	155/2	0.5		5/8	5/8	Chord	3/4	2	1	1/8		1/8	1	338									
27	26	76	79	1.0		1/4	1/4	Chord	3/4	1	1	1/4		1/4	1	339									
27	26	77	80	1.0		1/2	1/2	Chord	3/4	1	1	1/4		1/4	1	340									
27	26	75	78	1.0		0	0	Chord	3/4	1	2	1/4		1/4	1	341									3
27	26	76	79	0.5		1/4	1/4	Chord	3/4	1	2	1/8		1/8	1	342									
27	26	153/2	159/2	0.5		3/8	3/8	Chord	3/4	1	2	1/8		1/8	1	343									
27	26	77	80	0.5		1/2	1/2	Chord	3/4	1	2	1/8		1/8	1	344									
27	26	155/2	161/2	0.5		5/8	5/8	Chord	3/4	1	2	1/8		1/8	1	345									
27	26	151/2	157/2	0.5		1/8	1/8	Chord	3/4	2	1	1/8		1/8	1	346									
27	26	76	79	0.5		1/4	1/4	Chord	3/4	2	1	1/8		1/8	1	347									
27	26	153/2	159/2	0.5		3/8	3/8	Chord	3/4	2	1	1/8		1/8	1	348									
27	26	77	80	0.5		1/2	1/2	Chord	3/4	2	1	1/8		1/8	1	349									
27	26	155/2	161/2	0.5		5/8	5/8	Chord	3/4	2	1	1/8		1/8	1	350									
28	27	80	83	1.0		1/2	1/2	Chord	3/4	1	1	1/4		1/4	1	351									
28	27	78	81	1.0		0	0	Chord	3/4	1	2	1/4		1/4	1	352									4
28	27	79	82	0.5		1/4	1/4	Chord	3/4	1	2	1/8		1/8	1	353									
28	27	159/2	165/2	0.5		3/8	3/8	Chord	3/4	1	2	1/8		1/8	1	354									
28	27	80	83	0.5		1/2	1/2	Chord	3/4	1	2	1/8		1/8	1	355									
28	27	161/2	167/2	0.5		5/8	5/8	Chord	3/4	1	2	1/8		1/8	1	356									
28	27	157/2	163/2	0.5		1/8	1/8	Chord	3/4	2	1	1/8		1/8	1	357									
28	27	79	82	0.5		1/4	1/4	Chord	3/4	2	1	1/8		1/8	1	358									
28	27	159/2	165/2	0.5		3/8	3/8	Chord	3/4	2	1	1/8		1/8	1	359									
28	27	80	83	0.5		1/2	1/2	Chord	3/4	2	1	1/8		1/8	1	360									
28	27	161/2	167/2	0.5		5/8	5/8	Chord	3/4	2	1	1/8		1/8	1	361									
29	28	82	85	1.0		1/4	1/4	Chord	3/4	1	1	1/4		1/4	1	362									
29	28	83	86	1.0		1/2	1/2	Chord	3/4	1	1	1/4		1/4	1	363									
29	28	81	84	1.0		0	0	Chord	3/4	1	2	1/4		1/4	1	364									5
29	28	82	85	0.5		1/4	1/4	Chord	3/4	1	2	1/8		1/8	1	365									
29	28	165/2	171/2	0.5		3/8	3/8	Chord	3/4	1	2	1/8		1/8	1	366									
29	28	83	86	0.5		1/2	1/2	Chord	3/4	1	2	1/8		1/8	1	367									
29	28	167/2	173/2	0.5		5/8	5/8	Chord	3/4	1	2	1/8		1/8	1	368									
29	28	163/2	169/2	0.5		1/8	1/8	Chord	3/4	2	1	1/8		1/8	1	369									
29	28	82	85	0.5		1/4	1/4	Chord	3/4	2	1	1/8		1/8	1	370									
29	28	165/2	171/2	0.5		3/8	3/8	Chord	3/4	2	1	1/8		1/8	1	371									
29	28	83	86	0.5		1/2	1/2	Chord	3/4	2	1	1/8		1/8	1	372									
29	28	167/2	173/2	0.5		5/8	5/8	Chord	3/4	2	1	1/8		1/8	1	373									
30	29	84	87	0.0		0	0	Chord	3/4	1	1	0	grace32	1/32	1	374									
30	29	84	87	0.25		0	0	Chord	3/4	1	1	1/16		1/16	1	375		ornamentShortTrill							
30	29	337/4	349/4	0.25		1/16	1/16	Chord	3/4	1	1	1/16		1/16	1	376									
30	29	169/2	175/2	0.25		1/8	1/8	Chord	3/4	1	1	1/16		1/16	1	377									
30	29	339/4	351/4	0.25		3/16	3/16	Chord	3/4	1	1	1/16		1/16	1	378									
30	29	85	88	1.0		1/4	1/4	Chord	3/4	1	1	1/4		1/4	1	379		articStaccatoAbove							
30	29	84	87	0.5		0	0	Chord	3/4	2	1	1/8		1/8	1	380									
30	29	169/2	175/2	0.5		1/8	1/8	Chord	3/4	2	1	1/8		1/8	1	381									
30	29	85	88	0.5		1/4	1/4	Chord	3/4	2	1	1/8		1/8	1	382									
30	29	171/2	177/2	0.5		3/8	3/8	Chord	3/4	2	1	1/8		1/8	1	383									
30	29	86	89	0.5		1/2	1/2	Chord	3/4	2	1	1/8		1/8	1	384									
30	29	173/2	179/2	0.5		5/8	5/8	Chord	3/4	2	1	1/8		1/8	1	385									
31	30	87	90	0.0		0	0	Chord	3/4	1	1	0	grace32	1/32	1	386									
31	30	87	90	0.25		0	0	Chord	3/4	1	1	1/16		1/16	1	387									
31	30	349/4	361/4	0.25		1/16	1/16	Chord	3/4	1	1	1/16		1/16	1	388									
31	30	175/2	181/2	0.25		1/8	1/8	Chord	3/4	1	1	1/16		1/16	1	389									
31	30	351/4	363/4	0.25		3/16	3/16	Chord	3/4	1	1	1/16		1/16	1	390									
31	30	88	91	1.0		1/4	1/4	Chord	3/4	1	1	1/4		1/4	1	391		articStaccatoAbove							
31	30	87	90	0.5		0	0	Chord	3/4	2	1	1/8		1/8	1	392									
31	30	175/2	181/2	0.5		1/8	1/8	Chord	3/4	2	1	1/8		1/8	1	393									
31	30	88	91	0.5		1/4	1/4	Chord	3/4	2	1	1/8		1/8	1	394									
31	30	177/2	183/2	0.5		3/8	3/8	Chord	3/4	2	1	1/8		1/8	1	395									
31	30	89	92	0.5		1/2	1/2	Chord	3/4	2	1	1/8		1/8	1	396									
31	30	179/2	185/2	0.5		5/8	5/8	Chord	3/4	2	1	1/8		1/8	1	397									
32	31	90	93	0.0		0	0	Chord	3/4	1	1	0	grace32	1/32	1	398									
32	31	90	93	0.25		0	0	Chord	3/4	1	1	1/16		1/16	1	399		ornamentShortTrill							
32	31	361/4	373/4	0.25		1/16	1/16	Chord	3/4	1	1	1/16		1/16	1	400									
32	31	181/2	187/2	0.5		1/8	1/8	Chord	3/4	1	1	1/8		1/8	1	401									
32	31	365/4	377/4	0.25		5/16	5/16	Chord	3/4	1	1	1/16		1/16	1	402									
32	31	183/2	189/2	0.25		3/8	3/8	Chord	3/4	1	1	1/16		1/16	1	403									
32	31	367/4	379/4	0.25		7/16	7/16	Chord	3/4	1	1	1/16		1/16	1	404									
32	31	92	95	0.25		1/2	1/2	Chord	3/4	1	1	1/16		1/16	1	405									
32	31	369/4	381/4	0.25		9/16	9/16	Chord	3/4	1	1	1/16		1/16	1	406									
32	31	185/2	191/2	0.25		5/8	5/8	Chord	3/4	1	1	1/16		1/16	1	407									
32	31	371/4	383/4	0.25		11/16	11/16	Chord	3/4	1	1	1/16		1/16	1	408									
32	31	90	93	0.75		0	0	Chord	3/4	2	1	3/16		1/8	3/2	409									
32	31	363/4	375/4	0.25		3/16	3/16	Chord	3/4	2	1	1/16		1/16	1	410									
32	31	91	94	1.0		1/4	1/4	Chord	3/4	2	1	1/4		1/4	1	411									
33	32	93	96	0.0		0	0	Chord	3/4	1	1	0	grace32	1/32	1	412									
33	32	93	96	0.25		0	0	Chord	3/4	1	1	1/16		1/16	1	413		ornamentShortTrill							
33	32	373/4	385/4	0.25		1/16	1/16	Chord	3/4	1	1	1/16		1/16	1	414									
33	32	187/2	193/2	0.5		1/8	1/8	Chord	3/4	1	1	1/8		1/8	1	415									
33	32	377/4	389/4	0.25		5/16	5/16	Chord	3/4	1	1	1/16		1/16	1	416									
33	32	189/2	195/2	0.25		3/8	3/8	Chord	3/4	1	1	1/16		1/16	1	417									
33	32	379/4	391/4	0.25		7/16	7/16	Chord	3/4	1	1	1/16		1/16	1	418									
33	32	95	98	0.25		1/2	1/2	Chord	3/4	1	1	1/16		1/16	1	419									
33	32	381/4	393/4	0.25		9/16	9/16	Chord	3/4	1	1	1/16		1/16	1	420									
33	32	191/2	197/2	0.25		5/8	5/8	Chord	3/4	1	1	1/16		1/16	1	421									
33	32	383/4	395/4	0.25		11/16	11/16	Chord	3/4	1	1	1/16		1/16	1	422									
33	32	93	96	0.75		0	0	Chord	3/4	2	1	3/16		1/8	3/2	423									
33	32	375/4	387/4	0.25		3/16	3/16	Chord	3/4	2	1	1/16		1/16	1	424									
33	32	94	97	1.0		1/4	1/4	Chord	3/4	2	1	1/4		1/4	1	425									
34	33	96	99	0.25		0	0	Chord	3/4	1	1	1/16		1/16	1	426									
34	33	385/4	397/4	0.25		1/16	1/16	Chord	3/4	1	1	1/16		1/16	1	427									
34	33	193/2	199/2	0.25		1/8	1/8	Chord	3/4	1	1	1/16		1/16	1	428									
34	33	387/4	399/4	0.25		3/16	3/16	Chord	3/4	1	1	1/16		1/16	1	429									
34	33	97	100	0.25		1/4	1/4	Chord	3/4	1	1	1/16		1/16	1	430									
34	33	389/4	401/4	0.25		5/16	5/16	Chord	3/4	1	1	1/16		1/16	1	431									
34	33	195/2	201/2	0.25		3/8	3/8	Chord	3/4	1	1	1/16		1/16	1	432									
34	33	391/4	403/4	0.25		7/16	7/16	Chord	3/4	1	1	1/16		1/16	1	433									
34	33	98	101	0.5		1/2	1/2	Chord	3/4	1	1	1/8		1/8	1	434									
34	33	96	99	0.75		0	0	Chord	3/4	2	1	3/16		1/8	3/2	435									
34	33	387/4	399/4	0.25		3/16	3/16	Chord	3/4	2	1	1/16		1/16	1	436									
34	33	97	100	0.75		1/4	1/4	Chord	3/4	2	1	3/16		1/8	3/2	437									
34	33	391/4	403/4	0.25		7/16	7/16	Chord	3/4	2	1	1/16		1/16	1	438									
34	33	98	101	0.25		1/2	1/2	Chord	3/4	2	1	1/16		1/16	1	439									
34	33	393/4	405/4	0.25		9/16	9/16	Chord	3/4	2	1	1/16		1/16	1	440									
34	33	197/2	203/2	0.25		5/8	5/8	Chord	3/4	2	1	1/16		1/16	1	441									
34	33	395/4	407/4	0.25		11/16	11/16	Chord	3/4	2	1	1/16		1/16	1	442									
35	34	99	102	0.25		0	0	Chord	3/4	1	1	1/16		1/16	1	443									
35	34	397/4	409/4	0.25		1/16	1/16	Chord	3/4	1	1	1/16		1/16	1	444									
35	34	199/2	205/2	0.25		1/8	1/8	Chord	3/4	1	1	1/16		1/16	1	445									
35	34	399/4	411/4	0.25		3/16	3/16	Chord	3/4	1	1	1/16		1/16	1	446									
35	34	100	103	0.25		1/4	1/4	Chord	3/4	1	1	1/16		1/16	1	447									
35	34	401/4	413/4	0.25		5/16	5/16	Chord	3/4	1	1	1/16		1/16	1	448									
35	34	201/2	207/2	0.25		3/8	3/8	Chord	3/4	1	1	1/16		1/16	1	449									
35	34	403/4	415/4	0.25		7/16	7/16	Chord	3/4	1	1	1/16		1/16	1	450									
35	34	101	104	0.25		1/2	1/2	Chord	3/4	1	1	1/16		1/16	1	451									
35	34	405/4	417/4	0.25		9/16	9/16	Chord	3/4	1	1	1/16		1/16	1	452									
35	34	203/2	209/2	0.25		5/8	5/8	Chord	3/4	1	1	1/16		1/16	1	453									
35	34	407/4	419/4	0.25		11/16	11/16	Chord	3/4	1	1	1/16		1/16	1	454									
35	34	99	102	0.5		0	0	Chord	3/4	2	1	1/8		1/8	1	455									
35	34	199/2	205/2	0.5		1/8	1/8	Chord	3/4	2	1	1/8		1/8	1	456									
35	34	203/2	209/2	0.5		5/8	5/8	Chord	3/4	2	1	1/8		1/8	1	457									
36	35	104	107	1.0		1/2	1/2	Chord	3/4	1	1	1/4		1/4	1	458									
36	35	102	105	0.0		0	0	Dynamic	3/4	1	2	0					f								
36	35	102	105	0.25		0	0	Chord	3/4	1	2	1/16		1/16	1	459									
36	35	409/4	421/4	0.25		1/16	1/16	Chord	3/4	1	2	1/16		1/16	1	460									
36	35	205/2	211/2	0.25		1/8	1/8	Chord	3/4	1	2	1/16		1/16	1	461									
36	35	411/4	423/4	0.25		3/16	3/16	Chord	3/4	1	2	1/16		1/16	1	462									
36	35	103	106	0.5		1/4	1/4	Chord	3/4	1	2	1/8		1/8	1	463									
36	35	207/2	213/2	0.5		3/8	3/8	Chord	3/4	1	2	1/8		1/8	1	464									
36	35	104	107	0.5		1/2	1/2	Chord	3/4	1	2	1/8		1/8	1	465									
36	35	209/2	215/2	0.5		5/8	5/8	Chord	3/4	1	2	1/8		1/8	1	466									
36	35	102	105	0.5		0	0	Chord	3/4	2	1	1/8		1/8	1	467									
36	35	205/2	211/2	0.5		1/8	1/8	Chord	3/4	2	1	1/8		1/8	1	468									
36	35	207/2	213/2	0.5		3/8	3/8	Chord	3/4	2	1	1/8		1/8	1	469									
36	35	104	107	0.5		1/2	1/2	Chord	3/4	2	1	1/8		1/8	1	470									
36	35	209/2	215/2	0.5		5/8	5/8	Chord	3/4	2	1	1/8		1/8	1	471									
37	36	106	109	1.0		1/4	1/4	Chord	3/4	1	1	1/4		1/4	1	472									
37	36	107	110	1.0		1/2	1/2	Chord	3/4	1	1	1/4		1/4	1	473									
37	36	105	108	1.0		0	0	Chord	3/4	1	2	1/4		1/4	1	474									6
37	36	106	109	0.5		1/4	1/4	Chord	3/4	1	2	1/8		1/8	1	475									
37	36	213/2	219/2	0.5		3/8	3/8	Chord	3/4	1	2	1/8		1/8	1	476									
37	36	107	110	0.5		1/2	1/2	Chord	3/4	1	2	1/8		1/8	1	477									
37	36	215/2	221/2	0.5		5/8	5/8	Chord	3/4	1	2	1/8		1/8	1	478									
37	36	211/2	217/2	0.5		1/8	1/8	Chord	3/4	2	1	1/8		1/8	1	479									
37	36	106	109	0.5		1/4	1/4	Chord	3/4	2	1	1/8		1/8	1	480									
37	36	213/2	219/2	0.5		3/8	3/8	Chord	3/4	2	1	1/8		1/8	1	481									
37	36	107	110	0.5		1/2	1/2	Chord	3/4	2	1	1/8		1/8	1	482									
37	36	215/2	221/2	0.5		5/8	5/8	Chord	3/4	2	1	1/8		1/8	1	483									
38	37	110	113	1.0		1/2	1/2	Chord	3/4	1	1	1/4		1/4	1	484									
38	37	108	111	1.0		0	0	Chord	3/4	1	2	1/4		1/4	1	485									7
38	37	109	112	0.5		1/4	1/4	Chord	3/4	1	2	1/8		1/8	1	486									
38	37	219/2	225/2	0.5		3/8	3/8	Chord	3/4	1	2	1/8		1/8	1	487									
38	37	110	113	0.5		1/2	1/2	Chord	3/4	1	2	1/8		1/8	1	488									
38	37	221/2	227/2	0.5		5/8	5/8	Chord	3/4	1	2	1/8		1/8	1	489									
38	37	217/2	223/2	0.5		1/8	1/8	Chord	3/4	2	1	1/8		1/8	1	490									
38	37	109	112	0.5		1/4	1/4	Chord	3/4	2	1	1/8		1/8	1	491									
38	37	219/2	225/2	0.5		3/8	3/8	Chord	3/4	2	1	1/8		1/8	1	492									
38	37	110	113	0.5		1/2	1/2	Chord	3/4	2	1	1/8		1/8	1	493									
38	37	221/2	227/2	0.5		5/8	5/8	Chord	3/4	2	1	1/8		1/8	1	494									
39	38	112	115	1.0		1/4	1/4	Chord	3/4	1	1	1/4		1/4	1	495									
39	38	113	116	1.0		1/2	1/2	Chord	3/4	1	1	1/4		1/4	1	496									
39	38	111	114	1.0		0	0	Chord	3/4	1	2	1/4		1/4	1	497									8
39	38	112	115	0.5		1/4	1/4	Chord	3/4	1	2	1/8		1/8	1	498									
39	38	225/2	231/2	0.5		3/8	3/8	Chord	3/4	1	2	1/8		1/8	1	499									
39	38	113	116	0.5		1/2	1/2	Chord	3/4	1	2	1/8		1/8	1	500									
39	38	227/2	233/2	0.5		5/8	5/8	Chord	3/4	1	2	1/8		1/8	1	501									
39	38	223/2	229/2	0.5		1/8	1/8	Chord	3/4	2	1	1/8		1/8	1	502									
39	38	112	115	0.5		1/4	1/4	Chord	3/4	2	1	1/8		1/8	1	503									
39	38	225/2	231/2	0.5		3/8	3/8	Chord	3/4	2	1	1/8		1/8	1	504									
39	38	113	116	0.5		1/2	1/2	Chord	3/4	2	1	1/8		1/8	1	505									
39	38	227/2	233/2	0.5		5/8	5/8	Chord	3/4	2	1	1/8		1/8	1	506									
40	39	114	117	0.0		0	0	Chord	3/4	1	1	0	grace32	1/32	1	507									
40	39	114	117	0.25		0	0	Chord	3/4	1	1	1/16		1/16	1	508		ornamentShortTrill							
40	39	457/4	469/4	0.25		1/16	1/16	Chord	3/4	1	1	1/16		1/16	1	509									
40	39	229/2	235/2	0.25		1/8	1/8	Chord	3/4	1	1	1/16		1/16	1	510									
40	39	459/4	471/4	0.25		3/16	3/16	Chord	3/4	1	1	1/16		1/16	1	511									
40	39	115	118	1.0		1/4	1/4	Chord	3/4	1	1	1/4		1/4	1	512		articStaccatoAbove							
40	39	114	117	0.5		0	0	Chord	3/4	2	1	1/8		1/8	1	513									
40	39	229/2	235/2	0.5		1/8	1/8	Chord	3/4	2	1	1/8		1/8	1	514									
40	39	115	118	0.5		1/4	1/4	Chord	3/4	2	1	1/8		1/8	1	515									
40	39	231/2	237/2	0.5		3/8	3/8	Chord	3/4	2	1	1/8		1/8	1	516									
40	39	116	119	0.5		1/2	1/2	Chord	3/4	2	1	1/8		1/8	1	517									
40	39	233/2	239/2	0.5		5/8	5/8	Chord	3/4	2	1	1/8		1/8	1	518									
41	40	117	120	0.0		0	0	Chord	3/4	1	1	0	grace32	1/32	1	519									
41	40	117	120	0.25		0	0	Chord	3/4	1	1	1/16		1/16	1	520		ornamentShortTrill							
41	40	469/4	481/4	0.25		1/16	1/16	Chord	3/4	1	1	1/16		1/16	1	521									
41	40	235/2	241/2	0.25		1/8	1/8	Chord	3/4	1	1	1/16		1/16	1	522									
41	40	471/4	483/4	0.25		3/16	3/16	Chord	3/4	1	1	1/16		1/16	1	523									
41	40	118	121	1.0		1/4	1/4	Chord	3/4	1	1	1/4		1/4	1	524		articStaccatoAbove							
41	40	117	120	0.5		0	0	Chord	3/4	2	1	1/8		1/8	1	525									
41	40	235/2	241/2	0.5		1/8	1/8	Chord	3/4	2	1	1/8		1/8	1	526									
41	40	118	121	0.5		1/4	1/4	Chord	3/4	2	1	1/8		1/8	1	527									
41	40	237/2	243/2	0.5		3/8	3/8	Chord	3/4	2	1	1/8		1/8	1	528									
41	40	119	122	0.5		1/2	1/2	Chord	3/4	2	1	1/8		1/8	1	529									
41	40	239/2	245/2	0.5		5/8	5/8	Chord	3/4	2	1	1/8		1/8	1	530									
42	41	120	123	0.0		0	0	Chord	3/4	1	1	0	grace32	1/32	1	531									
42	41	120	123	0.25		0	0	Chord	3/4	1	1	1/16		1/16	1	532		ornamentShortTrill							
42	41	481/4	493/4	0.25		1/16	1/16	Chord	3/4	1	1	1/16		1/16	1	533									
42	41	241/2	247/2	0.5		1/8	1/8	Chord	3/4	1	1	1/8		1/8	1	534									
42	41	485/4	497/4	0.25		5/16	5/16	Chord	3/4	1	1	1/16		1/16	1	535									
42	41	243/2	249/2	0.25		3/8	3/8	Chord	3/4	1	1	1/16		1/16	1	536									
42	41	487/4	499/4	0.25		7/16	7/16	Chord	3/4	1	1	1/16		1/16	1	537									
42	41	122	125	0.25		1/2	1/2	Chord	3/4	1	1	1/16		1/16	1	538									
42	41	489/4	501/4	0.25		9/16	9/16	Chord	3/4	1	1	1/16		1/16	1	539									
42	41	245/2	251/2	0.25		5/8	5/8	Chord	3/4	1	1	1/16		1/16	1	540									
42	41	491/4	503/4	0.25		11/16	11/16	Chord	3/4	1	1	1/16		1/16	1	541									
42	41	120	123	0.75		0	0	Chord	3/4	1	2	3/16		1/8	3/2	542									
42	41	483/4	495/4	0.25		3/16	3/16	Chord	3/4	1	2	1/16		1/16	1	543									
42	41	121	124	1.0		1/4	1/4	Chord	3/4	1	2	1/4		1/4	1	544									
43	42	123	126	0.0		0	0	Chord	3/4	1	1	0	grace32	1/32	1	545									
43	42	123	126	0.25		0	0	Chord	3/4	1	1	1/16		1/16	1	546		ornamentShortTrill							
43	42	493/4	505/4	0.25		1/16	1/16	Chord	3/4	1	1	1/16		1/16	1	547									
43	42	247/2	253/2	0.5		1/8	1/8	Chord	3/4	1	1	1/8		1/8	1	548									
43	42	497/4	509/4	0.25		5/16	5/16	Chord	3/4	1	1	1/16		1/16	1	549									
43	42	249/2	255/2	0.25		3/8	3/8	Chord	3/4	1	1	1/16		1/16	1	550									
43	42	499/4	511/4	0.25		7/16	7/16	Chord	3/4	1	1	1/16		1/16	1	551									
43	42	125	128	0.25		1/2	1/2	Chord	3/4	1	1	1/16		1/16	1	552									
43	42	501/4	513/4	0.25		9/16	9/16	Chord	3/4	1	1	1/16		1/16	1	553									
43	42	251/2	257/2	0.25		5/8	5/8	Chord	3/4	1	1	1/16		1/16	1	554									
43	42	503/4	515/4	0.25		11/16	11/16	Chord	3/4	1	1	1/16		1/16	1	555									
43	42	123	126	0.75		0	0	Chord	3/4	2	1	3/16		1/8	3/2	556									
43	42	495/4	507/4	0.25		3/16	3/16	Chord	3/4	2	1	1/16		1/16	1	557									
43	42	124	127	1.0		1/4	1/4	Chord	3/4	2	1	1/4		1/4	1	558									
44	43	126	129	0.25		0	0	Chord	3/4	1	1	1/16		1/16	1	559									
44	43	505/4	517/4	0.25		1/16	1/16	Chord	3/4	1	1	1/16		1/16	1	560									
44	43	253/2	259/2	0.25		1/8	1/8	Chord	3/4	1	1	1/16		1/16	1	561									
44	43	507/4	519/4	0.25		3/16	3/16	Chord	3/4	1	1	1/16		1/16	1	562									
44	43	127	130	0.25		1/4	1/4	Chord	3/4	1	1	1/16		1/16	1	563									
44	43	509/4	521/4	0.25		5/16	5/16	Chord	3/4	1	1	1/16		1/16	1	564									
44	43	255/2	261/2	0.25		3/8	3/8	Chord	3/4	1	1	1/16		1/16	1	565									
44	43	511/4	523/4	0.25		7/16	7/16	Chord	3/4	1	1	1/16		1/16	1	566									
44	43	128	131	0.5		1/2	1/2	Chord	3/4	1	1	1/8		1/8	1	567									
44	43	126	129	0.75		0	0	Chord	3/4	1	2	3/16		1/8	3/2	568									
44	43	507/4	519/4	0.25		3/16	3/16	Chord	3/4	1	2	1/16		1/16	1	569									
44	43	127	130	0.75		1/4	1/4	Chord	3/4	1	2	3/16		1/8	3/2	570									
44	43	511/4	523/4	0.25		7/16	7/16	Chord	3/4	1	2	1/16		1/16	1	571									
44	43	128	131	0.25		1/2	1/2	Chord	3/4	1	2	1/16		1/16	1	572									
44	43	513/4	525/4	0.25		9/16	9/16	Chord	3/4	1	2	1/16		1/16	1	573									
44	43	257/2	263/2	0.25		5/8	5/8	Chord	3/4	1	2	1/16		1/16	1	574									
44	43	515/4	527/4	0.25		11/16	11/16	Chord	3/4	1	2	1/16		1/16	1	575									
45	44	129	132	0.25		0	0	Chord	3/4	1	1	1/16		1/16	1	576									
45	44	517/4	529/4	0.25		1/16	1/16	Chord	3/4	1	1	1/16		1/16	1	577									
45	44	259/2	265/2	0.25		1/8	1/8	Chord	3/4	1	1	1/16		1/16	1	578									
45	44	519/4	531/4	0.25		3/16	3/16	Chord	3/4	1	1	1/16		1/16	1	579									
45	44	130	133	0.25		1/4	1/4	Chord	3/4	1	1	1/16		1/16	1	580									
45	44	521/4	533/4	0.25		5/16	5/16	Chord	3/4	1	1	1/16		1/16	1	581									
45	44	261/2	267/2	0.25		3/8	3/8	Chord	3/4	1	1	1/16		1/16	1	582									
45	44	523/4	535/4	0.25		7/16	7/16	Chord	3/4	1	1	1/16		1/16	1	583									
45	44	131	134	0.25		1/2	1/2	Chord	3/4	1	1	1/16		1/16	1	584									
45	44	525/4	537/4	0.25		9/16	9/16	Chord	3/4	1	1	1/16		1/16	1	585									
45	44	263/2	269/2	0.25		5/8	5/8	Chord	3/4	1	1	1/16		1/16	1	586									
45	44	527/4	539/4	0.25		11/16	11/16	Chord	3/4	1	1	1/16		1/16	1	587									
45	44	129	132	0.5		0	0	Chord	3/4	2	1	1/8		1/8	1	588									
45	44	259/2	265/2	0.5		1/8	1/8	Chord	3/4	2	1	1/8		1/8	1	589									
45	44	263/2	269/2	0.5		5/8	5/8	Chord	3/4	2	1	1/8		1/8	1	590									
46	45	132	135	1.0		0	0	Chord	3/4	1	1	1/4		1/4	1	591									9
46	45	133	136	0.5		1/4	1/4	Chord	3/4	1	1	1/8		1/8	1	592									
46	45	267/2	273/2	0.5		3/8	3/8	Chord	3/4	1	1	1/8		1/8	1	593									
46	45	134	137	0.5		1/2	1/2	Chord	3/4	1	1	1/8		1/8	1	594									
46	45	269/2	275/2	0.5		5/8	5/8	Chord	3/4	1	1	1/8		1/8	1	595									
46	45	267/2	273/2	0.5		3/8	3/8	Chord	3/4	1	2	1/8		1/8	1	596									
46	45	134	137	0.5		1/2	1/2	Chord	3/4	1	2	1/8		1/8	1	597									
46	45	269/2	275/2	0.5		5/8	5/8	Chord	3/4	1	2	1/8		1/8	1	598									
46	45	132	135	0.5		0	0	Chord	3/4	2	1	1/8		1/8	1	599									
46	45	265/2	271/2	0.5		1/8	1/8	Chord	3/4	2	1	1/8		1/8	1	600									
47	46	135	138	1.0		0	0	Chord	3/4	1	1	1/4		1/4	1	601									10
47	46	136	139	0.5		1/4	1/4	Chord	3/4	1	1	1/8		1/8	1	602									
47	46	273/2	279/2	0.5		3/8	3/8	Chord	3/4	1	1	1/8		1/8	1	603									
47	46	137	140	0.5		1/2	1/2	Chord	3/4	1	1	1/8		1/8	1	604									
47	46	275/2	281/2	0.5		5/8	5/8	Chord	3/4	1	1	1/8		1/8	1	605									
47	46	135	138	1.0		0	0	Chord	3/4	1	2	1/4		1/4	1	606									
47	46	273/2	279/2	0.5		3/8	3/8	Chord	3/4	1	2	1/8		1/8	1	607									
47	46	137	140	0.5		1/2	1/2	Chord	3/4	1	2	1/8		1/8	1	608									
47	46	275/2	281/2	0.5		5/8	5/8	Chord	3/4	1	2	1/8		1/8	1	609									
47	46	135	138	0.5		0	0	Chord	3/4	2	1	1/8		1/8	1	610									
47	46	271/2	277/2	0.5		1/8	1/8	Chord	3/4	2	1	1/8		1/8	1	611									
48	47	138	141	1.0		0	0	Chord	3/4	1	1	1/4		1/4	1	612									11
48	47	139	142	0.5		1/4	1/4	Chord	3/4	1	1	1/8		1/8	1	613									
48	47	279/2	285/2	0.5		3/8	3/8	Chord	3/4	1	1	1/8		1/8	1	614									
48	47	140	143	0.5		1/2	1/2	Chord	3/4	1	1	1/8		1/8	1	615									
48	47	281/2	287/2	0.5		5/8	5/8	Chord	3/4	1	1	1/8		1/8	1	616									
48	47	138	141	1.0		0	0	Chord	3/4	1	2	1/4		1/4	1	617									
48	47	279/2	285/2	0.5		3/8	3/8	Chord	3/4	1	2	1/8		1/8	1	618									
48	47	140	143	0.5		1/2	1/2	Chord	3/4	1	2	1/8		1/8	1	619									
48	47	281/2	287/2	0.5		5/8	5/8	Chord	3/4	1	2	1/8		1/8	1	620									
48	47	138	141	0.5		0	0	Chord	3/4	2	1	1/8		1/8	1	621									
48	47	277/2	283/2	0.5		1/8	1/8	Chord	3/4	2	1	1/8		1/8	1	622									
49	48	141	144	0.5		0	0	Chord	3/4	1	1	1/8		1/8	1	623									
49	48	283/2	289/2	0.5		1/8	1/8	Chord	3/4	1	1	1/8		1/8	1	624									
49	48	142	145	0.5		1/4	1/4	Chord	3/4	1	1	1/8		1/8	1	625									
49	48	285/2	291/2	0.5		3/8	3/8	Chord	3/4	1	1	1/8		1/8	1	626									
49	48	143	146	0.5		1/2	1/2	Chord	3/4	1	1	1/8		1/8	1	627		articStaccatoAbove							
49	48	141	144	0.5		0	0	Chord	3/4	1	2	1/8		1/8	1	628									
49	48	283/2	289/2	0.5		1/8	1/8	Chord	3/4	1	2	1/8		1/8	1	629									
49	48	142	145	0.5		1/4	1/4	Chord	3/4	1	2	1/8		1/8	1	630									
49	48	285/2	291/2	0.5		3/8	3/8	Chord	3/4	1	2	1/8		1/8	1	631									
49	48	143	146	0.5		1/2	1/2	Chord	3/4	1	2	1/8		1/8	1	632									
49	48	143	146	0.25		1/2	1/2	Chord	3/4	2	1	1/16		1/16	1	633									
49	48	573/4	585/4	0.25		9/16	9/16	Chord	3/4	2	1	1/16		1/16	1	634									
49	48	287/2	293/2	0.25		5/8	5/8	Chord	3/4	2	1	1/16		1/16	1	635									
49	48	575/4	587/4	0.25		11/16	11/16	Chord	3/4	2	1	1/16		1/16	1	636									
50	49	144	147	0.0		0	0	Dynamic	3/4	1	1	0					p								
50	49	144	147	0.0		0	0	Chord	3/4	1	1	0	grace32	1/32	1	637									
50	49	144	147	0.25		0	0	Chord	3/4	1	1	1/16		1/16	1	638		ornamentShortTrill							
50	49	577/4	589/4	0.25		1/16	1/16	Chord	3/4	1	1	1/16		1/16	1	639									
50	49	289/2	295/2	0.25		1/8	1/8	Chord	3/4	1	1	1/16		1/16	1	640									
50	49	579/4	591/4	0.25		3/16	3/16	Chord	3/4	1	1	1/16		1/16	1	641									
50	49	145	148	1.0		1/4	1/4	Chord	3/4	1	1	1/4		1/4	1	642									
50	49	145	148	1.0		1/4	1/4	Chord	3/4	1	2	1/4		1/4	1	643									
50	49	144	147	1.0		0	0	Chord	3/4	2	1	1/4		1/4	1	644									
50	49	291/2	297/2	0.5		3/8	3/8	Chord	3/4	2	1	1/8		1/8	1	645									
50	49	146	149	0.5		1/2	1/2	Chord	3/4	2	1	1/8		1/8	1	646									
50	49	293/2	299/2	0.5		5/8	5/8	Chord	3/4	2	1	1/8		1/8	1	647									
51	50	147	150	1.0		0	0	Chord	3/4	1	1	1/4		1/4	1	648		ornamentShortTrill							
51	50	148	151	1.0		1/4	1/4	Chord	3/4	1	1	1/4		1/4	1	649									
51	50	147	150	1.0		0	0	Chord	3/4	1	2	1/4		1/4	1	650									
51	50	148	151	1.0		1/4	1/4	Chord	3/4	1	2	1/4		1/4	1	651									
51	50	147	150	0.5		0	0	Chord	3/4	2	1	1/8		1/8	1	652									
51	50	295/2	301/2	0.5		1/8	1/8	Chord	3/4	2	1	1/8		1/8	1	653									
51	50	148	151	0.5		1/4	1/4	Chord	3/4	2	1	1/8		1/8	1	654									
51	50	297/2	303/2	0.5		3/8	3/8	Chord	3/4	2	1	1/8		1/8	1	655									
51	50	149	152	0.5		1/2	1/2	Chord	3/4	2	1	1/8		1/8	1	656									
51	50	299/2	305/2	0.5		5/8	5/8	Chord	3/4	2	1	1/8		1/8	1	657									
52	51	150	153	0.0		0	0	Chord	3/4	1	1	0	grace32	1/32	1	658									
52	51	150	153	0.25		0	0	Chord	3/4	1	1	1/16		1/16	1	659		ornamentShortTrill							
52	51	601/4	613/4	0.25		1/16	1/16	Chord	3/4	1	1	1/16		1/16	1	660									
52	51	301/2	307/2	0.25		1/8	1/8	Chord	3/4	1	1	1/16		1/16	1	661									
52	51	603/4	615/4	0.25		3/16	3/16	Chord	3/4	1	1	1/16		1/16	1	662									
52	51	151	154	1.0		1/4	1/4	Chord	3/4	1	1	1/4		1/4	1	663									
52	51	150	153	1.0		0	0	Chord	3/4	2	1	1/4		1/4	1	664									
52	51	303/2	309/2	0.5		3/8	3/8	Chord	3/4	2	1	1/8		1/8	1	665									
52	51	152	155	0.5		1/2	1/2	Chord	3/4	2	1	1/8		1/8	1	666									
52	51	305/2	311/2	0.5		5/8	5/8	Chord	3/4	2	1	1/8		1/8	1	667									
52	51	150	153	1.0		0	0	Chord	3/4	2	2	1/4		1/4	1	668									
52	51	303/2	309/2	0.5		3/8	3/8	Chord	3/4	2	2	1/8		1/8	1	669									
52	51	152	155	0.5		1/2	1/2	Chord	3/4	2	2	1/8		1/8	1	670									
52	51	305/2	311/2	0.5		5/8	5/8	Chord	3/4	2	2	1/8		1/8	1	671									
53	52	153	156	0.0		0	0	Chord	3/4	1	1	0	grace32	1/32	1	672									
53	52	153	156	0.25		0	0	Chord	3/4	1	1	1/16		1/16	1	673		ornamentShortTrill							
53	52	613/4	625/4	0.25		1/16	1/16	Chord	3/4	1	1	1/16		1/16	1	674									
53	52	307/2	313/2	0.25		1/8	1/8	Chord	3/4	1	1	1/16		1/16	1	675									
53	52	615/4	627/4	0.25		3/16	3/16	Chord	3/4	1	1	1/16		1/16	1	676									
53	52	154	157	1.0		1/4	1/4	Chord	3/4	1	1	1/4		1/4	1	677									
53	52	153	156	1.0		0	0	Chord	3/4	2	1	1/4		1/4	1	678									
53	52	309/2	315/2	0.5		3/8	3/8	Chord	3/4	2	1	1/8		1/8	1	679									
53	52	155	158	0.5		1/2	1/2	Chord	3/4	2	1	1/8		1/8	1	680									
53	52	311/2	317/2	0.5		5/8	5/8	Chord	3/4	2	1	1/8		1/8	1	681									
53	52	153	156	1.0		0	0	Chord	3/4	2	2	1/4		1/4	1	682									
53	52	309/2	315/2	0.5		3/8	3/8	Chord	3/4	2	2	1/8		1/8	1	683									
53	52	155	158	0.5		1/2	1/2	Chord	3/4	2	2	1/8		1/8	1	684									
53	52	311/2	317/2	0.5		5/8	5/8	Chord	3/4	2	2	1/8		1/8	1	685									
54	53	156	159	0.0		0	0	Chord	3/4	1	1	0	grace32	1/32	1	686									
54	53	156	159	0.25		0	0	Chord	3/4	1	1	1/16		1/16	1	687		ornamentShortTrill							
54	53	625/4	637/4	0.25		1/16	1/16	Chord	3/4	1	1	1/16		1/16	1	688									
54	53	313/2	319/2	0.25		1/8	1/8	Chord	3/4	1	1	1/16		1/16	1	689									
54	53	627/4	639/4	0.25		3/16	3/16	Chord	3/4	1	1	1/16		1/16	1	690									
54	53	157	160	1.0		1/4	1/4	Chord	3/4	1	1	1/4		1/4	1	691									
54	53	156	159	1.0		0	0	Chord	3/4	2	1	1/4		1/4	1	692									
54	53	315/2	321/2	0.5		3/8	3/8	Chord	3/4	2	1	1/8		1/8	1	693									
54	53	158	161	0.5		1/2	1/2	Chord	3/4	2	1	1/8		1/8	1	694									
54	53	317/2	323/2	0.5		5/8	5/8	Chord	3/4	2	1	1/8		1/8	1	695									
54	53	156	159	1.0		0	0	Chord	3/4	2	2	1/4		1/4	1	696									
54	53	315/2	321/2	0.5		3/8	3/8	Chord	3/4	2	2	1/8		1/8	1	697									
54	53	158	161	0.5		1/2	1/2	Chord	3/4	2	2	1/8		1/8	1	698									
54	53	317/2	323/2	0.5		5/8	5/8	Chord	3/4	2	2	1/8		1/8	1	699									
55	54	159	162	0.25		0	0	Chord	3/4	1	1	1/16		1/16	1	700									
55	54	637/4	649/4	0.25		1/16	1/16	Chord	3/4	1	1	1/16		1/16	1	701									
55	54	319/2	325/2	0.25		1/8	1/8	Chord	3/4	1	1	1/16		1/16	1	702									
55	54	639/4	651/4	0.25		3/16	3/16	Chord	3/4	1	1	1/16		1/16	1	703									
55	54	160	163	1.0		1/4	1/4	Chord	3/4	1	1	1/4		1/4	1	704		articStaccatoAbove							
55	54	159	162	1.0		0	0	Chord	3/4	2	1	1/4		1/4	1	705									
55	54	641/4	653/4	0.25		5/16	5/16	Chord	3/4	2	1	1/16		1/16	1	706									
55	54	321/2	327/2	0.25		3/8	3/8	Chord	3/4	2	1	1/16		1/16	1	707									
55	54	643/4	655/4	0.25		7/16	7/16	Chord	3/4	2	1	1/16		1/16	1	708									
55	54	161	164	0.25		1/2	1/2	Chord	3/4	2	1	1/16		1/16	1	709									
55	54	645/4	657/4	0.25		9/16	9/16	Chord	3/4	2	1	1/16		1/16	1	710									
55	54	323/2	329/2	0.25		5/8	5/8	Chord	3/4	2	1	1/16		1/16	1	711									
55	54	647/4	659/4	0.25		11/16	11/16	Chord	3/4	2	1	1/16		1/16	1	712									
55	54	159	162	1.0		0	0	Chord	3/4	2	2	1/4		1/4	1	713									
56	55	162	165	0.0		0	0	Chord	3/4	1	1	0	grace32	1/32	1	714									
56	55	162	165	0.25		0	0	Chord	3/4	1	1	1/16		1/16	1	715		ornamentShortTrill							
56	55	649/4	661/4	0.25		1/16	1/16	Chord	3/4	1	1	1/16		1/16	1	716									
56	55	325/2	331/2	0.25		1/8	1/8	Chord	3/4	1	1	1/16		1/16	1	717									
56	55	651/4	663/4	0.25		3/16	3/16	Chord	3/4	1	1	1/16		1/16	1	718									
56	55	163	166	1.0		1/4	1/4	Chord	3/4	1	1	1/4		1/4	1	719									
56	55	162	165	1.0		0	0	Chord	3/4	2	1	1/4		1/4	1	720									
56	55	327/2	333/2	0.5		3/8	3/8	Chord	3/4	2	1	1/8		1/8	1	721									
56	55	164	167	0.5		1/2	1/2	Chord	3/4	2	1	1/8		1/8	1	722									
56	55	329/2	335/2	0.5		5/8	5/8	Chord	3/4	2	1	1/8		1/8	1	723									
56	55	327/2	333/2	0.5		3/8	3/8	Chord	3/4	2	2	1/8		1/8	1	724									
56	55	164	167	0.5		1/2	1/2	Chord	3/4	2	2	1/8		1/8	1	725									
56	55	329/2	335/2	0.5		5/8	5/8	Chord	3/4	2	2	1/8		1/8	1	726									
57	56	165	168	0.0		0	0	Chord	3/4	1	1	0	grace32	1/32	1	727									
57	56	165	168	0.25		0	0	Chord	3/4	1	1	1/16		1/16	1	728		ornamentShortTrill							
57	56	661/4	673/4	0.25		1/16	1/16	Chord	3/4	1	1	1/16		1/16	1	729									
57	56	331/2	337/2	0.25		1/8	1/8	Chord	3/4	1	1	1/16		1/16	1	730									
57	56	663/4	675/4	0.25		3/16	3/16	Chord	3/4	1	1	1/16		1/16	1	731									
57	56	166	169	1.0		1/4	1/4	Chord	3/4	1	1	1/4		1/4	1	732									
57	56	165	168	1.0		0	0	Chord	3/4	2	1	1/4		1/4	1	733									
57	56	333/2	339/2	0.5		3/8	3/8	Chord	3/4	2	1	1/8		1/8	1	734									
57	56	167	170	0.5		1/2	1/2	Chord	3/4	2	1	1/8		1/8	1	735									
57	56	335/2	341/2	0.5		5/8	5/8	Chord	3/4	2	1	1/8		1/8	1	736									
57	56	165	168	1.0		0	0	Chord	3/4	2	2	1/4		1/4	1	737									
57	56	333/2	339/2	0.5		3/8	3/8	Chord	3/4	2	2	1/8		1/8	1	738									
57	56	167	170	0.5		1/2	1/2	Chord	3/4	2	2	1/8		1/8	1	739									
57	56	335/2	341/2	0.5		5/8	5/8	Chord	3/4	2	2	1/8		1/8	1	740									
58	57	168	171	0.0		0	0	Chord	3/4	1	1	0	grace32	1/32	1	741									
58	57	168	171	0.25		0	0	Chord	3/4	1	1	1/16		1/16	1	742		ornamentShortTrill							
58	57	673/4	685/4	0.25		1/16	1/16	Chord	3/4	1	1	1/16		1/16	1	743									
58	57	337/2	343/2	0.25		1/8	1/8	Chord	3/4	1	1	1/16		1/16	1	744									
58	57	675/4	687/4	0.25		3/16	3/16	Chord	3/4	1	1	1/16		1/16	1	745									
58	57	169	172	1.0		1/4	1/4	Chord	3/4	1	1	1/4		1/4	1	746									
58	57	168	171	1.0		0	0	Chord	3/4	2	1	1/4		1/4	1	747									
58	57	339/2	345/2	0.5		3/8	3/8	Chord	3/4	2	1	1/8		1/8	1	748									
58	57	170	173	0.5		1/2	1/2	Chord	3/4	2	1	1/8		1/8	1	749									
58	57	341/2	347/2	0.5		5/8	5/8	Chord	3/4	2	1	1/8		1/8	1	750									
58	57	168	171	1.0		0	0	Chord	3/4	2	2	1/4		1/4	1	751									
58	57	339/2	345/2	0.5		3/8	3/8	Chord	3/4	2	2	1/8		1/8	1	752									
58	57	170	173	0.5		1/2	1/2	Chord	3/4	2	2	1/8		1/8	1	753									
58	57	341/2	347/2	0.5		5/8	5/8	Chord	3/4	2	2	1/8		1/8	1	754									
59	58	171	174	0.0		0	0	Chord	3/4	1	1	0	grace32	1/32	1	755									
59	58	171	174	0.25		0	0	Chord	3/4	1	1	1/16		1/16	1	756		ornamentShortTrill							
59	58	685/4	697/4	0.25		1/16	1/16	Chord	3/4	1	1	1/16		1/16	1	757									
59	58	343/2	349/2	0.25		1/8	1/8	Chord	3/4	1	1	1/16		1/16	1	758									
59	58	687/4	699/4	0.25		3/16	3/16	Chord	3/4	1	1	1/16		1/16	1	759									
59	58	172	175	0.5		1/4	1/4	Chord	3/4	1	1	1/8		1/8	1	760									
59	58	691/4	703/4	0.25		7/16	7/16	Chord	3/4	1	1	1/16		1/16	1	761									
59	58	173	176	0.0		1/2	1/2	Chord	3/4	1	1	0	appoggiatura	1/8	1	762									
59	58	173	176	1.0		1/2	1/2	Chord	3/4	1	1	1/4		1/4	1	763									
59	58	171	174	1.0		0	0	Chord	3/4	2	1	1/4		1/4	1	764									
59	58	345/2	351/2	0.5		3/8	3/8	Chord	3/4	2	1	1/8		1/8	1	765									
59	58	173	176	0.5		1/2	1/2	Chord	3/4	2	1	1/8		1/8	1	766									
59	58	347/2	353/2	0.5		5/8	5/8	Chord	3/4	2	1	1/8		1/8	1	767									
59	58	171	174	1.0		0	0	Chord	3/4	2	2	1/4		1/4	1	768									
59	58	345/2	351/2	0.5		3/8	3/8	Chord	3/4	2	2	1/8		1/8	1	769									
59	58	173	176	0.5		1/2	1/2	Chord	3/4	2	2	1/8		1/8	1	770									
59	58	347/2	353/2	0.5		5/8	5/8	Chord	3/4	2	2	1/8		1/8	1	771									
60	59	174	177	0.0		0	0	Dynamic	3/4	1	1	0					f								
60	59	697/4	709/4	0.25		1/16	1/16	Chord	3/4	1	1	1/16		1/16	1	772									
60	59	349/2	355/2	0.25		1/8	1/8	Chord	3/4	1	1	1/16		1/16	1	773									
60	59	699/4	711/4	0.25		3/16	3/16	Chord	3/4	1	1	1/16		1/16	1	774									
60	59	175	178	0.25		1/4	1/4	Chord	3/4	1	1	1/16		1/16	1	775									
60	59	701/4	713/4	0.25		5/16	5/16	Chord	3/4	1	1	1/16		1/16	1	776									
60	59	351/2	357/2	0.25		3/8	3/8	Chord	3/4	1	1	1/16		1/16	1	777									
60	59	703/4	715/4	0.25		7/16	7/16	Chord	3/4	1	1	1/16		1/16	1	778									
60	59	176	179	0.25		1/2	1/2	Chord	3/4	1	1	1/16		1/16	1	779									
60	59	705/4	717/4	0.25		9/16	9/16	Chord	3/4	1	1	1/16		1/16	1	780									
60	59	353/2	359/2	0.25		5/8	5/8	Chord	3/4	1	1	1/16		1/16	1	781									
60	59	707/4	719/4	0.25		11/16	11/16	Chord	3/4	1	1	1/16		1/16	1	782									
60	59	174	177	1.0		0	0	Chord	3/4	2	1	1/4		1/4	1	783									
60	59	175	178	1.0		1/4	1/4	Chord	3/4	2	1	1/4		1/4	1	784									
60	59	174	177	1.0		0	0	Chord	3/4	2	2	1/4		1/4	1	785									
60	59	175	178	1.0		1/4	1/4	Chord	3/4	2	2	1/4		1/4	1	786									
61	60	709/4	721/4	0.25		1/16	1/16	Chord	3/4	1	1	1/16		1/16	1	787									
61	60	355/2	361/2	0.25		1/8	1/8	Chord	3/4	1	1	1/16		1/16	1	788									
61	60	711/4	723/4	0.25		3/16	3/16	Chord	3/4	1	1	1/16		1/16	1	789									
61	60	178	181	0.25		1/4	1/4	Chord	3/4	1	1	1/16		1/16	1	790									
61	60	713/4	725/4	0.25		5/16	5/16	Chord	3/4	1	1	1/16		1/16	1	791									
61	60	357/2	363/2	0.25		3/8	3/8	Chord	3/4	1	1	1/16		1/16	1	792									
61	60	715/4	727/4	0.25		7/16	7/16	Chord	3/4	1	1	1/16		1/16	1	793									
61	60	179	182	0.25		1/2	1/2	Chord	3/4	1	1	1/16		1/16	1	794									
61	60	717/4	729/4	0.25		9/16	9/16	Chord	3/4	1	1	1/16		1/16	1	795									
61	60	359/2	365/2	0.25		5/8	5/8	Chord	3/4	1	1	1/16		1/16	1	796									
61	60	719/4	731/4	0.25		11/16	11/16	Chord	3/4	1	1	1/16		1/16	1	797									
61	60	177	180	1.0		0	0	Chord	3/4	2	1	1/4		1/4	1	798									
61	60	178	181	1.0		1/4	1/4	Chord	3/4	2	1	1/4		1/4	1	799									
61	60	177	180	1.0		0	0	Chord	3/4	2	2	1/4		1/4	1	800									
61	60	178	181	1.0		1/4	1/4	Chord	3/4	2	2	1/4		1/4	1	801									
62	61	180	183	0.25		0	0	Chord	3/4	1	1	1/16		1/16	1	802									
62	61	721/4	733/4	0.25		1/16	1/16	Chord	3/4	1	1	1/16		1/16	1	803									
62	61	361/2	367/2	0.25		1/8	1/8	Chord	3/4	1	1	1/16		1/16	1	804									
62	61	723/4	735/4	0.25		3/16	3/16	Chord	3/4	1	1	1/16		1/16	1	805									
62	61	181	184	0.25		1/4	1/4	Chord	3/4	1	1	1/16		1/16	1	806									
62	61	725/4	737/4	0.25		5/16	5/16	Chord	3/4	1	1	1/16		1/16	1	807									
62	61	363/2	369/2	0.25		3/8	3/8	Chord	3/4	1	1	1/16		1/16	1	808									
62	61	727/4	739/4	0.25		7/16	7/16	Chord	3/4	1	1	1/16		1/16	1	809									
62	61	182	185	0.25		1/2	1/2	Chord	3/4	1	1	1/16		1/16	1	810									
62	61	729/4	741/4	0.25		9/16	9/16	Chord	3/4	1	1	1/16		1/16	1	811									
62	61	365/2	371/2	0.25		5/8	5/8	Chord	3/4	1	1	1/16		1/16	1	812									
62	61	731/4	743/4	0.25		11/16	11/16	Chord	3/4	1	1	1/16		1/16	1	813									
62	61	180	183	0.5		0	0	Chord	3/4	2	1	1/8		1/8	1	814									
62	61	180	183	0.5		0	0	Chord	3/4	2	2	1/8		1/8	1	815									
62	61	361/2	367/2	0.5		1/8	1/8	Chord	3/4	2	2	1/8		1/8	1	816									
63	62	183	186	0.25		0	0	Chord	3/4	1	1	1/16		1/16	1	817									
63	62	733/4	745/4	0.25		1/16	1/16	Chord	3/4	1	1	1/16		1/16	1	818									
63	62	367/2	373/2	0.25		1/8	1/8	Chord	3/4	1	1	1/16		1/16	1	819									
63	62	735/4	747/4	0.25		3/16	3/16	Chord	3/4	1	1	1/16		1/16	1	820									
63	62	184	187	0.25		1/4	1/4	Chord	3/4	1	1	1/16		1/16	1	821									
63	62	737/4	749/4	0.25		5/16	5/16	Chord	3/4	1	1	1/16		1/16	1	822									
63	62	369/2	375/2	0.25		3/8	3/8	Chord	3/4	1	1	1/16		1/16	1	823									
63	62	739/4	751/4	0.25		7/16	7/16	Chord	3/4	1	1	1/16		1/16	1	824									
63	62	185	188	0.75		1/2	1/2	Chord	3/4	1	1	3/16		1/8	3/2	825									
63	62	743/4	755/4	0.25		11/16	11/16	Chord	3/4	1	1	1/16		1/16	1	826									
63	62	183	186	0.5		0	0	Chord	3/4	2	1	1/8		1/8	1	827									
63	62	367/2	373/2	0.5		1/8	1/8	Chord	3/4	2	1	1/8		1/8	1	828									
63	62	741/4	753/4	0.25		9/16	9/16	Chord	3/4	2	1	1/16		1/16	1	829									
63	62	371/2	377/2	0.25		5/8	5/8	Chord	3/4	2	1	1/16		1/16	1	830									
63	62	743/4	755/4	0.25		11/16	11/16	Chord	3/4	2	1	1/16		1/16	1	831									
64	63	186	189	0.0		0	0	Chord	3/4	1	1	0	grace32	1/32	1	832									
64	63	186	189	0.25		0	0	Chord	3/4	1	1	1/16		1/16	1	833		ornamentShortTrill							
64	63	745/4	757/4	0.25		1/16	1/16	Chord	3/4	1	1	1/16		1/16	1	834									
64	63	373/2	379/2	0.25		1/8	1/8	Chord	3/4	1	1	1/16		1/16	1	835									
64	63	747/4	759/4	0.25		3/16	3/16	Chord	3/4	1	1	1/16		1/16	1	836									
64	63	187	190	0.0		1/4	1/4	Chord	3/4	1	1	0	grace32	1/32	1	837									
64	63	187	190	0.25		1/4	1/4	Chord	3/4	1	1	1/16		1/16	1	838		ornamentShortTrill							
64	63	749/4	761/4	0.25		5/16	5/16	Chord	3/4	1	1	1/16		1/16	1	839									
64	63	375/2	381/2	0.25		3/8	3/8	Chord	3/4	1	1	1/16		1/16	1	840									
64	63	751/4	763/4	0.25		7/16	7/16	Chord	3/4	1	1	1/16		1/16	1	841									
64	63	188	191	0.0		1/2	1/2	Chord	3/4	1	1	0	grace32	1/32	1	842									
64	63	188	191	0.25		1/2	1/2	Chord	3/4	1	1	1/16		1/16	1	843		ornamentShortTrill							
64	63	753/4	765/4	0.25		9/16	9/16	Chord	3/4	1	1	1/16		1/16	1	844									
64	63	377/2	383/2	0.25		5/8	5/8	Chord	3/4	1	1	1/16		1/16	1	845									
64	63	755/4	767/4	0.25		11/16	11/16	Chord	3/4	1	1	1/16		1/16	1	846									
64	63	186	189	1.0		0	0	Chord	3/4	2	1	1/4		1/4	1	847									
64	63	187	190	1.0		1/4	1/4	Chord	3/4	2	1	1/4		1/4	1	848									
64	63	188	191	1.0		1/2	1/2	Chord	3/4	2	1	1/4		1/4	1	849									
65	64	189	192	0.0		0	0	Chord	3/4	1	1	0	grace32	1/32	1	850									
65	64	189	192	0.25		0	0	Chord	3/4	1	1	1/16		1/16	1	851		ornamentShortTrill							
65	64	757/4	769/4	0.25		1/16	1/16	Chord	3/4	1	1	1/16		1/16	1	852									
65	64	379/2	385/2	0.25		1/8	1/8	Chord	3/4	1	1	1/16		1/16	1	853									
65	64	759/4	771/4	0.25		3/16	3/16	Chord	3/4	1	1	1/16		1/16	1	854									
65	64	190	193	1.0		1/4	1/4	Chord	3/4	1	1	1/4		1/4	1	855									
65	64	383/2	389/2	0.5		5/8	5/8	Chord	3/4	1	1	1/8		1/8	1	856									
65	64	189	192	1.0		0	0	Chord	3/4	2	1	1/4		1/4	1	857									
65	64	761/4	773/4	0.25		5/16	5/16	Chord	3/4	2	1	1/16		1/16	1	858									
65	64	381/2	387/2	0.25		3/8	3/8	Chord	3/4	2	1	1/16		1/16	1	859									
65	64	763/4	775/4	0.25		7/16	7/16	Chord	3/4	2	1	1/16		1/16	1	860									
65	64	191	194	0.25		1/2	1/2	Chord	3/4	2	1	1/16		1/16	1	861									
65	64	765/4	777/4	0.25		9/16	9/16	Chord	3/4	2	1	1/16		1/16	1	862									
65	64	383/2	389/2	0.25		5/8	5/8	Chord	3/4	2	1	1/16		1/16	1	863									
65	64	767/4	779/4	0.25		11/16	11/16	Chord	3/4	2	1	1/16		1/16	1	864									
66	65	192	195	0.25		0	0	Chord	3/4	1	1	1/16		1/16	1	865									
66	65	769/4	781/4	0.25		1/16	1/16	Chord	3/4	1	1	1/16		1/16	1	866									
66	65	385/2	391/2	0.25		1/8	1/8	Chord	3/4	1	1	1/16		1/16	1	867									
66	65	771/4	783/4	0.25		3/16	3/16	Chord	3/4	1	1	1/16		1/16	1	868									
66	65	193	196	1.0		1/4	1/4	Chord	3/4	1	1	1/4		1/4	1	869									
66	65	194	197	1.0		1/2	1/2	Chord	3/4	1	1	1/4		1/4	1	870		ornamentShortTrill							
66	65	192	195	1.0		0	0	Chord	3/4	2	1	1/4		1/4	1	871									
66	65	193	196	1.0		1/4	1/4	Chord	3/4	2	1	1/4		1/4	1	872									
66	65	194	197	1.0		1/2	1/2	Chord	3/4	2	1	1/4		1/4	1	873									
67	66		198	2.0	1	0	0	Chord	3/4	1	1	1/2		1/2	1	874									
67	66		198	0.5	1	0	0	Chord	3/4	2	1	1/8		1/8	1	875									
67	66		397/2	0.25	1	1/8	1/8	Chord	3/4	2	1	1/16		1/16	1	876									
67	66		795/4	0.25	1	3/16	3/16	Chord	3/4	2	1	1/16		1/16	1	877									
67	66		199	0.5	1	1/4	1/4	Chord	3/4	2	1	1/8		1/8	1	878									
67	66		399/2	0.5	1	3/8	3/8	Chord	3/4	2	1	1/8		1/8	1	879									
67	66		200	0.5	1	1/2	1/2	Chord	3/4	2	1	1/8		1/8	1	880									
67	66		401/2	0.5	1	5/8	5/8	Chord	3/4	2	1	1/8		1/8	1	881									
68	66	195	201	2.0	2	0	0	Chord	3/4	1	1	1/2		1/2	1	882									
68	66	195	201	1.0	2	0	0	Chord	3/4	2	1	1/4		1/4	1	883									
68	66	196	202	1.0	2	1/4	1/4	Chord	3/4	2	1	1/4		1/4	1	884									
