mc	mn	quarterbeats	quarterbeats_all_endings	duration_qb	mc_onset	mn_onset	event	timesig	staff	voice	duration	gracenote	nominal_duration	scalar	chord_id	dynamics	articulation	staff_text	tempo	qpm	metronome_base	metronome_number	tempo_visible	slur
1	0	0	0	0.0	0	3/8	StaffText	2/4	1	1	0							Un poco Allegro.						
1	0	0	0	0.0	0	3/8	Tempo	2/4	1	1	0								ùÖü=72	72.0	ùÖü	72.0	0.0	
1	0	3/8	3/8	0.0	3/32	15/32	Dynamic	2/4	1	1	0					f								
1	0	3/8	3/8	0.125	3/32	15/32	Chord	2/4	1	1	1/32		1/32	1	0		articStaccatoBelow							
2	1	1/2	1/2	0.5	0	0	Chord	2/4	1	1	1/8		1/8	1	1									
2	1	1	1	0.375	1/8	1/8	Chord	2/4	1	1	3/32		1/16	3/2	2									
2	1	11/8	11/8	0.125	7/32	7/32	Chord	2/4	1	1	1/32		1/32	1	3									
2	1	3/2	3/2	0.5	1/4	1/4	Chord	2/4	1	1	1/8		1/8	1	4									
2	1	2	2	0.0	3/8	3/8	StaffText	2/4	1	1	0							Sonate in D-Dur.						
2	1	2	2	0.125	3/8	3/8	Chord	2/4	1	1	1/32		1/32	1	5									
2	1	17/8	17/8	0.125	13/32	13/32	Chord	2/4	1	1	1/32		1/32	1	6									
2	1	9/4	9/4	0.125	7/16	7/16	Chord	2/4	1	1	1/32		1/32	1	7									
2	1	19/8	19/8	0.125	15/32	15/32	Chord	2/4	1	1	1/32		1/32	1	8									
2	1	1	1	0.375	1/8	1/8	Chord	2/4	2	1	3/32		1/16	3/2	9									
2	1	11/8	11/8	0.125	7/32	7/32	Chord	2/4	2	1	1/32		1/32	1	10									
2	1	3/2	3/2	0.0	1/4	1/4	Chord	2/4	2	1	0	appoggiatura	1/8	1	11									
2	1	3/2	3/2	0.5	1/4	1/4	Chord	2/4	2	1	1/8		1/8	1	12									
2	1	1	1	0.375	1/8	1/8	Chord	2/4	2	2	3/32		1/16	3/2	13									
2	1	11/8	11/8	0.125	7/32	7/32	Chord	2/4	2	2	1/32		1/32	1	14									
2	1	3/2	3/2	0.0	1/4	1/4	Chord	2/4	2	2	0	appoggiatura	1/8	1	15									
2	1	3/2	3/2	0.5	1/4	1/4	Chord	2/4	2	2	1/8		1/8	1	16									
3	2	5/2	5/2	0.5	0	0	Chord	2/4	1	1	1/8		1/8	1	17									
3	2	3	3	0.375	1/8	1/8	Chord	2/4	1	1	3/32		1/16	3/2	18									
3	2	27/8	27/8	0.125	7/32	7/32	Chord	2/4	1	1	1/32		1/32	1	19									
3	2	7/2	7/2	0.375	1/4	1/4	Chord	2/4	1	1	3/32		1/16	3/2	20									
3	2	31/8	31/8	0.125	11/32	11/32	Chord	2/4	1	1	1/32		1/32	1	21									
3	2	4	4	0.125	3/8	3/8	Chord	2/4	1	1	1/32		1/32	1	22									
3	2	33/8	33/8	0.125	13/32	13/32	Chord	2/4	1	1	1/32		1/32	1	23									
3	2	17/4	17/4	0.125	7/16	7/16	Chord	2/4	1	1	1/32		1/32	1	24									
3	2	35/8	35/8	0.125	15/32	15/32	Chord	2/4	1	1	1/32		1/32	1	25									
3	2	3	3	0.375	1/8	1/8	Chord	2/4	2	1	3/32		1/16	3/2	26									
3	2	27/8	27/8	0.125	7/32	7/32	Chord	2/4	2	1	1/32		1/32	1	27									
3	2	7/2	7/2	0.5	1/4	1/4	Chord	2/4	2	1	1/8		1/8	1	28									
3	2	3	3	0.375	1/8	1/8	Chord	2/4	2	2	3/32		1/16	3/2	29									
3	2	27/8	27/8	0.125	7/32	7/32	Chord	2/4	2	2	1/32		1/32	1	30									
3	2	7/2	7/2	0.5	1/4	1/4	Chord	2/4	2	2	1/8		1/8	1	31									
4	3	9/2	9/2	0.0	0	0	StaffText	2/4	1	1	0							"Wilhelm Friedemann Bach
Falck 3"						
4	3	9/2	9/2	0.375	0	0	Chord	2/4	1	1	3/32		1/16	3/2	32									
4	3	39/8	39/8	0.125	3/32	3/32	Chord	2/4	1	1	1/32		1/32	1	33									
4	3	5	5	1.0	1/8	1/8	Chord	2/4	1	1	1/4		1/4	1	34									
4	3	6	6	0.5	3/8	3/8	Chord	2/4	1	1	1/8		1/8	1	35									
4	3	5	5	0.375	1/8	1/8	Chord	2/4	2	1	3/32		1/16	3/2	36									
4	3	43/8	43/8	0.125	7/32	7/32	Chord	2/4	2	1	1/32		1/32	1	37									
4	3	11/2	11/2	0.5	1/4	1/4	Chord	2/4	2	1	1/8		1/8	1	38									
4	3	6	6	0.5	3/8	3/8	Chord	2/4	2	1	1/8		1/8	1	39									
4	3	5	5	0.5	1/8	1/8	Chord	2/4	2	2	1/8		1/8	1	40									
4	3	11/2	11/2	0.5	1/4	1/4	Chord	2/4	2	2	1/8		1/8	1	41									
4	3	6	6	0.5	3/8	3/8	Chord	2/4	2	2	1/8		1/8	1	42									
5	4	13/2	13/2	1.0	0	0	Chord	2/4	1	1	1/4		1/4	1	43									0
5	4	15/2	15/2	0.5	1/4	1/4	Chord	2/4	1	1	1/8		1/8	1	44									
5	4	8	8	0.5	3/8	3/8	Chord	2/4	1	1	1/8		1/8	1	45									
5	4	7	7	0.5	1/8	1/8	Chord	2/4	2	1	1/8		1/8	1	46									
5	4	15/2	15/2	0.5	1/4	1/4	Chord	2/4	2	1	1/8		1/8	1	47									
5	4	67/8	67/8	0.125	15/32	15/32	Chord	2/4	2	1	1/32		1/32	1	48									
5	4	7	7	0.5	1/8	1/8	Chord	2/4	2	2	1/8		1/8	1	49									
5	4	15/2	15/2	0.375	1/4	1/4	Chord	2/4	2	2	3/32		1/16	3/2	50									
5	4	63/8	63/8	0.125	11/32	11/32	Chord	2/4	2	2	1/32		1/32	1	51									
5	4	8	8	0.375	3/8	3/8	Chord	2/4	2	2	3/32		1/16	3/2	52									
5	4	67/8	67/8	0.125	15/32	15/32	Chord	2/4	2	2	1/32		1/32	1	53									
6	5	17/2	17/2	0.25	0	0	Chord	2/4	1	1	1/16		1/16	1	54									
6	5	35/4	35/4	0.5	1/16	1/16	Chord	2/4	1	1	1/8		1/8	1	55									
6	5	37/4	37/4	0.25	3/16	3/16	Chord	2/4	1	1	1/16		1/16	1	56									
6	5	19/2	19/2	0.125	1/4	1/4	Chord	2/4	1	1	1/32		1/32	1	57									
6	5	77/8	77/8	0.125	9/32	9/32	Chord	2/4	1	1	1/32		1/32	1	58									
6	5	39/4	39/4	0.125	5/16	5/16	Chord	2/4	1	1	1/32		1/32	1	59									
6	5	79/8	79/8	0.125	11/32	11/32	Chord	2/4	1	1	1/32		1/32	1	60									
6	5	10	10	0.125	3/8	3/8	Chord	2/4	1	1	1/32		1/32	1	61									
6	5	81/8	81/8	0.125	13/32	13/32	Chord	2/4	1	1	1/32		1/32	1	62									
6	5	41/4	41/4	0.125	7/16	7/16	Chord	2/4	1	1	1/32		1/32	1	63									
6	5	83/8	83/8	0.125	15/32	15/32	Chord	2/4	1	1	1/32		1/32	1	64									
6	5	17/2	17/2	0.5	0	0	Chord	2/4	2	1	1/8		1/8	1	65									
6	5	9	9	0.5	1/8	1/8	Chord	2/4	2	1	1/8		1/8	1	66									
6	5	19/2	19/2	0.25	1/4	1/4	Chord	2/4	2	1	1/16		1/16	1	67									
6	5	39/4	39/4	0.5	5/16	5/16	Chord	2/4	2	1	1/8		1/8	1	68									
6	5	41/4	41/4	0.125	7/16	7/16	Chord	2/4	2	1	1/32		1/32	1	69									
6	5	83/8	83/8	0.125	15/32	15/32	Chord	2/4	2	1	1/32		1/32	1	70									
6	5	17/2	17/2	0.5	0	0	Chord	2/4	2	2	1/8		1/8	1	71									
6	5	9	9	0.5	1/8	1/8	Chord	2/4	2	2	1/8		1/8	1	72									
6	5	19/2	19/2	0.75	1/4	1/4	Chord	2/4	2	2	3/16		1/8	3/2	73									
6	5	41/4	41/4	0.25	7/16	7/16	Chord	2/4	2	2	1/16		1/16	1	74									
7	6	21/2	21/2	0.0	0	0	Chord	2/4	1	1	0	grace32	1/32	1	75									
7	6	21/2	21/2	0.25	0	0	Chord	2/4	1	1	1/16		1/16	1	76									
7	6	43/4	43/4	0.125	1/16	1/16	Chord	2/4	1	1	1/32		1/32	1	77									
7	6	87/8	87/8	0.125	3/32	3/32	Chord	2/4	1	1	1/32		1/32	1	78									
7	6	11	11	0.125	1/8	1/8	Chord	2/4	1	1	1/32		1/32	1	79									
7	6	89/8	89/8	0.125	5/32	5/32	Chord	2/4	1	1	1/32		1/32	1	80									
7	6	45/4	45/4	0.125	3/16	3/16	Chord	2/4	1	1	1/32		1/32	1	81									
7	6	91/8	91/8	0.125	7/32	7/32	Chord	2/4	1	1	1/32		1/32	1	82									
7	6	23/2	23/2	0.375	1/4	1/4	Chord	2/4	1	1	3/32		1/16	3/2	83									
7	6	95/8	95/8	0.125	11/32	11/32	Chord	2/4	1	1	1/32		1/32	1	84									
7	6	12	12	0.0	3/8	3/8	Chord	2/4	1	1	0	grace16	1/16	1	85									
7	6	12	12	0.25	3/8	3/8	Chord	2/4	1	1	1/16		1/16	1	86									
7	6	49/4	49/4	0.125	7/16	7/16	Chord	2/4	1	1	1/32		1/32	1	87									
7	6	99/8	99/8	0.125	15/32	15/32	Chord	2/4	1	1	1/32		1/32	1	88									
7	6	21/2	21/2	0.5	0	0	Chord	2/4	2	1	1/8		1/8	1	89									
7	6	11	11	0.5	1/8	1/8	Chord	2/4	2	1	1/8		1/8	1	90									
7	6	23/2	23/2	1.0	1/4	1/4	Chord	2/4	2	1	1/4		1/4	1	91									
7	6	21/2	21/2	0.5	0	0	Chord	2/4	2	2	1/8		1/8	1	92									
7	6	11	11	0.5	1/8	1/8	Chord	2/4	2	2	1/8		1/8	1	93									
7	6	23/2	23/2	0.5	1/4	1/4	Chord	2/4	2	2	1/8		1/8	1	94									
7	6	12	12	0.5	3/8	3/8	Chord	2/4	2	2	1/8		1/8	1	95									
8	7	25/2	25/2	0.0	0	0	Chord	2/4	1	1	0	grace4	1/4	1	96									
8	7	25/2	25/2	2.0	0	0	Chord	2/4	1	1	1/2		1/2	1	97									
8	7	25/2	25/2	0.5	0	0	Chord	2/4	2	1	1/8		1/8	1	98									
8	7	13	13	1.0	1/8	1/8	Chord	2/4	2	1	1/4		1/4	1	99									
8	7	14	14	0.5	3/8	3/8	Chord	2/4	2	1	1/8		1/8	1	100									
8	7	25/2	25/2	1.0	0	0	Chord	2/4	2	2	1/4		1/4	1	101									
8	7	27/2	27/2	1.0	1/4	1/4	Chord	2/4	2	2	1/4		1/4	1	102									
9	8	29/2	29/2	0.375	0	0	Chord	2/4	1	1	3/32		1/16	3/2	103									
9	8	119/8	119/8	0.125	3/32	3/32	Chord	2/4	1	1	1/32		1/32	1	104									
9	8	15	15	0.16666666666666666	1/8	1/8	Chord	2/4	1	1	1/24		1/16	2/3	105									
9	8	91/6	91/6	0.16666666666666666	1/6	1/6	Chord	2/4	1	1	1/24		1/16	2/3	106									
9	8	46/3	46/3	0.16666666666666666	5/24	5/24	Chord	2/4	1	1	1/24		1/16	2/3	107									
9	8	31/2	31/2	0.0	1/4	1/4	Chord	2/4	1	1	0	grace16	1/16	1	108									
9	8	31/2	31/2	0.375	1/4	1/4	Chord	2/4	1	1	3/32		1/16	3/2	109									
9	8	127/8	127/8	0.125	11/32	11/32	Chord	2/4	1	1	1/32		1/32	1	110									
9	8	16	16	0.16666666666666666	3/8	3/8	Chord	2/4	1	1	1/24		1/16	2/3	111									
9	8	97/6	97/6	0.16666666666666666	5/12	5/12	Chord	2/4	1	1	1/24		1/16	2/3	112									
9	8	49/3	49/3	0.16666666666666666	11/24	11/24	Chord	2/4	1	1	1/24		1/16	2/3	113									
9	8	29/2	29/2	0.375	0	0	Chord	2/4	1	2	3/32		1/16	3/2	114									
9	8	119/8	119/8	0.125	3/32	3/32	Chord	2/4	1	2	1/32		1/32	1	115									
9	8	29/2	29/2	0.375	0	0	Chord	2/4	2	1	3/32		1/16	3/2	116									
9	8	119/8	119/8	0.125	3/32	3/32	Chord	2/4	2	1	1/32		1/32	1	117									
9	8	15	15	0.5	1/8	1/8	Chord	2/4	2	1	1/8		1/8	1	118									
9	8	31/2	31/2	0.375	1/4	1/4	Chord	2/4	2	2	3/32		1/16	3/2	119									
9	8	127/8	127/8	0.125	11/32	11/32	Chord	2/4	2	2	1/32		1/32	1	120									
9	8	16	16	0.5	3/8	3/8	Chord	2/4	2	2	1/8		1/8	1	121									
10	9	33/2	33/2	0.5	0	0	Chord	2/4	1	1	1/8		1/8	1	122									
10	9	17	17	0.0	1/8	1/8	Dynamic	2/4	1	1	0					p								
10	9	17	17	0.5	1/8	1/8	Chord	2/4	1	1	1/8		1/8	1	123									
10	9	35/2	35/2	0.0	1/4	1/4	Chord	2/4	1	1	0	grace16	1/16	1	124									
10	9	35/2	35/2	0.5	1/4	1/4	Chord	2/4	1	1	1/8		1/8	1	125									
10	9	18	18	0.0	3/8	3/8	Chord	2/4	1	1	0	grace16	1/16	1	126									
10	9	18	18	0.5	3/8	3/8	Chord	2/4	1	1	1/8		1/8	1	127									1
10	9	33/2	33/2	0.5	0	0	Chord	2/4	2	1	1/8		1/8	1	128									
10	9	33/2	33/2	0.5	0	0	Chord	2/4	2	2	1/8		1/8	1	129									
11	10	37/2	37/2	0.0	0	0	Chord	2/4	1	1	0	grace16	1/16	1	130									
11	10	37/2	37/2	1.0	0	0	Chord	2/4	1	1	1/4		1/4	1	131									2
11	10	39/2	39/2	0.75	1/4	1/4	Chord	2/4	1	1	3/16		1/8	3/2	132									
11	10	81/4	81/4	0.25	7/16	7/16	Chord	2/4	1	1	1/16		1/16	1	133									
11	10	19	19	0.5	1/8	1/8	Chord	2/4	2	1	1/8		1/8	1	134									
11	10	39/2	39/2	0.0	1/4	1/4	Chord	2/4	2	1	0	grace16	1/16	1	135									
11	10	39/2	39/2	0.5	1/4	1/4	Chord	2/4	2	1	1/8		1/8	1	136									
11	10	20	20	0.0	3/8	3/8	Chord	2/4	2	1	0	grace16	1/16	1	137									
11	10	20	20	0.5	3/8	3/8	Chord	2/4	2	1	1/8		1/8	1	138									3
12	11	41/2	41/2	0.125	0	0	Chord	2/4	1	1	1/32		1/32	1	139									
12	11	165/8	165/8	0.125	1/32	1/32	Chord	2/4	1	1	1/32		1/32	1	140									4
12	11	83/4	83/4	0.125	1/16	1/16	Chord	2/4	1	1	1/32		1/32	1	141									4
12	11	167/8	167/8	0.125	3/32	3/32	Chord	2/4	1	1	1/32		1/32	1	142									
12	11	21	21	0.125	1/8	1/8	Chord	2/4	1	1	1/32		1/32	1	143									
12	11	169/8	169/8	0.125	5/32	5/32	Chord	2/4	1	1	1/32		1/32	1	144									
12	11	85/4	85/4	0.125	3/16	3/16	Chord	2/4	1	1	1/32		1/32	1	145									
12	11	171/8	171/8	0.125	7/32	7/32	Chord	2/4	1	1	1/32		1/32	1	146									
12	11	43/2	43/2	0.5	1/4	1/4	Chord	2/4	1	1	1/8		1/8	1	147									5
12	11	22	22	0.375	3/8	3/8	Chord	2/4	1	1	3/32		1/16	3/2	148									
12	11	179/8	179/8	0.125	15/32	15/32	Chord	2/4	1	1	1/32		1/32	1	149									
12	11	41/2	41/2	0.0	0	0	Chord	2/4	2	1	0	grace16	1/16	1	150									
12	11	41/2	41/2	0.5	0	0	Chord	2/4	2	1	1/8		1/8	1	151									6
12	11	21	21	0.375	1/8	1/8	Chord	2/4	2	1	3/32		1/16	3/2	152									
12	11	171/8	171/8	0.125	7/32	7/32	Chord	2/4	2	1	1/32		1/32	1	153									
12	11	43/2	43/2	0.125	1/4	1/4	Chord	2/4	2	1	1/32		1/32	1	154									
12	11	173/8	173/8	0.125	9/32	9/32	Chord	2/4	2	1	1/32		1/32	1	155									7
12	11	87/4	87/4	0.125	5/16	5/16	Chord	2/4	2	1	1/32		1/32	1	156									7
12	11	175/8	175/8	0.125	11/32	11/32	Chord	2/4	2	1	1/32		1/32	1	157									
12	11	22	22	0.125	3/8	3/8	Chord	2/4	2	1	1/32		1/32	1	158									
12	11	177/8	177/8	0.125	13/32	13/32	Chord	2/4	2	1	1/32		1/32	1	159									
12	11	89/4	89/4	0.125	7/16	7/16	Chord	2/4	2	1	1/32		1/32	1	160									
12	11	179/8	179/8	0.125	15/32	15/32	Chord	2/4	2	1	1/32		1/32	1	161									
13	12	45/2	45/2	0.125	0	0	Chord	2/4	1	1	1/32		1/32	1	162									
13	12	181/8	181/8	0.125	1/32	1/32	Chord	2/4	1	1	1/32		1/32	1	163									8
13	12	91/4	91/4	0.125	1/16	1/16	Chord	2/4	1	1	1/32		1/32	1	164									8
13	12	183/8	183/8	0.125	3/32	3/32	Chord	2/4	1	1	1/32		1/32	1	165									
13	12	185/8	185/8	0.125	5/32	5/32	Chord	2/4	1	1	1/32		1/32	1	166									
13	12	93/4	93/4	0.125	3/16	3/16	Chord	2/4	1	1	1/32		1/32	1	167									
13	12	187/8	187/8	0.125	7/32	7/32	Chord	2/4	1	1	1/32		1/32	1	168									
13	12	47/2	47/2	1.0	1/4	1/4	Chord	2/4	1	1	1/4		1/4	1	169									
13	12	23	23	0.5	1/8	1/8	Chord	2/4	1	2	1/8		1/8	1	170									
13	12	24	24	0.5	3/8	3/8	Chord	2/4	1	2	1/8		1/8	1	171									
13	12	45/2	45/2	0.5	0	0	Chord	2/4	2	1	1/8		1/8	1	172									
13	12	23	23	0.5	1/8	1/8	Chord	2/4	2	1	1/8		1/8	1	173									
13	12	24	24	0.5	3/8	3/8	Chord	2/4	2	1	1/8		1/8	1	174									
14	13	49/2	49/2	0.5	0	0	Chord	2/4	1	1	1/8		1/8	1	175									
14	13	25	25	0.0	1/8	1/8	Chord	2/4	1	1	0	grace32	1/32	1	176									
14	13	25	25	0.25	1/8	1/8	Chord	2/4	1	1	1/16		1/16	1	177									
14	13	101/4	101/4	0.125	3/16	3/16	Chord	2/4	1	1	1/32		1/32	1	178									
14	13	203/8	203/8	0.125	7/32	7/32	Chord	2/4	1	1	1/32		1/32	1	179									
14	13	51/2	51/2	0.5	1/4	1/4	Chord	2/4	1	1	1/8		1/8	1	180									
14	13	26	26	0.375	3/8	3/8	Chord	2/4	1	1	3/32		1/16	3/2	181									
14	13	211/8	211/8	0.125	15/32	15/32	Chord	2/4	1	1	1/32		1/32	1	182									
14	13	49/2	49/2	0.25	0	0	Chord	2/4	1	2	1/16		1/16	1	183									
14	13	99/4	99/4	0.5	1/16	1/16	Chord	2/4	1	2	1/8		1/8	1	184									
14	13	101/4	101/4	0.25	3/16	3/16	Chord	2/4	1	2	1/16		1/16	1	185									
14	13	51/2	51/2	0.5	1/4	1/4	Chord	2/4	1	2	1/8		1/8	1	186									
14	13	26	26	0.375	3/8	3/8	Chord	2/4	1	2	3/32		1/16	3/2	187									
14	13	211/8	211/8	0.125	15/32	15/32	Chord	2/4	1	2	1/32		1/32	1	188									
14	13	49/2	49/2	0.5	0	0	Chord	2/4	2	1	1/8		1/8	1	189									
14	13	25	25	1.0	1/8	1/8	Chord	2/4	2	1	1/4		1/4	1	190									
14	13	26	26	0.5	3/8	3/8	Chord	2/4	2	1	1/8		1/8	1	191									
15	14	53/2	53/2	0.375	0	0	Chord	2/4	1	1	3/32		1/16	3/2	192									
15	14	215/8	215/8	0.125	3/32	3/32	Chord	2/4	1	1	1/32		1/32	1	193									
15	14	27	27	0.375	1/8	1/8	Chord	2/4	1	1	3/32		1/16	3/2	194									
15	14	219/8	219/8	0.125	7/32	7/32	Chord	2/4	1	1	1/32		1/32	1	195									
15	14	55/2	55/2	0.0	1/4	1/4	Chord	2/4	1	1	0	appoggiatura	1/8	1	196									
15	14	55/2	55/2	1.0	1/4	1/4	Chord	2/4	1	1	1/4		1/4	1	197									
15	14	53/2	53/2	0.375	0	0	Chord	2/4	1	2	3/32		1/16	3/2	198									
15	14	215/8	215/8	0.125	3/32	3/32	Chord	2/4	1	2	1/32		1/32	1	199									
15	14	27	27	0.375	1/8	1/8	Chord	2/4	1	2	3/32		1/16	3/2	200									
15	14	219/8	219/8	0.125	7/32	7/32	Chord	2/4	1	2	1/32		1/32	1	201									
15	14	55/2	55/2	0.0	1/4	1/4	Chord	2/4	1	2	0	appoggiatura	1/8	1	202									
15	14	55/2	55/2	1.0	1/4	1/4	Chord	2/4	1	2	1/4		1/4	1	203									
15	14	53/2	53/2	1.0	0	0	Chord	2/4	2	1	1/4		1/4	1	204									
15	14	227/8	227/8	0.0	15/32	15/32	Dynamic	2/4	2	1	0					f								
15	14	227/8	227/8	0.125	15/32	15/32	Chord	2/4	2	1	1/32		1/32	1	205									
16	15	231/8	231/8	0.125	3/32	3/32	Chord	2/4	1	1	1/32		1/32	1	206									
16	15	29	29	0.375	1/8	1/8	Chord	2/4	1	1	3/32		1/16	3/2	207									
16	15	235/8	235/8	0.125	7/32	7/32	Chord	2/4	1	1	1/32		1/32	1	208									
16	15	59/2	59/2	0.0	1/4	1/4	Chord	2/4	1	1	0	appoggiatura	1/8	1	209									
16	15	59/2	59/2	1.0	1/4	1/4	Chord	2/4	1	1	1/4		1/4	1	210									
16	15	231/8	231/8	0.125	3/32	3/32	Chord	2/4	1	2	1/32		1/32	1	211									
16	15	29	29	0.375	1/8	1/8	Chord	2/4	1	2	3/32		1/16	3/2	212									
16	15	235/8	235/8	0.125	7/32	7/32	Chord	2/4	1	2	1/32		1/32	1	213									
16	15	59/2	59/2	0.0	1/4	1/4	Chord	2/4	1	2	0	appoggiatura	1/8	1	214									
16	15	59/2	59/2	1.0	1/4	1/4	Chord	2/4	1	2	1/4		1/4	1	215									
16	15	57/2	57/2	0.5	0	0	Chord	2/4	2	1	1/8		1/8	1	216									
16	15	29	29	1.0	1/8	1/8	Chord	2/4	2	1	1/4		1/4	1	217									
16	15	30	30	0.125	3/8	3/8	Chord	2/4	2	1	1/32		1/32	1	218									
16	15	241/8	241/8	0.125	13/32	13/32	Chord	2/4	2	1	1/32		1/32	1	219									
16	15	121/4	121/4	0.125	7/16	7/16	Chord	2/4	2	1	1/32		1/32	1	220									
16	15	243/8	243/8	0.125	15/32	15/32	Chord	2/4	2	1	1/32		1/32	1	221									
17	16	247/8	247/8	0.125	3/32	3/32	Chord	2/4	1	1	1/32		1/32	1	222									
17	16	31	31	0.375	1/8	1/8	Chord	2/4	1	1	3/32		1/16	3/2	223									
17	16	251/8	251/8	0.125	7/32	7/32	Chord	2/4	1	1	1/32		1/32	1	224									
17	16	63/2	63/2	0.5	1/4	1/4	Chord	2/4	1	1	1/8		1/8	1	225									
17	16	247/8	247/8	0.125	3/32	3/32	Chord	2/4	1	2	1/32		1/32	1	226									
17	16	31	31	0.375	1/8	1/8	Chord	2/4	1	2	3/32		1/16	3/2	227									
17	16	251/8	251/8	0.125	7/32	7/32	Chord	2/4	1	2	1/32		1/32	1	228									
17	16	63/2	63/2	0.5	1/4	1/4	Chord	2/4	1	2	1/8		1/8	1	229									
17	16	61/2	61/2	0.5	0	0	Chord	2/4	2	1	1/8		1/8	1	230									
17	16	31	31	0.5	1/8	1/8	Chord	2/4	2	1	1/8		1/8	1	231									
17	16	63/2	63/2	0.375	1/4	1/4	Chord	2/4	2	1	3/32		1/16	3/2	232									
17	16	255/8	255/8	0.125	11/32	11/32	Chord	2/4	2	1	1/32		1/32	1	233									
17	16	32	32	0.125	3/8	3/8	Chord	2/4	2	1	1/32		1/32	1	234									
17	16	257/8	257/8	0.125	13/32	13/32	Chord	2/4	2	1	1/32		1/32	1	235									
17	16	129/4	129/4	0.125	7/16	7/16	Chord	2/4	2	1	1/32		1/32	1	236									
17	16	259/8	259/8	0.125	15/32	15/32	Chord	2/4	2	1	1/32		1/32	1	237									
18	17	33	33	0.375	1/8	1/8	Chord	2/4	1	1	3/32		1/16	3/2	238									
18	17	267/8	267/8	0.125	7/32	7/32	Chord	2/4	1	1	1/32		1/32	1	239									
18	17	67/2	67/2	0.0	1/4	1/4	Chord	2/4	1	1	0	appoggiatura	1/8	1	240									
18	17	67/2	67/2	1.0	1/4	1/4	Chord	2/4	1	1	1/4		1/4	1	241									
18	17	65/2	65/2	0.375	0	0	Chord	2/4	1	2	3/32		1/16	3/2	242									
18	17	263/8	263/8	0.125	3/32	3/32	Chord	2/4	1	2	1/32		1/32	1	243									
18	17	33	33	1.0	1/8	1/8	Chord	2/4	1	2	1/4		1/4	1	244									
18	17	34	34	0.5	3/8	3/8	Chord	2/4	1	2	1/8		1/8	1	245									
18	17	33	33	1.0	1/8	1/8	Chord	2/4	2	1	1/4		1/4	1	246									
18	17	34	34	0.5	3/8	3/8	Chord	2/4	2	1	1/8		1/8	1	247									
19	18	35	35	0.5	1/8	1/8	Chord	2/4	1	1	1/8		1/8	1	248									
19	18	71/2	71/2	0.375	1/4	1/4	Chord	2/4	1	1	3/32		1/16	3/2	249									
19	18	287/8	287/8	0.125	11/32	11/32	Chord	2/4	1	1	1/32		1/32	1	250									
19	18	36	36	0.5	3/8	3/8	Chord	2/4	1	1	1/8		1/8	1	251									
19	18	35	35	0.375	1/8	1/8	Chord	2/4	1	2	3/32		1/16	3/2	252									
19	18	283/8	283/8	0.125	7/32	7/32	Chord	2/4	1	2	1/32		1/32	1	253									
19	18	71/2	71/2	0.5	1/4	1/4	Chord	2/4	1	2	1/8		1/8	1	254									
19	18	36	36	0.5	3/8	3/8	Chord	2/4	1	2	1/8		1/8	1	255									
19	18	69/2	69/2	1.0	0	0	Chord	2/4	2	1	1/4		1/4	1	256									9
19	18	71/2	71/2	0.5	1/4	1/4	Chord	2/4	2	1	1/8		1/8	1	257									
19	18	36	36	0.5	3/8	3/8	Chord	2/4	2	1	1/8		1/8	1	258									
20	19	73/2	73/2	0.25	0	0	Chord	2/4	1	1	1/16		1/16	1	259									
20	19	147/4	147/4	0.5	1/16	1/16	Chord	2/4	1	1	1/8		1/8	1	260									
20	19	149/4	149/4	0.25	3/16	3/16	Chord	2/4	1	1	1/16		1/16	1	261									
20	19	75/2	75/2	0.125	1/4	1/4	Chord	2/4	1	1	1/32		1/32	1	262									
20	19	301/8	301/8	0.125	9/32	9/32	Chord	2/4	1	1	1/32		1/32	1	263									
20	19	151/4	151/4	0.125	5/16	5/16	Chord	2/4	1	1	1/32		1/32	1	264									
20	19	303/8	303/8	0.125	11/32	11/32	Chord	2/4	1	1	1/32		1/32	1	265									
20	19	38	38	0.125	3/8	3/8	Chord	2/4	1	1	1/32		1/32	1	266									
20	19	305/8	305/8	0.125	13/32	13/32	Chord	2/4	1	1	1/32		1/32	1	267									
20	19	153/4	153/4	0.125	7/16	7/16	Chord	2/4	1	1	1/32		1/32	1	268									
20	19	307/8	307/8	0.125	15/32	15/32	Chord	2/4	1	1	1/32		1/32	1	269									
20	19	73/2	73/2	0.5	0	0	Chord	2/4	1	2	1/8		1/8	1	270									
20	19	37	37	0.5	1/8	1/8	Chord	2/4	1	2	1/8		1/8	1	271									
20	19	75/2	75/2	0.25	1/4	1/4	Chord	2/4	2	1	1/16		1/16	1	272									
20	19	151/4	151/4	0.5	5/16	5/16	Chord	2/4	2	1	1/8		1/8	1	273									
20	19	153/4	153/4	0.125	7/16	7/16	Chord	2/4	2	1	1/32		1/32	1	274									
20	19	307/8	307/8	0.125	15/32	15/32	Chord	2/4	2	1	1/32		1/32	1	275									
20	19	73/2	73/2	0.5	0	0	Chord	2/4	2	2	1/8		1/8	1	276									
20	19	37	37	0.5	1/8	1/8	Chord	2/4	2	2	1/8		1/8	1	277									
20	19	75/2	75/2	0.75	1/4	1/4	Chord	2/4	2	2	3/16		1/8	3/2	278									
20	19	153/4	153/4	0.25	7/16	7/16	Chord	2/4	2	2	1/16		1/16	1	279									
21	20	77/2	77/2	0.125	0	0	Chord	2/4	1	1	1/32		1/32	1	280									
21	20	309/8	309/8	0.125	1/32	1/32	Chord	2/4	1	1	1/32		1/32	1	281									
21	20	155/4	155/4	0.125	1/16	1/16	Chord	2/4	1	1	1/32		1/32	1	282									
21	20	311/8	311/8	0.125	3/32	3/32	Chord	2/4	1	1	1/32		1/32	1	283									
21	20	39	39	0.125	1/8	1/8	Chord	2/4	1	1	1/32		1/32	1	284									
21	20	313/8	313/8	0.125	5/32	5/32	Chord	2/4	1	1	1/32		1/32	1	285									
21	20	157/4	157/4	0.125	3/16	3/16	Chord	2/4	1	1	1/32		1/32	1	286									
21	20	315/8	315/8	0.125	7/32	7/32	Chord	2/4	1	1	1/32		1/32	1	287									
21	20	79/2	79/2	0.0	1/4	1/4	Chord	2/4	1	1	0	appoggiatura	1/8	1	288									
21	20	79/2	79/2	1.0	1/4	1/4	Chord	2/4	1	1	1/4		1/4	1	289									
21	20	77/2	77/2	0.25	0	0	Chord	2/4	2	1	1/16		1/16	1	290									
21	20	155/4	155/4	0.5	1/16	1/16	Chord	2/4	2	1	1/8		1/8	1	291									
21	20	157/4	157/4	0.25	3/16	3/16	Chord	2/4	2	1	1/16		1/16	1	292									
21	20	79/2	79/2	0.16666666666666666	1/4	1/4	Chord	2/4	2	1	1/24		1/16	2/3	293									
21	20	119/3	119/3	0.16666666666666666	7/24	7/24	Chord	2/4	2	1	1/24		1/16	2/3	294									
21	20	239/6	239/6	0.16666666666666666	1/3	1/3	Chord	2/4	2	1	1/24		1/16	2/3	295									
21	20	40	40	0.5	3/8	3/8	Chord	2/4	2	1	1/8		1/8	1	296									
21	20	77/2	77/2	0.5	0	0	Chord	2/4	2	2	1/8		1/8	1	297									
21	20	39	39	0.5	1/8	1/8	Chord	2/4	2	2	1/8		1/8	1	298									
21	20	79/2	79/2	0.5	1/4	1/4	Chord	2/4	2	2	1/8		1/8	1	299									
21	20	40	40	0.5	3/8	3/8	Chord	2/4	2	2	1/8		1/8	1	300									
22	21	81/2	81/2	0.0	0	0	StaffText	2/4	1	1	0							Adagio						
22	21	41	41	0.0	1/8	1/8	Dynamic	2/4	1	1	0					p								
22	21	41	41	0.0	1/8	1/8	StaffText	2/4	1	1	0							espr.						
22	21	41	41	0.375	1/8	1/8	Chord	2/4	1	1	3/32		1/16	3/2	301		ornamentTurn							
22	21	331/8	331/8	0.125	7/32	7/32	Chord	2/4	1	1	1/32		1/32	1	302									
22	21	83/2	83/2	0.0	1/4	1/4	Chord	2/4	1	1	0	appoggiatura	1/8	1	303									
22	21	83/2	83/2	1.0	1/4	1/4	Chord	2/4	1	1	1/4		1/4	1	304									
22	21	41	41	0.5	1/8	1/8	Chord	2/4	2	1	1/8		1/8	1	305									
22	21	83/2	83/2	1.0	1/4	1/4	Chord	2/4	2	1	1/4		1/4	1	306									
22	21	41	41	0.5	1/8	1/8	Chord	2/4	2	2	1/8		1/8	1	307									
22	21	83/2	83/2	1.0	1/4	1/4	Chord	2/4	2	2	1/4		1/4	1	308									
23	22	85/2	85/2	0.0	0	0	StaffText	2/4	1	1	0							Allegro						
23	22	343/8	343/8	0.0	3/32	3/32	Dynamic	2/4	1	1	0					f								
23	22	343/8	343/8	0.125	3/32	3/32	Chord	2/4	1	1	1/32		1/32	1	309									
23	22	43	43	0.0	1/8	1/8	Chord	2/4	1	1	0	grace32	1/32	1	310									
23	22	43	43	0.375	1/8	1/8	Chord	2/4	1	1	3/32		1/16	3/2	311									
23	22	347/8	347/8	0.0	7/32	7/32	Chord	2/4	1	1	0	grace32	1/32	1	312									
23	22	347/8	347/8	0.125	7/32	7/32	Chord	2/4	1	1	1/32		1/32	1	313									
23	22	87/2	87/2	0.125	1/4	1/4	Chord	2/4	1	1	1/32		1/32	1	314									
23	22	349/8	349/8	0.125	9/32	9/32	Chord	2/4	1	1	1/32		1/32	1	315									
23	22	175/4	175/4	0.125	5/16	5/16	Chord	2/4	1	1	1/32		1/32	1	316									
23	22	351/8	351/8	0.125	11/32	11/32	Chord	2/4	1	1	1/32		1/32	1	317									
23	22	44	44	0.0	3/8	3/8	Chord	2/4	1	1	0	grace16	1/16	1	318									
23	22	44	44	0.5	3/8	3/8	Chord	2/4	1	1	1/8		1/8	1	319									
23	22	43	43	0.25	1/8	1/8	Chord	2/4	1	2	1/16		1/16	1	320									
23	22	173/4	173/4	0.25	3/16	3/16	Chord	2/4	1	2	1/16		1/16	1	321									
23	22	87/2	87/2	0.5	1/4	1/4	Chord	2/4	1	2	1/8		1/8	1	322									
23	22	44	44	0.0	3/8	3/8	Chord	2/4	1	2	0	grace16	1/16	1	323									
23	22	44	44	0.5	3/8	3/8	Chord	2/4	1	2	1/8		1/8	1	324									
23	22	349/8	349/8	0.25	9/32	9/32	Chord	2/4	1	3	1/16		1/16	1	325									
23	22	351/8	351/8	0.125	11/32	11/32	Chord	2/4	1	3	1/32		1/32	1	326									
23	22	43	43	0.5	1/8	1/8	Chord	2/4	2	1	1/8		1/8	1	327									
23	22	87/2	87/2	0.5	1/4	1/4	Chord	2/4	2	1	1/8		1/8	1	328									
23	22	44	44	0.5	3/8	3/8	Chord	2/4	2	1	1/8		1/8	1	329									
24	23	89/2	89/2	0.375	0	0	Chord	2/4	1	1	3/32		1/16	3/2	330									
24	23	359/8	359/8	0.125	3/32	3/32	Chord	2/4	1	1	1/32		1/32	1	331									
24	23	45	45	0.25	1/8	1/8	Chord	2/4	1	1	1/16		1/16	1	332									
24	23	181/4	181/4	0.125	3/16	3/16	Chord	2/4	1	1	1/32		1/32	1	333									
24	23	363/8	363/8	0.125	7/32	7/32	Chord	2/4	1	1	1/32		1/32	1	334									
24	23	91/2	91/2	0.5	1/4	1/4	Chord	2/4	1	1	1/8		1/8	1	335									10
24	23	46	46	0.25	3/8	3/8	Chord	2/4	1	1	1/16		1/16	1	336									
24	23	185/4	185/4	0.125	7/16	7/16	Chord	2/4	1	1	1/32		1/32	1	337									
24	23	371/8	371/8	0.125	15/32	15/32	Chord	2/4	1	1	1/32		1/32	1	338									
24	23	89/2	89/2	0.0	0	0	Chord	2/4	1	2	0	grace16	1/16	1	339									
24	23	89/2	89/2	0.0	0	0	Chord	2/4	1	2	0	grace16	1/16	1	340									
24	23	89/2	89/2	0.5	0	0	Chord	2/4	1	2	1/8		1/8	1	341									
24	23	91/2	91/2	0.375	1/4	1/4	Chord	2/4	1	2	3/32		1/16	3/2	342									
24	23	367/8	367/8	0.125	11/32	11/32	Chord	2/4	1	2	1/32		1/32	1	343									
24	23	46	46	0.25	3/8	3/8	Chord	2/4	1	2	1/16		1/16	1	344									
24	23	185/4	185/4	0.125	7/16	7/16	Chord	2/4	1	2	1/32		1/32	1	345									
24	23	371/8	371/8	0.125	15/32	15/32	Chord	2/4	1	2	1/32		1/32	1	346									
24	23	89/2	89/2	0.5	0	0	Chord	2/4	2	1	1/8		1/8	1	347									
25	24	93/2	93/2	0.5	0	0	Chord	2/4	1	1	1/8		1/8	1	348									
25	24	47	47	0.5	1/8	1/8	Chord	2/4	1	1	1/8		1/8	1	349									
25	24	95/2	95/2	0.375	1/4	1/4	Chord	2/4	1	1	3/32		1/16	3/2	350									
25	24	383/8	383/8	0.125	11/32	11/32	Chord	2/4	1	1	1/32		1/32	1	351									
25	24	48	48	0.25	3/8	3/8	Chord	2/4	1	1	1/16		1/16	1	352									
25	24	193/4	193/4	0.125	7/16	7/16	Chord	2/4	1	1	1/32		1/32	1	353									
25	24	387/8	387/8	0.125	15/32	15/32	Chord	2/4	1	1	1/32		1/32	1	354									
25	24	93/2	93/2	0.5	0	0	Chord	2/4	1	2	1/8		1/8	1	355									11
25	24	47	47	0.25	1/8	1/8	Chord	2/4	1	2	1/16		1/16	1	356									
25	24	189/4	189/4	0.125	3/16	3/16	Chord	2/4	1	2	1/32		1/32	1	357									
25	24	379/8	379/8	0.125	7/32	7/32	Chord	2/4	1	2	1/32		1/32	1	358									
25	24	95/2	95/2	0.5	1/4	1/4	Chord	2/4	1	2	1/8		1/8	1	359									
25	24	48	48	0.5	3/8	3/8	Chord	2/4	1	2	1/8		1/8	1	360									
25	24	93/2	93/2	0.375	0	0	Chord	2/4	2	1	3/32		1/16	3/2	361									
25	24	375/8	375/8	0.125	3/32	3/32	Chord	2/4	2	1	1/32		1/32	1	362									
25	24	47	47	0.25	1/8	1/8	Chord	2/4	2	1	1/16		1/16	1	363									
25	24	189/4	189/4	0.125	3/16	3/16	Chord	2/4	2	1	1/32		1/32	1	364									
25	24	379/8	379/8	0.125	7/32	7/32	Chord	2/4	2	1	1/32		1/32	1	365									
25	24	95/2	95/2	0.5	1/4	1/4	Chord	2/4	2	1	1/8		1/8	1	366									
25	24	48	48	0.5	3/8	3/8	Chord	2/4	2	1	1/8		1/8	1	367									
26	25	97/2	97/2	1.0	0	0	Chord	2/4	1	1	1/4		1/4	1	368									
26	25	99/2	99/2	0.5	1/4	1/4	Chord	2/4	1	1	1/8		1/8	1	369									
26	25	50	50	0.375	3/8	3/8	Chord	2/4	1	1	3/32		1/16	3/2	370									
26	25	403/8	403/8	0.125	15/32	15/32	Chord	2/4	1	1	1/32		1/32	1	371									
26	25	97/2	97/2	0.375	0	0	Chord	2/4	1	2	3/32		1/16	3/2	372									
26	25	391/8	391/8	0.125	3/32	3/32	Chord	2/4	1	2	1/32		1/32	1	373									
26	25	49	49	0.25	1/8	1/8	Chord	2/4	1	2	1/16		1/16	1	374									
26	25	197/4	197/4	0.125	3/16	3/16	Chord	2/4	1	2	1/32		1/32	1	375									
26	25	395/8	395/8	0.125	7/32	7/32	Chord	2/4	1	2	1/32		1/32	1	376									
26	25	99/2	99/2	0.375	1/4	1/4	Chord	2/4	1	2	3/32		1/16	3/2	377									
26	25	399/8	399/8	0.125	11/32	11/32	Chord	2/4	1	2	1/32		1/32	1	378									
26	25	50	50	0.5	3/8	3/8	Chord	2/4	1	2	1/8		1/8	1	379									
26	25	97/2	97/2	0.5	0	0	Chord	2/4	2	1	1/8		1/8	1	380									
26	25	49	49	0.5	1/8	1/8	Chord	2/4	2	1	1/8		1/8	1	381									
26	25	99/2	99/2	0.5	1/4	1/4	Chord	2/4	2	1	1/8		1/8	1	382									
26	25	50	50	0.5	3/8	3/8	Chord	2/4	2	1	1/8		1/8	1	383									
27	26	101/2	101/2	0.375	0	0	Chord	2/4	1	1	3/32		1/16	3/2	384									
27	26	407/8	407/8	0.125	3/32	3/32	Chord	2/4	1	1	1/32		1/32	1	385									
27	26	51	51	1.0	1/8	1/8	Chord	2/4	1	1	1/4		1/4	1	386									
27	26	52	52	0.375	3/8	3/8	Chord	2/4	1	1	3/32		1/16	3/2	387									
27	26	419/8	419/8	0.125	15/32	15/32	Chord	2/4	1	1	1/32		1/32	1	388									
27	26	101/2	101/2	0.5	0	0	Chord	2/4	1	2	1/8		1/8	1	389									
27	26	51	51	0.375	1/8	1/8	Chord	2/4	1	2	3/32		1/16	3/2	390									
27	26	411/8	411/8	0.125	7/32	7/32	Chord	2/4	1	2	1/32		1/32	1	391									
27	26	103/2	103/2	0.375	1/4	1/4	Chord	2/4	1	2	3/32		1/16	3/2	392									
27	26	415/8	415/8	0.125	11/32	11/32	Chord	2/4	1	2	1/32		1/32	1	393									
27	26	52	52	0.5	3/8	3/8	Chord	2/4	1	2	1/8		1/8	1	394									
27	26	101/2	101/2	0.5	0	0	Chord	2/4	2	1	1/8		1/8	1	395									
27	26	51	51	0.5	1/8	1/8	Chord	2/4	2	1	1/8		1/8	1	396									
27	26	103/2	103/2	0.5	1/4	1/4	Chord	2/4	2	1	1/8		1/8	1	397									
27	26	52	52	0.5	3/8	3/8	Chord	2/4	2	1	1/8		1/8	1	398									
28	27	105/2	105/2	0.375	0	0	Chord	2/4	1	1	3/32		1/16	3/2	399									
28	27	423/8	423/8	0.125	3/32	3/32	Chord	2/4	1	1	1/32		1/32	1	400									
28	27	53	53	0.375	1/8	1/8	Chord	2/4	1	1	3/32		1/16	3/2	401									
28	27	427/8	427/8	0.125	7/32	7/32	Chord	2/4	1	1	1/32		1/32	1	402									
28	27	107/2	107/2	0.0	1/4	1/4	Chord	2/4	1	1	0	appoggiatura	1/8	1	403									
28	27	107/2	107/2	1.0	1/4	1/4	Chord	2/4	1	1	1/4		1/4	1	404		ornamentShortTrill							
28	27	105/2	105/2	0.375	0	0	Chord	2/4	1	2	3/32		1/16	3/2	405									
28	27	423/8	423/8	0.125	3/32	3/32	Chord	2/4	1	2	1/32		1/32	1	406									
28	27	53	53	0.375	1/8	1/8	Chord	2/4	1	2	3/32		1/16	3/2	407									
28	27	427/8	427/8	0.125	7/32	7/32	Chord	2/4	1	2	1/32		1/32	1	408									
28	27	107/2	107/2	0.0	1/4	1/4	Chord	2/4	1	2	0	appoggiatura	1/8	1	409									
28	27	107/2	107/2	1.0	1/4	1/4	Chord	2/4	1	2	1/4		1/4	1	410									
28	27	105/2	105/2	0.375	0	0	Chord	2/4	2	1	3/32		1/16	3/2	411									
28	27	423/8	423/8	0.125	3/32	3/32	Chord	2/4	2	1	1/32		1/32	1	412									
28	27	53	53	0.375	1/8	1/8	Chord	2/4	2	1	3/32		1/16	3/2	413									
28	27	427/8	427/8	0.125	7/32	7/32	Chord	2/4	2	1	1/32		1/32	1	414									
28	27	215/4	215/4	0.5	5/16	5/16	Chord	2/4	2	1	1/8		1/8	1	415									
28	27	217/4	217/4	0.25	7/16	7/16	Chord	2/4	2	1	1/16		1/16	1	416									
28	27	107/2	107/2	1.0	1/4	1/4	Chord	2/4	2	2	1/4		1/4	1	417									
29	28	109/2	109/2	0.375	0	0	Chord	2/4	1	1	3/32		1/16	3/2	418									
29	28	439/8	439/8	0.125	3/32	3/32	Chord	2/4	1	1	1/32		1/32	1	419									
29	28	55	55	0.16666666666666666	1/8	1/8	Chord	2/4	1	1	1/24		1/16	2/3	420									
29	28	331/6	331/6	0.16666666666666666	1/6	1/6	Chord	2/4	1	1	1/24		1/16	2/3	421									
29	28	166/3	166/3	0.16666666666666666	5/24	5/24	Chord	2/4	1	1	1/24		1/16	2/3	422									
29	28	111/2	111/2	0.0	1/4	1/4	Chord	2/4	1	1	0	grace16	1/16	1	423									
29	28	111/2	111/2	0.5	1/4	1/4	Chord	2/4	1	1	1/8		1/8	1	424									
29	28	109/2	109/2	0.5	0	0	Chord	2/4	1	2	1/8		1/8	1	425									
29	28	109/2	109/2	0.375	0	0	Chord	2/4	2	1	3/32		1/16	3/2	426									
29	28	439/8	439/8	0.125	3/32	3/32	Chord	2/4	2	1	1/32		1/32	1	427									
29	28	55	55	0.375	1/8	1/8	Chord	2/4	2	1	3/32		1/16	3/2	428									
29	28	443/8	443/8	0.125	7/32	7/32	Chord	2/4	2	1	1/32		1/32	1	429									
29	28	111/2	111/2	0.0	1/4	1/4	Chord	2/4	2	1	0	grace16	1/16	1	430									
29	28	111/2	111/2	0.5	1/4	1/4	Chord	2/4	2	1	1/8		1/8	1	431									
29	28	109/2	109/2	1.0	0	0	Chord	2/4	2	2	1/4		1/4	1	432									
29	28	111/2	111/2	0.5	1/4	1/4	Chord	2/4	2	2	1/8		1/8	1	433									
30	28	451/8	451/8	0.0	3/32	15/32	Dynamic	2/4	1	1	0					p								
30	28	451/8	451/8	0.125	3/32	15/32	Chord	2/4	1	1	1/32		1/32	1	434									
31	29	113/2	113/2	0.5	0	0	Chord	2/4	1	1	1/8		1/8	1	435									
31	29	57	57	1.0	1/8	1/8	Chord	2/4	1	1	1/4		1/4	1	436									
31	29	58	58	0.125	3/8	3/8	Chord	2/4	1	1	1/32		1/32	1	437									
31	29	465/8	465/8	0.125	13/32	13/32	Chord	2/4	1	1	1/32		1/32	1	438									
31	29	233/4	233/4	0.125	7/16	7/16	Chord	2/4	1	1	1/32		1/32	1	439									
31	29	467/8	467/8	0.125	15/32	15/32	Chord	2/4	1	1	1/32		1/32	1	440									
31	29	57	57	0.375	1/8	1/8	Chord	2/4	2	1	3/32		1/16	3/2	441									
31	29	459/8	459/8	0.125	7/32	7/32	Chord	2/4	2	1	1/32		1/32	1	442									
31	29	115/2	115/2	0.0	1/4	1/4	Chord	2/4	2	1	0	grace16	1/16	1	443									
31	29	115/2	115/2	0.5	1/4	1/4	Chord	2/4	2	1	1/8		1/8	1	444									
31	29	58	58	0.5	3/8	3/8	Chord	2/4	2	1	1/8		1/8	1	445									
31	29	57	57	0.375	1/8	1/8	Chord	2/4	2	2	3/32		1/16	3/2	446									
31	29	459/8	459/8	0.125	7/32	7/32	Chord	2/4	2	2	1/32		1/32	1	447									
31	29	115/2	115/2	0.0	1/4	1/4	Chord	2/4	2	2	0	grace16	1/16	1	448									
31	29	115/2	115/2	0.5	1/4	1/4	Chord	2/4	2	2	1/8		1/8	1	449									
31	29	58	58	0.5	3/8	3/8	Chord	2/4	2	2	1/8		1/8	1	450									
32	30	117/2	117/2	0.5	0	0	Chord	2/4	1	1	1/8		1/8	1	451									
32	30	59	59	1.0	1/8	1/8	Chord	2/4	1	1	1/4		1/4	1	452									
32	30	60	60	0.125	3/8	3/8	Chord	2/4	1	1	1/32		1/32	1	453									
32	30	481/8	481/8	0.125	13/32	13/32	Chord	2/4	1	1	1/32		1/32	1	454									
32	30	241/4	241/4	0.125	7/16	7/16	Chord	2/4	1	1	1/32		1/32	1	455									
32	30	483/8	483/8	0.125	15/32	15/32	Chord	2/4	1	1	1/32		1/32	1	456									
32	30	59	59	0.375	1/8	1/8	Chord	2/4	2	1	3/32		1/16	3/2	457									
32	30	475/8	475/8	0.125	7/32	7/32	Chord	2/4	2	1	1/32		1/32	1	458									
32	30	119/2	119/2	0.5	1/4	1/4	Chord	2/4	2	1	1/8		1/8	1	459									
32	30	60	60	0.5	3/8	3/8	Chord	2/4	2	1	1/8		1/8	1	460									
32	30	59	59	0.375	1/8	1/8	Chord	2/4	2	2	3/32		1/16	3/2	461									
32	30	475/8	475/8	0.125	7/32	7/32	Chord	2/4	2	2	1/32		1/32	1	462									
32	30	119/2	119/2	0.5	1/4	1/4	Chord	2/4	2	2	1/8		1/8	1	463									
32	30	60	60	0.5	3/8	3/8	Chord	2/4	2	2	1/8		1/8	1	464									
33	31	121/2	121/2	0.125	0	0	Chord	2/4	1	1	1/32		1/32	1	465									
33	31	485/8	485/8	0.125	1/32	1/32	Chord	2/4	1	1	1/32		1/32	1	466									
33	31	243/4	243/4	0.125	1/16	1/16	Chord	2/4	1	1	1/32		1/32	1	467									
33	31	487/8	487/8	0.125	3/32	3/32	Chord	2/4	1	1	1/32		1/32	1	468									
33	31	61	61	0.125	1/8	1/8	Chord	2/4	1	1	1/32		1/32	1	469									
33	31	489/8	489/8	0.125	5/32	5/32	Chord	2/4	1	1	1/32		1/32	1	470									
33	31	245/4	245/4	0.125	3/16	3/16	Chord	2/4	1	1	1/32		1/32	1	471									
33	31	491/8	491/8	0.125	7/32	7/32	Chord	2/4	1	1	1/32		1/32	1	472									
33	31	123/2	123/2	0.125	1/4	1/4	Chord	2/4	1	1	1/32		1/32	1	473									
33	31	493/8	493/8	0.125	9/32	9/32	Chord	2/4	1	1	1/32		1/32	1	474									
33	31	247/4	247/4	0.125	5/16	5/16	Chord	2/4	1	1	1/32		1/32	1	475									
33	31	495/8	495/8	0.125	11/32	11/32	Chord	2/4	1	1	1/32		1/32	1	476									
33	31	62	62	0.0	3/8	3/8	Chord	2/4	1	1	0	appoggiatura	1/8	1	477									
33	31	62	62	0.5	3/8	3/8	Chord	2/4	1	1	1/8		1/8	1	478									
33	31	487/8	487/8	0.125	3/32	3/32	Chord	2/4	1	2	1/32		1/32	1	479									
33	31	61	61	0.5	1/8	1/8	Chord	2/4	1	2	1/8		1/8	1	480									
33	31	62	62	0.5	3/8	3/8	Chord	2/4	1	2	1/8		1/8	1	481									
33	31	121/2	121/2	0.25	0	0	Chord	2/4	2	1	1/16		1/16	1	482									
33	31	487/8	487/8	0.125	3/32	3/32	Chord	2/4	2	1	1/32		1/32	1	483									
33	31	61	61	0.5	1/8	1/8	Chord	2/4	2	1	1/8		1/8	1	484									
33	31	121/2	121/2	0.25	0	0	Chord	2/4	2	2	1/16		1/16	1	485									
34	32	125/2	125/2	0.5	0	0	Chord	2/4	1	1	1/8		1/8	1	486									12
34	32	63	63	0.125	1/8	1/8	Chord	2/4	1	1	1/32		1/32	1	487									
34	32	505/8	505/8	0.125	5/32	5/32	Chord	2/4	1	1	1/32		1/32	1	488									
34	32	253/4	253/4	0.125	3/16	3/16	Chord	2/4	1	1	1/32		1/32	1	489									
34	32	507/8	507/8	0.125	7/32	7/32	Chord	2/4	1	1	1/32		1/32	1	490									
34	32	127/2	127/2	0.125	1/4	1/4	Chord	2/4	1	1	1/32		1/32	1	491									
34	32	509/8	509/8	0.125	9/32	9/32	Chord	2/4	1	1	1/32		1/32	1	492									
34	32	255/4	255/4	0.125	5/16	5/16	Chord	2/4	1	1	1/32		1/32	1	493									
34	32	511/8	511/8	0.125	11/32	11/32	Chord	2/4	1	1	1/32		1/32	1	494									
34	32	513/8	513/8	0.125	13/32	13/32	Chord	2/4	1	1	1/32		1/32	1	495									
34	32	257/4	257/4	0.125	7/16	7/16	Chord	2/4	1	1	1/32		1/32	1	496									
34	32	515/8	515/8	0.125	15/32	15/32	Chord	2/4	1	1	1/32		1/32	1	497									
34	32	125/2	125/2	0.5	0	0	Chord	2/4	1	2	1/8		1/8	1	498									13
34	32	63	63	0.5	1/8	1/8	Chord	2/4	1	2	1/8		1/8	1	499									
34	32	64	64	0.5	3/8	3/8	Chord	2/4	1	2	1/8		1/8	1	500									
34	32	125/2	125/2	1.0	0	0	Chord	2/4	2	1	1/4		1/4	1	501									
34	32	515/8	515/8	0.125	15/32	15/32	Chord	2/4	2	1	1/32		1/32	1	502									
35	33	129/2	129/2	0.375	0	0	Chord	2/4	1	1	3/32		1/16	3/2	503									
35	33	519/8	519/8	0.125	3/32	3/32	Chord	2/4	1	1	1/32		1/32	1	504									
35	33	65	65	0.375	1/8	1/8	Chord	2/4	1	1	3/32		1/16	3/2	505									
35	33	523/8	523/8	0.125	7/32	7/32	Chord	2/4	1	1	1/32		1/32	1	506									
35	33	131/2	131/2	0.0	1/4	1/4	Chord	2/4	1	1	0	appoggiatura	1/8	1	507									
35	33	131/2	131/2	1.0	1/4	1/4	Chord	2/4	1	1	1/4		1/4	1	508									
35	33	129/2	129/2	0.375	0	0	Chord	2/4	1	2	3/32		1/16	3/2	509									
35	33	519/8	519/8	0.125	3/32	3/32	Chord	2/4	1	2	1/32		1/32	1	510									
35	33	65	65	0.375	1/8	1/8	Chord	2/4	1	2	3/32		1/16	3/2	511									
35	33	523/8	523/8	0.125	7/32	7/32	Chord	2/4	1	2	1/32		1/32	1	512									
35	33	131/2	131/2	0.0	1/4	1/4	Chord	2/4	1	2	0	appoggiatura	1/8	1	513									
35	33	131/2	131/2	1.0	1/4	1/4	Chord	2/4	1	2	1/4		1/4	1	514									
35	33	129/2	129/2	0.5	0	0	Chord	2/4	2	1	1/8		1/8	1	515									
35	33	65	65	1.0	1/8	1/8	Chord	2/4	2	1	1/4		1/4	1	516									
35	33	66	66	0.125	3/8	3/8	Chord	2/4	2	1	1/32		1/32	1	517									
35	33	529/8	529/8	0.125	13/32	13/32	Chord	2/4	2	1	1/32		1/32	1	518									
35	33	265/4	265/4	0.125	7/16	7/16	Chord	2/4	2	1	1/32		1/32	1	519									
35	33	531/8	531/8	0.125	15/32	15/32	Chord	2/4	2	1	1/32		1/32	1	520									
36	34	67	67	0.125	1/8	1/8	Chord	2/4	1	1	1/32		1/32	1	521									
36	34	537/8	537/8	0.125	5/32	5/32	Chord	2/4	1	1	1/32		1/32	1	522									
36	34	269/4	269/4	0.125	3/16	3/16	Chord	2/4	1	1	1/32		1/32	1	523									
36	34	539/8	539/8	0.125	7/32	7/32	Chord	2/4	1	1	1/32		1/32	1	524									
36	34	135/2	135/2	0.125	1/4	1/4	Chord	2/4	1	1	1/32		1/32	1	525									
36	34	541/8	541/8	0.125	9/32	9/32	Chord	2/4	1	1	1/32		1/32	1	526									
36	34	271/4	271/4	0.125	5/16	5/16	Chord	2/4	1	1	1/32		1/32	1	527									
36	34	543/8	543/8	0.125	11/32	11/32	Chord	2/4	1	1	1/32		1/32	1	528									
36	34	68	68	0.5	3/8	3/8	Chord	2/4	1	1	1/8		1/8	1	529		articStaccatoBelow							
36	34	133/2	133/2	0.5	0	0	Chord	2/4	2	1	1/8		1/8	1	530									
36	34	67	67	1.0	1/8	1/8	Chord	2/4	2	1	1/4		1/4	1	531									
36	34	68	68	0.125	3/8	3/8	Chord	2/4	2	1	1/32		1/32	1	532									
36	34	545/8	545/8	0.125	13/32	13/32	Chord	2/4	2	1	1/32		1/32	1	533									
36	34	273/4	273/4	0.125	7/16	7/16	Chord	2/4	2	1	1/32		1/32	1	534									
36	34	547/8	547/8	0.125	15/32	15/32	Chord	2/4	2	1	1/32		1/32	1	535									
37	35	561/8	561/8	0.125	13/32	13/32	Chord	2/4	1	1	1/32		1/32	1	536									
37	35	281/4	281/4	0.125	7/16	7/16	Chord	2/4	1	1	1/32		1/32	1	537									
37	35	563/8	563/8	0.125	15/32	15/32	Chord	2/4	1	1	1/32		1/32	1	538									
37	35	137/2	137/2	0.125	0	0	Chord	2/4	2	1	1/32		1/32	1	539									
37	35	549/8	549/8	0.125	1/32	1/32	Chord	2/4	2	1	1/32		1/32	1	540									
37	35	275/4	275/4	0.125	1/16	1/16	Chord	2/4	2	1	1/32		1/32	1	541									
37	35	551/8	551/8	0.125	3/32	3/32	Chord	2/4	2	1	1/32		1/32	1	542									
37	35	69	69	0.125	1/8	1/8	Chord	2/4	2	1	1/32		1/32	1	543									
37	35	553/8	553/8	0.125	5/32	5/32	Chord	2/4	2	1	1/32		1/32	1	544									
37	35	277/4	277/4	0.125	3/16	3/16	Chord	2/4	2	1	1/32		1/32	1	545									
37	35	555/8	555/8	0.125	7/32	7/32	Chord	2/4	2	1	1/32		1/32	1	546									
37	35	139/2	139/2	0.125	1/4	1/4	Chord	2/4	2	1	1/32		1/32	1	547									
37	35	557/8	557/8	0.125	9/32	9/32	Chord	2/4	2	1	1/32		1/32	1	548									
37	35	279/4	279/4	0.125	5/16	5/16	Chord	2/4	2	1	1/32		1/32	1	549									
37	35	559/8	559/8	0.125	11/32	11/32	Chord	2/4	2	1	1/32		1/32	1	550									
37	35	70	70	0.0	3/8	3/8	Chord	2/4	2	1	0	grace16	1/16	1	551									
37	35	70	70	0.5	3/8	3/8	Chord	2/4	2	1	1/8		1/8	1	552									
38	36	565/8	565/8	0.125	1/32	1/32	Chord	2/4	1	1	1/32		1/32	1	553									
38	36	283/4	283/4	0.125	1/16	1/16	Chord	2/4	1	1	1/32		1/32	1	554									
38	36	567/8	567/8	0.125	3/32	3/32	Chord	2/4	1	1	1/32		1/32	1	555									
38	36	71	71	0.125	1/8	1/8	Chord	2/4	1	1	1/32		1/32	1	556									
38	36	569/8	569/8	0.125	5/32	5/32	Chord	2/4	1	1	1/32		1/32	1	557									
38	36	285/4	285/4	0.125	3/16	3/16	Chord	2/4	1	1	1/32		1/32	1	558									
38	36	571/8	571/8	0.125	7/32	7/32	Chord	2/4	1	1	1/32		1/32	1	559									
38	36	143/2	143/2	0.125	1/4	1/4	Chord	2/4	1	1	1/32		1/32	1	560									
38	36	573/8	573/8	0.125	9/32	9/32	Chord	2/4	1	1	1/32		1/32	1	561									
38	36	287/4	287/4	0.125	5/16	5/16	Chord	2/4	1	1	1/32		1/32	1	562									
38	36	575/8	575/8	0.125	11/32	11/32	Chord	2/4	1	1	1/32		1/32	1	563									
38	36	72	72	0.0	3/8	3/8	Chord	2/4	1	1	0	grace16	1/16	1	564									
38	36	72	72	0.5	3/8	3/8	Chord	2/4	1	1	1/8		1/8	1	565									
38	36	141/2	141/2	0.375	0	0	Chord	2/4	1	2	3/32		1/16	3/2	566									
38	36	567/8	567/8	0.125	3/32	3/32	Chord	2/4	1	2	1/32		1/32	1	567									
38	36	71	71	0.5	1/8	1/8	Chord	2/4	1	2	1/8		1/8	1	568									
38	36	141/2	141/2	0.375	0	0	Chord	2/4	2	1	3/32		1/16	3/2	569									
38	36	567/8	567/8	0.125	3/32	3/32	Chord	2/4	2	1	1/32		1/32	1	570									
38	36	71	71	0.5	1/8	1/8	Chord	2/4	2	1	1/8		1/8	1	571									
38	36	72	72	0.5	3/8	3/8	Chord	2/4	2	1	1/8		1/8	1	572									
38	36	72	72	0.5	3/8	3/8	Chord	2/4	2	2	1/8		1/8	1	573									
39	37	145/2	145/2	0.125	0	0	Chord	2/4	1	1	1/32		1/32	1	574									
39	37	581/8	581/8	0.125	1/32	1/32	Chord	2/4	1	1	1/32		1/32	1	575									
39	37	291/4	291/4	0.125	1/16	1/16	Chord	2/4	1	1	1/32		1/32	1	576									
39	37	583/8	583/8	0.125	3/32	3/32	Chord	2/4	1	1	1/32		1/32	1	577									
39	37	73	73	0.125	1/8	1/8	Chord	2/4	1	1	1/32		1/32	1	578									
39	37	585/8	585/8	0.125	5/32	5/32	Chord	2/4	1	1	1/32		1/32	1	579									
39	37	293/4	293/4	0.125	3/16	3/16	Chord	2/4	1	1	1/32		1/32	1	580									
39	37	587/8	587/8	0.125	7/32	7/32	Chord	2/4	1	1	1/32		1/32	1	581									
39	37	147/2	147/2	0.125	1/4	1/4	Chord	2/4	1	1	1/32		1/32	1	582									
39	37	589/8	589/8	0.125	9/32	9/32	Chord	2/4	1	1	1/32		1/32	1	583									
39	37	295/4	295/4	0.125	5/16	5/16	Chord	2/4	1	1	1/32		1/32	1	584									
39	37	591/8	591/8	0.125	11/32	11/32	Chord	2/4	1	1	1/32		1/32	1	585									
39	37	74	74	0.0	3/8	3/8	Chord	2/4	1	1	0	grace16	1/16	1	586									
39	37	74	74	0.5	3/8	3/8	Chord	2/4	1	1	1/8		1/8	1	587									
39	37	145/2	145/2	0.5	0	0	Chord	2/4	2	1	1/8		1/8	1	588									
39	37	73	73	1.0	1/8	1/8	Chord	2/4	2	1	1/4		1/4	1	589									
39	37	74	74	0.5	3/8	3/8	Chord	2/4	2	1	1/8		1/8	1	590									
39	37	145/2	145/2	0.5	0	0	Chord	2/4	2	2	1/8		1/8	1	591									
39	37	73	73	0.5	1/8	1/8	Chord	2/4	2	2	1/8		1/8	1	592									
39	37	147/2	147/2	0.5	1/4	1/4	Chord	2/4	2	2	1/8		1/8	1	593									
39	37	74	74	0.5	3/8	3/8	Chord	2/4	2	2	1/8		1/8	1	594									
40	38	149/2	149/2	0.25	0	0	Chord	2/4	1	1	1/16		1/16	1	595									
40	38	299/4	299/4	0.5	1/16	1/16	Chord	2/4	1	1	1/8		1/8	1	596									14
40	38	301/4	301/4	0.125	3/16	3/16	Chord	2/4	1	1	1/32		1/32	1	597									
40	38	603/8	603/8	0.125	7/32	7/32	Chord	2/4	1	1	1/32		1/32	1	598									
40	38	151/2	151/2	1.0	1/4	1/4	Chord	2/4	1	1	1/4		1/4	1	599									
40	38	151/2	151/2	0.25	1/4	1/4	Chord	2/4	1	2	1/16		1/16	1	600									
40	38	303/4	303/4	0.5	5/16	5/16	Chord	2/4	1	2	1/8		1/8	1	601									15
40	38	305/4	305/4	0.125	7/16	7/16	Chord	2/4	1	2	1/32		1/32	1	602									
40	38	611/8	611/8	0.125	15/32	15/32	Chord	2/4	1	2	1/32		1/32	1	603									
40	38	149/2	149/2	0.5	0	0	Chord	2/4	2	1	1/8		1/8	1	604									
40	38	75	75	0.5	1/8	1/8	Chord	2/4	2	1	1/8		1/8	1	605									
40	38	149/2	149/2	0.5	0	0	Chord	2/4	2	2	1/8		1/8	1	606									
40	38	75	75	0.5	1/8	1/8	Chord	2/4	2	2	1/8		1/8	1	607									
40	38	151/2	151/2	0.5	1/4	1/4	Chord	2/4	2	2	1/8		1/8	1	608									
40	38	76	76	0.5	3/8	3/8	Chord	2/4	2	2	1/8		1/8	1	609									
41	39	153/2	153/2	0.25	0	0	Chord	2/4	1	1	1/16		1/16	1	610									
41	39	307/4	307/4	0.125	1/16	1/16	Chord	2/4	1	1	1/32		1/32	1	611									
41	39	615/8	615/8	0.125	3/32	3/32	Chord	2/4	1	1	1/32		1/32	1	612									
41	39	77	77	0.125	1/8	1/8	Chord	2/4	1	1	1/32		1/32	1	613									
41	39	617/8	617/8	0.125	5/32	5/32	Chord	2/4	1	1	1/32		1/32	1	614									
41	39	309/4	309/4	0.125	3/16	3/16	Chord	2/4	1	1	1/32		1/32	1	615									
41	39	619/8	619/8	0.125	7/32	7/32	Chord	2/4	1	1	1/32		1/32	1	616									
41	39	155/2	155/2	0.375	1/4	1/4	Chord	2/4	1	1	3/32		1/16	3/2	617									
41	39	623/8	623/8	0.125	11/32	11/32	Chord	2/4	1	1	1/32		1/32	1	618									
41	39	78	78	0.0	3/8	3/8	Chord	2/4	1	1	0	grace16	1/16	1	619									
41	39	78	78	0.25	3/8	3/8	Chord	2/4	1	1	1/16		1/16	1	620									
41	39	313/4	313/4	0.125	7/16	7/16	Chord	2/4	1	1	1/32		1/32	1	621									
41	39	627/8	627/8	0.125	15/32	15/32	Chord	2/4	1	1	1/32		1/32	1	622									
41	39	153/2	153/2	0.125	0	0	Chord	2/4	1	2	1/32		1/32	1	623									
41	39	613/8	613/8	0.375	1/32	1/32	Chord	2/4	1	2	3/32		1/16	3/2	624									
41	39	77	77	1.0	1/8	1/8	Chord	2/4	1	2	1/4		1/4	1	625									
41	39	78	78	0.5	3/8	3/8	Chord	2/4	1	2	1/8		1/8	1	626									
41	39	153/2	153/2	0.5	0	0	Chord	2/4	2	1	1/8		1/8	1	627									
41	39	77	77	0.5	1/8	1/8	Chord	2/4	2	1	1/8		1/8	1	628									
41	39	155/2	155/2	0.5	1/4	1/4	Chord	2/4	2	1	1/8		1/8	1	629									
41	39	78	78	0.5	3/8	3/8	Chord	2/4	2	1	1/8		1/8	1	630									
42	40	157/2	157/2	0.0	0	0	Chord	2/4	1	1	0	grace4	1/4	1	631									
42	40	157/2	157/2	2.0	0	0	Chord	2/4	1	1	1/2		1/2	1	632									
42	40	157/2	157/2	0.5	0	0	Chord	2/4	1	2	1/8		1/8	1	633									
42	40	79	79	1.0	1/8	1/8	Chord	2/4	1	2	1/4		1/4	1	634									
42	40	80	80	0.5	3/8	3/8	Chord	2/4	1	2	1/8		1/8	1	635									
42	40	157/2	157/2	1.0	0	0	Chord	2/4	2	1	1/4		1/4	1	636									
42	40	159/2	159/2	0.5	1/4	1/4	Chord	2/4	2	1	1/8		1/8	1	637									
42	40	643/8	643/8	0.0	15/32	15/32	Dynamic	2/4	2	1	0					f								
42	40	643/8	643/8	0.125	15/32	15/32	Chord	2/4	2	1	1/32		1/32	1	638									
43	41	647/8	647/8	0.125	3/32	3/32	Chord	2/4	1	1	1/32		1/32	1	639									
43	41	81	81	0.375	1/8	1/8	Chord	2/4	1	1	3/32		1/16	3/2	640									
43	41	651/8	651/8	0.125	7/32	7/32	Chord	2/4	1	1	1/32		1/32	1	641									
43	41	163/2	163/2	0.0	1/4	1/4	Chord	2/4	1	1	0	appoggiatura	1/8	1	642									
43	41	163/2	163/2	1.0	1/4	1/4	Chord	2/4	1	1	1/4		1/4	1	643									
43	41	647/8	647/8	0.125	3/32	3/32	Chord	2/4	1	2	1/32		1/32	1	644									
43	41	81	81	0.375	1/8	1/8	Chord	2/4	1	2	3/32		1/16	3/2	645									
43	41	651/8	651/8	0.125	7/32	7/32	Chord	2/4	1	2	1/32		1/32	1	646									
43	41	163/2	163/2	0.0	1/4	1/4	Chord	2/4	1	2	0	appoggiatura	1/8	1	647									
43	41	163/2	163/2	1.0	1/4	1/4	Chord	2/4	1	2	1/4		1/4	1	648									
43	41	161/2	161/2	0.5	0	0	Chord	2/4	2	1	1/8		1/8	1	649									
43	41	81	81	1.0	1/8	1/8	Chord	2/4	2	1	1/4		1/4	1	650									
43	41	82	82	0.125	3/8	3/8	Chord	2/4	2	1	1/32		1/32	1	651									
43	41	657/8	657/8	0.125	13/32	13/32	Chord	2/4	2	1	1/32		1/32	1	652									
43	41	329/4	329/4	0.125	7/16	7/16	Chord	2/4	2	1	1/32		1/32	1	653									
43	41	659/8	659/8	0.125	15/32	15/32	Chord	2/4	2	1	1/32		1/32	1	654									
44	42	331/4	331/4	0.125	1/16	1/16	Chord	2/4	1	1	1/32		1/32	1	655									
44	42	663/8	663/8	0.125	3/32	3/32	Chord	2/4	1	1	1/32		1/32	1	656									
44	42	83	83	0.0	1/8	1/8	Chord	2/4	1	1	0	grace32	1/32	1	657									
44	42	83	83	0.25	1/8	1/8	Chord	2/4	1	1	1/16		1/16	1	658									
44	42	333/4	333/4	0.125	3/16	3/16	Chord	2/4	1	1	1/32		1/32	1	659									
44	42	667/8	667/8	0.125	7/32	7/32	Chord	2/4	1	1	1/32		1/32	1	660									
44	42	167/2	167/2	0.25	1/4	1/4	Chord	2/4	1	1	1/16		1/16	1	661									
44	42	335/4	335/4	0.5	5/16	5/16	Chord	2/4	1	1	1/8		1/8	1	662									
44	42	337/4	337/4	0.25	7/16	7/16	Chord	2/4	1	1	1/16		1/16	1	663									
44	42	83	83	0.5	1/8	1/8	Chord	2/4	2	1	1/8		1/8	1	664									
44	42	167/2	167/2	0.5	1/4	1/4	Chord	2/4	2	1	1/8		1/8	1	665									
44	42	165/2	165/2	0.5	0	0	Chord	2/4	2	2	1/8		1/8	1	666									
44	42	83	83	0.5	1/8	1/8	Chord	2/4	2	2	1/8		1/8	1	667									
44	42	167/2	167/2	0.5	1/4	1/4	Chord	2/4	2	2	1/8		1/8	1	668									
44	42	675/8	675/8	0.125	15/32	15/32	Chord	2/4	2	2	1/32		1/32	1	669									
45	43	679/8	679/8	0.125	3/32	3/32	Chord	2/4	1	1	1/32		1/32	1	670									
45	43	85	85	0.375	1/8	1/8	Chord	2/4	1	1	3/32		1/16	3/2	671									
45	43	683/8	683/8	0.125	7/32	7/32	Chord	2/4	1	1	1/32		1/32	1	672									
45	43	171/2	171/2	0.0	1/4	1/4	Chord	2/4	1	1	0	appoggiatura	1/8	1	673									
45	43	171/2	171/2	1.0	1/4	1/4	Chord	2/4	1	1	1/4		1/4	1	674									
45	43	679/8	679/8	0.125	3/32	3/32	Chord	2/4	1	2	1/32		1/32	1	675									
45	43	85	85	0.375	1/8	1/8	Chord	2/4	1	2	3/32		1/16	3/2	676									
45	43	683/8	683/8	0.125	7/32	7/32	Chord	2/4	1	2	1/32		1/32	1	677									
45	43	171/2	171/2	0.0	1/4	1/4	Chord	2/4	1	2	0	appoggiatura	1/8	1	678									
45	43	171/2	171/2	1.0	1/4	1/4	Chord	2/4	1	2	1/4		1/4	1	679									
45	43	169/2	169/2	0.5	0	0	Chord	2/4	2	1	1/8		1/8	1	680									
45	43	85	85	1.0	1/8	1/8	Chord	2/4	2	1	1/4		1/4	1	681									
45	43	86	86	0.125	3/8	3/8	Chord	2/4	2	1	1/32		1/32	1	682									
45	43	689/8	689/8	0.125	13/32	13/32	Chord	2/4	2	1	1/32		1/32	1	683									
45	43	345/4	345/4	0.125	7/16	7/16	Chord	2/4	2	1	1/32		1/32	1	684									
45	43	691/8	691/8	0.125	15/32	15/32	Chord	2/4	2	1	1/32		1/32	1	685									
46	44	347/4	347/4	0.125	1/16	1/16	Chord	2/4	1	1	1/32		1/32	1	686									
46	44	695/8	695/8	0.125	3/32	3/32	Chord	2/4	1	1	1/32		1/32	1	687									
46	44	87	87	0.0	1/8	1/8	Chord	2/4	1	1	0	grace32	1/32	1	688									
46	44	87	87	0.25	1/8	1/8	Chord	2/4	1	1	1/16		1/16	1	689									
46	44	349/4	349/4	0.125	3/16	3/16	Chord	2/4	1	1	1/32		1/32	1	690									
46	44	699/8	699/8	0.125	7/32	7/32	Chord	2/4	1	1	1/32		1/32	1	691									
46	44	175/2	175/2	0.25	1/4	1/4	Chord	2/4	1	1	1/16		1/16	1	692									
46	44	351/4	351/4	0.5	5/16	5/16	Chord	2/4	1	1	1/8		1/8	1	693									
46	44	353/4	353/4	0.25	7/16	7/16	Chord	2/4	1	1	1/16		1/16	1	694									
46	44	173/2	173/2	0.5	0	0	Chord	2/4	2	1	1/8		1/8	1	695									
46	44	87	87	0.5	1/8	1/8	Chord	2/4	2	1	1/8		1/8	1	696									
46	44	175/2	175/2	0.5	1/4	1/4	Chord	2/4	2	1	1/8		1/8	1	697									
46	44	88	88	0.5	3/8	3/8	Chord	2/4	2	1	1/8		1/8	1	698									
46	44	87	87	0.5	1/8	1/8	Chord	2/4	2	2	1/8		1/8	1	699									
46	44	175/2	175/2	0.5	1/4	1/4	Chord	2/4	2	2	1/8		1/8	1	700									
46	44	88	88	0.5	3/8	3/8	Chord	2/4	2	2	1/8		1/8	1	701									
47	45	177/2	177/2	0.16666666666666666	0	0	Chord	2/4	1	1	1/24		1/16	2/3	702									
47	45	266/3	266/3	0.16666666666666666	1/24	1/24	Chord	2/4	1	1	1/24		1/16	2/3	703									
47	45	533/6	533/6	0.16666666666666666	1/12	1/12	Chord	2/4	1	1	1/24		1/16	2/3	704									
47	45	89	89	0.16666666666666666	1/8	1/8	Chord	2/4	1	1	1/24		1/16	2/3	705									
47	45	535/6	535/6	0.16666666666666666	1/6	1/6	Chord	2/4	1	1	1/24		1/16	2/3	706									
47	45	268/3	268/3	0.16666666666666666	5/24	5/24	Chord	2/4	1	1	1/24		1/16	2/3	707									
47	45	179/2	179/2	0.5	1/4	1/4	Chord	2/4	1	1	1/8		1/8	1	708									
47	45	90	90	0.375	3/8	3/8	Chord	2/4	1	1	3/32		1/16	3/2	709		ornamentShortTrill							
47	45	723/8	723/8	0.125	15/32	15/32	Chord	2/4	1	1	1/32		1/32	1	710									
47	45	177/2	177/2	1.0	0	0	Chord	2/4	2	1	1/4		1/4	1	711									
47	45	179/2	179/2	0.25	1/4	1/4	Chord	2/4	2	1	1/16		1/16	1	712									
47	45	359/4	359/4	0.25	5/16	5/16	Chord	2/4	2	1	1/16		1/16	1	713									
47	45	90	90	0.25	3/8	3/8	Chord	2/4	2	1	1/16		1/16	1	714									
47	45	361/4	361/4	0.25	7/16	7/16	Chord	2/4	2	1	1/16		1/16	1	715									
47	45	177/2	177/2	0.5	0	0	Chord	2/4	2	2	1/8		1/8	1	716									
47	45	89	89	0.5	1/8	1/8	Chord	2/4	2	2	1/8		1/8	1	717									
47	45	179/2	179/2	1.0	1/4	1/4	Chord	2/4	2	2	1/4		1/4	1	718									
48	46	181/2	181/2	0.0	0	0	Dynamic	2/4	1	1	0					p								
48	46	181/2	181/2	0.5	0	0	Chord	2/4	1	1	1/8		1/8	1	719									
48	46	91	91	1.0	1/8	1/8	Chord	2/4	1	1	1/4		1/4	1	720									
48	46	92	92	0.375	3/8	3/8	Chord	2/4	1	1	3/32		1/16	3/2	721									
48	46	739/8	739/8	0.125	15/32	15/32	Chord	2/4	1	1	1/32		1/32	1	722									
48	46	91	91	1.0	1/8	1/8	Chord	2/4	2	1	1/4		1/4	1	723									
48	46	92	92	0.375	3/8	3/8	Chord	2/4	2	1	3/32		1/16	3/2	724									
48	46	739/8	739/8	0.125	15/32	15/32	Chord	2/4	2	1	1/32		1/32	1	725									
48	46	91	91	0.5	1/8	1/8	Chord	2/4	2	2	1/8		1/8	1	726									
48	46	183/2	183/2	1.0	1/4	1/4	Chord	2/4	2	2	1/4		1/4	1	727									
49	47	185/2	185/2	0.0	0	0	Chord	2/4	1	1	0	grace32	1/32	1	728									
49	47	185/2	185/2	0.25	0	0	Chord	2/4	1	1	1/16		1/16	1	729									
49	47	371/4	371/4	0.125	1/16	1/16	Chord	2/4	1	1	1/32		1/32	1	730									
49	47	743/8	743/8	0.125	3/32	3/32	Chord	2/4	1	1	1/32		1/32	1	731									
49	47	93	93	0.0	1/8	1/8	Chord	2/4	1	1	0	grace32	1/32	1	732									
49	47	93	93	0.25	1/8	1/8	Chord	2/4	1	1	1/16		1/16	1	733									
49	47	373/4	373/4	0.125	3/16	3/16	Chord	2/4	1	1	1/32		1/32	1	734									
49	47	747/8	747/8	0.125	7/32	7/32	Chord	2/4	1	1	1/32		1/32	1	735									
49	47	187/2	187/2	0.5	1/4	1/4	Chord	2/4	1	1	1/8		1/8	1	736									
49	47	94	94	0.375	3/8	3/8	Chord	2/4	1	1	3/32		1/16	3/2	737		ornamentShortTrill							
49	47	755/8	755/8	0.125	15/32	15/32	Chord	2/4	1	1	1/32		1/32	1	738									
49	47	185/2	185/2	1.0	0	0	Chord	2/4	2	1	1/4		1/4	1	739									
49	47	187/2	187/2	0.25	1/4	1/4	Chord	2/4	2	1	1/16		1/16	1	740									
49	47	375/4	375/4	0.25	5/16	5/16	Chord	2/4	2	1	1/16		1/16	1	741									
49	47	94	94	0.25	3/8	3/8	Chord	2/4	2	1	1/16		1/16	1	742									
49	47	377/4	377/4	0.25	7/16	7/16	Chord	2/4	2	1	1/16		1/16	1	743									
49	47	185/2	185/2	0.5	0	0	Chord	2/4	2	2	1/8		1/8	1	744									
49	47	93	93	0.5	1/8	1/8	Chord	2/4	2	2	1/8		1/8	1	745									
49	47	187/2	187/2	1.0	1/4	1/4	Chord	2/4	2	2	1/4		1/4	1	746									
50	48	189/2	189/2	0.0	0	0	Dynamic	2/4	1	1	0					mf								
50	48	189/2	189/2	0.5	0	0	Chord	2/4	1	1	1/8		1/8	1	747									
50	48	95	95	1.0	1/8	1/8	Chord	2/4	1	1	1/4		1/4	1	748									
50	48	96	96	0.375	3/8	3/8	Chord	2/4	1	1	3/32		1/16	3/2	749									
50	48	771/8	771/8	0.125	15/32	15/32	Chord	2/4	1	1	1/32		1/32	1	750									
50	48	95	95	1.0	1/8	1/8	Chord	2/4	2	1	1/4		1/4	1	751									
50	48	96	96	0.375	3/8	3/8	Chord	2/4	2	1	3/32		1/16	3/2	752									
50	48	771/8	771/8	0.125	15/32	15/32	Chord	2/4	2	1	1/32		1/32	1	753									
50	48	95	95	0.5	1/8	1/8	Chord	2/4	2	2	1/8		1/8	1	754									
50	48	191/2	191/2	1.0	1/4	1/4	Chord	2/4	2	2	1/4		1/4	1	755									
51	49	193/2	193/2	0.16666666666666666	0	0	Chord	2/4	1	1	1/24		1/16	2/3	756									
51	49	290/3	290/3	0.16666666666666666	1/24	1/24	Chord	2/4	1	1	1/24		1/16	2/3	757									
51	49	581/6	581/6	0.16666666666666666	1/12	1/12	Chord	2/4	1	1	1/24		1/16	2/3	758									
51	49	97	97	0.16666666666666666	1/8	1/8	Chord	2/4	1	1	1/24		1/16	2/3	759									
51	49	583/6	583/6	0.16666666666666666	1/6	1/6	Chord	2/4	1	1	1/24		1/16	2/3	760									
51	49	292/3	292/3	0.16666666666666666	5/24	5/24	Chord	2/4	1	1	1/24		1/16	2/3	761									
51	49	195/2	195/2	0.5	1/4	1/4	Chord	2/4	1	1	1/8		1/8	1	762									
51	49	98	98	0.375	3/8	3/8	Chord	2/4	1	1	3/32		1/16	3/2	763		ornamentShortTrill							
51	49	787/8	787/8	0.125	15/32	15/32	Chord	2/4	1	1	1/32		1/32	1	764									
51	49	193/2	193/2	0.5	0	0	Chord	2/4	1	2	1/8		1/8	1	765									
51	49	97	97	0.5	1/8	1/8	Chord	2/4	1	2	1/8		1/8	1	766									
51	49	195/2	195/2	0.25	1/4	1/4	Chord	2/4	1	2	1/16		1/16	1	767									
51	49	391/4	391/4	0.25	5/16	5/16	Chord	2/4	1	2	1/16		1/16	1	768									
51	49	98	98	0.25	3/8	3/8	Chord	2/4	1	2	1/16		1/16	1	769									
51	49	393/4	393/4	0.25	7/16	7/16	Chord	2/4	1	2	1/16		1/16	1	770									
51	49	193/2	193/2	0.5	0	0	Chord	2/4	2	1	1/8		1/8	1	771									
51	49	97	97	0.5	1/8	1/8	Chord	2/4	2	1	1/8		1/8	1	772									
51	49	195/2	195/2	1.0	1/4	1/4	Chord	2/4	2	1	1/4		1/4	1	773									
52	50	197/2	197/2	0.5	0	0	Chord	2/4	1	1	1/8		1/8	1	774									
52	50	99	99	1.0	1/8	1/8	Chord	2/4	1	1	1/4		1/4	1	775									
52	50	100	100	0.375	3/8	3/8	Chord	2/4	1	1	3/32		1/16	3/2	776									
52	50	803/8	803/8	0.125	15/32	15/32	Chord	2/4	1	1	1/32		1/32	1	777									
52	50	197/2	197/2	0.0	0	0	Dynamic	2/4	1	2	0					f								
52	50	99	99	1.0	1/8	1/8	Chord	2/4	1	2	1/4		1/4	1	778									
52	50	100	100	0.375	3/8	3/8	Chord	2/4	1	2	3/32		1/16	3/2	779									
52	50	803/8	803/8	0.125	15/32	15/32	Chord	2/4	1	2	1/32		1/32	1	780									
52	50	99	99	0.5	1/8	1/8	Chord	2/4	2	1	1/8		1/8	1	781									
52	50	199/2	199/2	1.0	1/4	1/4	Chord	2/4	2	1	1/4		1/4	1	782									
53	51	201/2	201/2	0.0	0	0	Chord	2/4	1	1	0	grace16	1/16	1	783									
53	51	201/2	201/2	0.25	0	0	Chord	2/4	1	1	1/16		1/16	1	784									
53	51	403/4	403/4	0.125	1/16	1/16	Chord	2/4	1	1	1/32		1/32	1	785									
53	51	807/8	807/8	0.125	3/32	3/32	Chord	2/4	1	1	1/32		1/32	1	786									
53	51	101	101	0.0	1/8	1/8	Chord	2/4	1	1	0	grace16	1/16	1	787									
53	51	101	101	0.25	1/8	1/8	Chord	2/4	1	1	1/16		1/16	1	788									
53	51	405/4	405/4	0.125	3/16	3/16	Chord	2/4	1	1	1/32		1/32	1	789									
53	51	811/8	811/8	0.125	7/32	7/32	Chord	2/4	1	1	1/32		1/32	1	790									
53	51	203/2	203/2	0.5	1/4	1/4	Chord	2/4	1	1	1/8		1/8	1	791									
53	51	102	102	0.375	3/8	3/8	Chord	2/4	1	1	3/32		1/16	3/2	792		ornamentShortTrill							
53	51	819/8	819/8	0.125	15/32	15/32	Chord	2/4	1	1	1/32		1/32	1	793									
53	51	407/4	407/4	0.25	5/16	5/16	Chord	2/4	1	2	1/16		1/16	1	794									
53	51	102	102	0.25	3/8	3/8	Chord	2/4	1	2	1/16		1/16	1	795									
53	51	409/4	409/4	0.25	7/16	7/16	Chord	2/4	1	2	1/16		1/16	1	796									
53	51	201/2	201/2	0.5	0	0	Chord	2/4	2	1	1/8		1/8	1	797									
53	51	201/2	201/2	0.5	0	0	Chord	2/4	2	2	1/8		1/8	1	798									
53	51	101	101	0.5	1/8	1/8	Chord	2/4	2	2	1/8		1/8	1	799									
53	51	203/2	203/2	0.5	1/4	1/4	Chord	2/4	2	2	1/8		1/8	1	800									
53	51	102	102	0.5	3/8	3/8	Chord	2/4	2	2	1/8		1/8	1	801									
54	52	205/2	205/2	0.5	0	0	Chord	2/4	1	1	1/8		1/8	1	802									
54	52	103	103	1.0	1/8	1/8	Chord	2/4	1	1	1/4		1/4	1	803									
54	52	104	104	0.5	3/8	3/8	Chord	2/4	1	1	1/8		1/8	1	804									
54	52	205/2	205/2	0.5	0	0	Chord	2/4	1	2	1/8		1/8	1	805									
54	52	207/2	207/2	1.0	1/4	1/4	Chord	2/4	1	2	1/4		1/4	1	806									
54	52	205/2	205/2	0.0	0	0	Dynamic	2/4	2	1	0					ff								
54	52	205/2	205/2	1.0	0	0	Chord	2/4	2	1	1/4		1/4	1	807									
54	52	207/2	207/2	1.0	1/4	1/4	Chord	2/4	2	1	1/4		1/4	1	808									
55	53	209/2	209/2	0.5	0	0	Chord	2/4	1	1	1/8		1/8	1	809									
55	53	105	105	0.0	1/8	1/8	Chord	2/4	1	1	0	grace32	1/32	1	810									
55	53	105	105	0.375	1/8	1/8	Chord	2/4	1	1	3/32		1/16	3/2	811									
55	53	843/8	843/8	0.0	7/32	7/32	Chord	2/4	1	1	0	grace32	1/32	1	812									
55	53	843/8	843/8	0.125	7/32	7/32	Chord	2/4	1	1	1/32		1/32	1	813									
55	53	211/2	211/2	0.0	1/4	1/4	Chord	2/4	1	1	0	grace16	1/16	1	814									
55	53	211/2	211/2	0.5	1/4	1/4	Chord	2/4	1	1	1/8		1/8	1	815									
55	53	106	106	0.375	3/8	3/8	Chord	2/4	1	1	3/32		1/16	3/2	816									
55	53	851/8	851/8	0.0	15/32	15/32	Dynamic	2/4	1	1	0					f								
55	53	851/8	851/8	0.125	15/32	15/32	Chord	2/4	1	1	1/32		1/32	1	817									
55	53	209/2	209/2	0.5	0	0	Chord	2/4	1	2	1/8		1/8	1	818									
55	53	105	105	0.5	1/8	1/8	Chord	2/4	1	2	1/8		1/8	1	819									
55	53	211/2	211/2	1.0	1/4	1/4	Chord	2/4	1	2	1/4		1/4	1	820									
55	53	209/2	209/2	1.0	0	0	Chord	2/4	2	1	1/4		1/4	1	821									
55	53	211/2	211/2	1.0	1/4	1/4	Chord	2/4	2	1	1/4		1/4	1	822									
56	54	213/2	213/2	0.5	0	0	Chord	2/4	1	1	1/8		1/8	1	823									
56	54	107	107	0.375	1/8	1/8	Chord	2/4	1	1	3/32		1/16	3/2	824									
56	54	859/8	859/8	0.125	7/32	7/32	Chord	2/4	1	1	1/32		1/32	1	825									
56	54	215/2	215/2	0.5	1/4	1/4	Chord	2/4	1	1	1/8		1/8	1	826									
56	54	108	108	0.125	3/8	3/8	Chord	2/4	1	1	1/32		1/32	1	827									
56	54	865/8	865/8	0.125	13/32	13/32	Chord	2/4	1	1	1/32		1/32	1	828									
56	54	433/4	433/4	0.125	7/16	7/16	Chord	2/4	1	1	1/32		1/32	1	829									
56	54	867/8	867/8	0.125	15/32	15/32	Chord	2/4	1	1	1/32		1/32	1	830									
56	54	107	107	0.375	1/8	1/8	Chord	2/4	2	1	3/32		1/16	3/2	831									
56	54	859/8	859/8	0.125	7/32	7/32	Chord	2/4	2	1	1/32		1/32	1	832									
56	54	215/2	215/2	0.0	1/4	1/4	Chord	2/4	2	1	0	appoggiatura	1/8	1	833									
56	54	215/2	215/2	0.5	1/4	1/4	Chord	2/4	2	1	1/8		1/8	1	834									
57	55	217/2	217/2	0.5	0	0	Chord	2/4	1	1	1/8		1/8	1	835									
57	55	109	109	0.375	1/8	1/8	Chord	2/4	1	1	3/32		1/16	3/2	836									
57	55	875/8	875/8	0.125	7/32	7/32	Chord	2/4	1	1	1/32		1/32	1	837									
57	55	219/2	219/2	0.375	1/4	1/4	Chord	2/4	1	1	3/32		1/16	3/2	838									
57	55	879/8	879/8	0.125	11/32	11/32	Chord	2/4	1	1	1/32		1/32	1	839									
57	55	110	110	0.125	3/8	3/8	Chord	2/4	1	1	1/32		1/32	1	840									
57	55	881/8	881/8	0.125	13/32	13/32	Chord	2/4	1	1	1/32		1/32	1	841									
57	55	441/4	441/4	0.125	7/16	7/16	Chord	2/4	1	1	1/32		1/32	1	842									
57	55	883/8	883/8	0.125	15/32	15/32	Chord	2/4	1	1	1/32		1/32	1	843									
57	55	109	109	0.375	1/8	1/8	Chord	2/4	2	1	3/32		1/16	3/2	844									
57	55	875/8	875/8	0.125	7/32	7/32	Chord	2/4	2	1	1/32		1/32	1	845									
57	55	219/2	219/2	0.5	1/4	1/4	Chord	2/4	2	1	1/8		1/8	1	846									
58	56	221/2	221/2	0.375	0	0	Chord	2/4	1	1	3/32		1/16	3/2	847									
58	56	887/8	887/8	0.125	3/32	3/32	Chord	2/4	1	1	1/32		1/32	1	848									
58	56	111	111	1.0	1/8	1/8	Chord	2/4	1	1	1/4		1/4	1	849									
58	56	112	112	0.5	3/8	3/8	Chord	2/4	1	1	1/8		1/8	1	850									
58	56	111	111	0.375	1/8	1/8	Chord	2/4	2	1	3/32		1/16	3/2	851									
58	56	891/8	891/8	0.125	7/32	7/32	Chord	2/4	2	1	1/32		1/32	1	852									
58	56	223/2	223/2	0.5	1/4	1/4	Chord	2/4	2	1	1/8		1/8	1	853									
58	56	112	112	0.5	3/8	3/8	Chord	2/4	2	1	1/8		1/8	1	854									
58	56	111	111	0.5	1/8	1/8	Chord	2/4	2	2	1/8		1/8	1	855									
58	56	223/2	223/2	0.5	1/4	1/4	Chord	2/4	2	2	1/8		1/8	1	856									
58	56	112	112	0.5	3/8	3/8	Chord	2/4	2	2	1/8		1/8	1	857									
59	57	225/2	225/2	1.0	0	0	Chord	2/4	1	1	1/4		1/4	1	858									16
59	57	227/2	227/2	0.5	1/4	1/4	Chord	2/4	1	1	1/8		1/8	1	859									
59	57	114	114	0.5	3/8	3/8	Chord	2/4	1	1	1/8		1/8	1	860									
59	57	113	113	0.5	1/8	1/8	Chord	2/4	2	1	1/8		1/8	1	861									
59	57	227/2	227/2	0.5	1/4	1/4	Chord	2/4	2	1	1/8		1/8	1	862									
59	57	915/8	915/8	0.125	15/32	15/32	Chord	2/4	2	1	1/32		1/32	1	863									
59	57	113	113	0.5	1/8	1/8	Chord	2/4	2	2	1/8		1/8	1	864									
59	57	227/2	227/2	0.375	1/4	1/4	Chord	2/4	2	2	3/32		1/16	3/2	865									
59	57	911/8	911/8	0.125	11/32	11/32	Chord	2/4	2	2	1/32		1/32	1	866									
59	57	114	114	0.375	3/8	3/8	Chord	2/4	2	2	3/32		1/16	3/2	867									
59	57	915/8	915/8	0.125	15/32	15/32	Chord	2/4	2	2	1/32		1/32	1	868									
60	58	229/2	229/2	0.25	0	0	Chord	2/4	1	1	1/16		1/16	1	869									
60	58	459/4	459/4	0.25	1/16	1/16	Chord	2/4	1	1	1/16		1/16	1	870									
60	58	115	115	0.25	1/8	1/8	Chord	2/4	1	1	1/16		1/16	1	871									
60	58	461/4	461/4	0.25	3/16	3/16	Chord	2/4	1	1	1/16		1/16	1	872									
60	58	231/2	231/2	0.125	1/4	1/4	Chord	2/4	1	1	1/32		1/32	1	873									
60	58	925/8	925/8	0.125	9/32	9/32	Chord	2/4	1	1	1/32		1/32	1	874									
60	58	463/4	463/4	0.125	5/16	5/16	Chord	2/4	1	1	1/32		1/32	1	875									
60	58	927/8	927/8	0.125	11/32	11/32	Chord	2/4	1	1	1/32		1/32	1	876									
60	58	116	116	0.125	3/8	3/8	Chord	2/4	1	1	1/32		1/32	1	877									
60	58	929/8	929/8	0.125	13/32	13/32	Chord	2/4	1	1	1/32		1/32	1	878									
60	58	465/4	465/4	0.125	7/16	7/16	Chord	2/4	1	1	1/32		1/32	1	879									
60	58	931/8	931/8	0.125	15/32	15/32	Chord	2/4	1	1	1/32		1/32	1	880									
60	58	229/2	229/2	0.5	0	0	Chord	2/4	2	1	1/8		1/8	1	881									
60	58	115	115	0.5	1/8	1/8	Chord	2/4	2	1	1/8		1/8	1	882									
60	58	231/2	231/2	0.25	1/4	1/4	Chord	2/4	2	1	1/16		1/16	1	883									
60	58	463/4	463/4	0.5	5/16	5/16	Chord	2/4	2	1	1/8		1/8	1	884									
60	58	465/4	465/4	0.125	7/16	7/16	Chord	2/4	2	1	1/32		1/32	1	885									
60	58	931/8	931/8	0.125	15/32	15/32	Chord	2/4	2	1	1/32		1/32	1	886									
60	58	229/2	229/2	0.5	0	0	Chord	2/4	2	2	1/8		1/8	1	887									
60	58	115	115	0.5	1/8	1/8	Chord	2/4	2	2	1/8		1/8	1	888									
60	58	231/2	231/2	0.75	1/4	1/4	Chord	2/4	2	2	3/16		1/8	3/2	889									
60	58	465/4	465/4	0.25	7/16	7/16	Chord	2/4	2	2	1/16		1/16	1	890									
61	59	233/2	233/2	0.0	0	0	Chord	2/4	1	1	0	grace32	1/32	1	891									
61	59	233/2	233/2	0.25	0	0	Chord	2/4	1	1	1/16		1/16	1	892									
61	59	467/4	467/4	0.125	1/16	1/16	Chord	2/4	1	1	1/32		1/32	1	893									
61	59	935/8	935/8	0.125	3/32	3/32	Chord	2/4	1	1	1/32		1/32	1	894									
61	59	117	117	0.125	1/8	1/8	Chord	2/4	1	1	1/32		1/32	1	895									
61	59	937/8	937/8	0.125	5/32	5/32	Chord	2/4	1	1	1/32		1/32	1	896									
61	59	469/4	469/4	0.125	3/16	3/16	Chord	2/4	1	1	1/32		1/32	1	897									
61	59	939/8	939/8	0.125	7/32	7/32	Chord	2/4	1	1	1/32		1/32	1	898									
61	59	941/8	941/8	0.125	9/32	9/32	Chord	2/4	1	1	1/32		1/32	1	899									
61	59	471/4	471/4	0.125	5/16	5/16	Chord	2/4	1	1	1/32		1/32	1	900									
61	59	943/8	943/8	0.125	11/32	11/32	Chord	2/4	1	1	1/32		1/32	1	901									
61	59	118	118	0.125	3/8	3/8	Chord	2/4	1	1	1/32		1/32	1	902									
61	59	945/8	945/8	0.125	13/32	13/32	Chord	2/4	1	1	1/32		1/32	1	903									
61	59	473/4	473/4	0.125	7/16	7/16	Chord	2/4	1	1	1/32		1/32	1	904									
61	59	947/8	947/8	0.125	15/32	15/32	Chord	2/4	1	1	1/32		1/32	1	905									
61	59	233/2	233/2	0.5	0	0	Chord	2/4	2	1	1/8		1/8	1	906									
61	59	117	117	0.125	1/8	1/8	Chord	2/4	2	1	1/32		1/32	1	907									
61	59	937/8	937/8	0.125	5/32	5/32	Chord	2/4	2	1	1/32		1/32	1	908									
61	59	469/4	469/4	0.125	3/16	3/16	Chord	2/4	2	1	1/32		1/32	1	909									
61	59	939/8	939/8	0.125	7/32	7/32	Chord	2/4	2	1	1/32		1/32	1	910									
61	59	235/2	235/2	0.375	1/4	1/4	Chord	2/4	2	1	3/32		1/16	3/2	911									
61	59	943/8	943/8	0.125	11/32	11/32	Chord	2/4	2	1	1/32		1/32	1	912									
61	59	118	118	0.125	3/8	3/8	Chord	2/4	2	1	1/32		1/32	1	913									
61	59	945/8	945/8	0.125	13/32	13/32	Chord	2/4	2	1	1/32		1/32	1	914									
61	59	473/4	473/4	0.125	7/16	7/16	Chord	2/4	2	1	1/32		1/32	1	915									
61	59	947/8	947/8	0.125	15/32	15/32	Chord	2/4	2	1	1/32		1/32	1	916									
61	59	233/2	233/2	0.5	0	0	Chord	2/4	2	2	1/8		1/8	1	917									
61	59	117	117	0.5	1/8	1/8	Chord	2/4	2	2	1/8		1/8	1	918									
61	59	235/2	235/2	0.5	1/4	1/4	Chord	2/4	2	2	1/8		1/8	1	919									
61	59	118	118	0.5	3/8	3/8	Chord	2/4	2	2	1/8		1/8	1	920									
62	60	237/2	237/2	0.375	0	0	Chord	2/4	1	1	3/32		1/16	3/2	921									
62	60	951/8	951/8	0.125	3/32	3/32	Chord	2/4	1	1	1/32		1/32	1	922									
62	60	119	119	0.375	1/8	1/8	Chord	2/4	1	1	3/32		1/16	3/2	923									
62	60	955/8	955/8	0.125	7/32	7/32	Chord	2/4	1	1	1/32		1/32	1	924									
62	60	239/2	239/2	0.0	1/4	1/4	Chord	2/4	1	1	0	appoggiatura	1/8	1	925									
62	60	239/2	239/2	1.0	1/4	1/4	Chord	2/4	1	1	1/4		1/4	1	926									
62	60	239/2	239/2	1.0	1/4	1/4	Chord	2/4	1	2	1/4		1/4	1	927									
62	60	237/2	237/2	0.375	0	0	Chord	2/4	2	1	3/32		1/16	3/2	928									
62	60	951/8	951/8	0.125	3/32	3/32	Chord	2/4	2	1	1/32		1/32	1	929									
62	60	119	119	0.375	1/8	1/8	Chord	2/4	2	1	3/32		1/16	3/2	930									
62	60	955/8	955/8	0.125	7/32	7/32	Chord	2/4	2	1	1/32		1/32	1	931									
62	60	237/2	237/2	1.0	0	0	Chord	2/4	2	2	1/4		1/4	1	932									
62	60	239/2	239/2	0.5	1/4	1/4	Chord	2/4	2	2	1/8		1/8	1	933									
62	60	963/8	963/8	0.0	15/32	15/32	Dynamic	2/4	2	2	0					f								
62	60	963/8	963/8	0.125	15/32	15/32	Chord	2/4	2	2	1/32		1/32	1	934									
63	61	967/8	967/8	0.125	3/32	3/32	Chord	2/4	1	1	1/32		1/32	1	935									
63	61	121	121	0.375	1/8	1/8	Chord	2/4	1	1	3/32		1/16	3/2	936									
63	61	971/8	971/8	0.125	7/32	7/32	Chord	2/4	1	1	1/32		1/32	1	937									
63	61	243/2	243/2	0.0	1/4	1/4	Chord	2/4	1	1	0	appoggiatura	1/8	1	938									
63	61	243/2	243/2	1.0	1/4	1/4	Chord	2/4	1	1	1/4		1/4	1	939									
63	61	967/8	967/8	0.125	3/32	3/32	Chord	2/4	1	2	1/32		1/32	1	940									
63	61	121	121	0.375	1/8	1/8	Chord	2/4	1	2	3/32		1/16	3/2	941									
63	61	971/8	971/8	0.125	7/32	7/32	Chord	2/4	1	2	1/32		1/32	1	942									
63	61	243/2	243/2	0.0	1/4	1/4	Chord	2/4	1	2	0	appoggiatura	1/8	1	943									
63	61	243/2	243/2	1.0	1/4	1/4	Chord	2/4	1	2	1/4		1/4	1	944									
63	61	241/2	241/2	0.0	0	0	Chord	2/4	2	1	0	appoggiatura	1/8	1	945									
63	61	241/2	241/2	0.5	0	0	Chord	2/4	2	1	1/8		1/8	1	946									
63	61	121	121	1.0	1/8	1/8	Chord	2/4	2	1	1/4		1/4	1	947									
63	61	122	122	0.125	3/8	3/8	Chord	2/4	2	1	1/32		1/32	1	948									
63	61	977/8	977/8	0.125	13/32	13/32	Chord	2/4	2	1	1/32		1/32	1	949									
63	61	489/4	489/4	0.125	7/16	7/16	Chord	2/4	2	1	1/32		1/32	1	950									
63	61	979/8	979/8	0.125	15/32	15/32	Chord	2/4	2	1	1/32		1/32	1	951									
64	62	983/8	983/8	0.125	3/32	3/32	Chord	2/4	1	1	1/32		1/32	1	952									
64	62	123	123	0.375	1/8	1/8	Chord	2/4	1	1	3/32		1/16	3/2	953									
64	62	987/8	987/8	0.125	7/32	7/32	Chord	2/4	1	1	1/32		1/32	1	954									
64	62	247/2	247/2	0.5	1/4	1/4	Chord	2/4	1	1	1/8		1/8	1	955									
64	62	983/8	983/8	0.125	3/32	3/32	Chord	2/4	2	1	1/32		1/32	1	956									
64	62	123	123	0.375	1/8	1/8	Chord	2/4	2	1	3/32		1/16	3/2	957									
64	62	987/8	987/8	0.125	7/32	7/32	Chord	2/4	2	1	1/32		1/32	1	958									
64	62	247/2	247/2	0.5	1/4	1/4	Chord	2/4	2	1	1/8		1/8	1	959									
64	62	245/2	245/2	0.5	0	0	Chord	2/4	2	2	1/8		1/8	1	960									
64	62	123	123	0.5	1/8	1/8	Chord	2/4	2	2	1/8		1/8	1	961									
64	62	247/2	247/2	0.375	1/4	1/4	Chord	2/4	2	2	3/32		1/16	3/2	962									
64	62	991/8	991/8	0.125	11/32	11/32	Chord	2/4	2	2	1/32		1/32	1	963									
64	62	124	124	0.125	3/8	3/8	Chord	2/4	2	2	1/32		1/32	1	964									
64	62	993/8	993/8	0.125	13/32	13/32	Chord	2/4	2	2	1/32		1/32	1	965									
64	62	497/4	497/4	0.125	7/16	7/16	Chord	2/4	2	2	1/32		1/32	1	966									
64	62	995/8	995/8	0.125	15/32	15/32	Chord	2/4	2	2	1/32		1/32	1	967									
65	63	125	125	0.375	1/8	1/8	Chord	2/4	1	1	3/32		1/16	3/2	968									
65	63	1003/8	1003/8	0.125	7/32	7/32	Chord	2/4	1	1	1/32		1/32	1	969									
65	63	251/2	251/2	0.0	1/4	1/4	Chord	2/4	1	1	0	appoggiatura	1/8	1	970									
65	63	251/2	251/2	1.0	1/4	1/4	Chord	2/4	1	1	1/4		1/4	1	971									
65	63	125	125	1.0	1/8	1/8	Chord	2/4	1	2	1/4		1/4	1	972									
65	63	126	126	0.5	3/8	3/8	Chord	2/4	1	2	1/8		1/8	1	973									
65	63	125	125	1.0	1/8	1/8	Chord	2/4	2	1	1/4		1/4	1	974									
65	63	126	126	0.5	3/8	3/8	Chord	2/4	2	1	1/8		1/8	1	975									
65	63	249/2	249/2	0.375	0	0	Chord	2/4	2	2	3/32		1/16	3/2	976									
65	63	999/8	999/8	0.125	3/32	3/32	Chord	2/4	2	2	1/32		1/32	1	977									
66	64	127	127	0.375	1/8	1/8	Chord	2/4	1	1	3/32		1/16	3/2	978									
66	64	1019/8	1019/8	0.125	7/32	7/32	Chord	2/4	1	1	1/32		1/32	1	979									
66	64	255/2	255/2	0.375	1/4	1/4	Chord	2/4	1	1	3/32		1/16	3/2	980									
66	64	1023/8	1023/8	0.125	11/32	11/32	Chord	2/4	1	1	1/32		1/32	1	981									
66	64	128	128	0.5	3/8	3/8	Chord	2/4	1	1	1/8		1/8	1	982									
66	64	127	127	0.5	1/8	1/8	Chord	2/4	1	2	1/8		1/8	1	983									
66	64	255/2	255/2	0.5	1/4	1/4	Chord	2/4	1	2	1/8		1/8	1	984									
66	64	128	128	0.5	3/8	3/8	Chord	2/4	1	2	1/8		1/8	1	985									
66	64	127	127	0.375	1/8	1/8	Chord	2/4	2	1	3/32		1/16	3/2	986									
66	64	1019/8	1019/8	0.125	7/32	7/32	Chord	2/4	2	1	1/32		1/32	1	987									
66	64	255/2	255/2	0.5	1/4	1/4	Chord	2/4	2	1	1/8		1/8	1	988									
66	64	128	128	0.5	3/8	3/8	Chord	2/4	2	1	1/8		1/8	1	989									
66	64	253/2	253/2	1.0	0	0	Chord	2/4	2	2	1/4		1/4	1	990									
66	64	255/2	255/2	0.5	1/4	1/4	Chord	2/4	2	2	1/8		1/8	1	991									
66	64	128	128	0.5	3/8	3/8	Chord	2/4	2	2	1/8		1/8	1	992									
67	65	257/2	257/2	0.25	0	0	Chord	2/4	1	1	1/16		1/16	1	993									
67	65	515/4	515/4	0.25	1/16	1/16	Chord	2/4	1	1	1/16		1/16	1	994									
67	65	129	129	0.25	1/8	1/8	Chord	2/4	1	1	1/16		1/16	1	995									
67	65	517/4	517/4	0.25	3/16	3/16	Chord	2/4	1	1	1/16		1/16	1	996									
67	65	259/2	259/2	0.125	1/4	1/4	Chord	2/4	1	1	1/32		1/32	1	997									
67	65	1037/8	1037/8	0.125	9/32	9/32	Chord	2/4	1	1	1/32		1/32	1	998									
67	65	519/4	519/4	0.125	5/16	5/16	Chord	2/4	1	1	1/32		1/32	1	999									
67	65	1039/8	1039/8	0.125	11/32	11/32	Chord	2/4	1	1	1/32		1/32	1	1000									
67	65	130	130	0.125	3/8	3/8	Chord	2/4	1	1	1/32		1/32	1	1001									
67	65	1041/8	1041/8	0.125	13/32	13/32	Chord	2/4	1	1	1/32		1/32	1	1002									
67	65	521/4	521/4	0.125	7/16	7/16	Chord	2/4	1	1	1/32		1/32	1	1003									
67	65	1043/8	1043/8	0.125	15/32	15/32	Chord	2/4	1	1	1/32		1/32	1	1004									
67	65	257/2	257/2	0.5	0	0	Chord	2/4	2	1	1/8		1/8	1	1005									
67	65	129	129	0.5	1/8	1/8	Chord	2/4	2	1	1/8		1/8	1	1006									
67	65	259/2	259/2	0.25	1/4	1/4	Chord	2/4	2	1	1/16		1/16	1	1007									
67	65	519/4	519/4	0.5	5/16	5/16	Chord	2/4	2	1	1/8		1/8	1	1008									
67	65	521/4	521/4	0.125	7/16	7/16	Chord	2/4	2	1	1/32		1/32	1	1009									
67	65	1043/8	1043/8	0.125	15/32	15/32	Chord	2/4	2	1	1/32		1/32	1	1010									
67	65	257/2	257/2	0.5	0	0	Chord	2/4	2	2	1/8		1/8	1	1011									
67	65	129	129	0.5	1/8	1/8	Chord	2/4	2	2	1/8		1/8	1	1012									
67	65	259/2	259/2	0.75	1/4	1/4	Chord	2/4	2	2	3/16		1/8	3/2	1013									
67	65	521/4	521/4	0.25	7/16	7/16	Chord	2/4	2	2	1/16		1/16	1	1014									
68	66	261/2	261/2	0.125	0	0	Chord	2/4	1	1	1/32		1/32	1	1015									
68	66	1045/8	1045/8	0.125	1/32	1/32	Chord	2/4	1	1	1/32		1/32	1	1016									
68	66	523/4	523/4	0.125	1/16	1/16	Chord	2/4	1	1	1/32		1/32	1	1017									
68	66	1047/8	1047/8	0.125	3/32	3/32	Chord	2/4	1	1	1/32		1/32	1	1018									
68	66	1049/8	1049/8	0.125	5/32	5/32	Chord	2/4	1	1	1/32		1/32	1	1019									
68	66	525/4	525/4	0.125	3/16	3/16	Chord	2/4	1	1	1/32		1/32	1	1020									
68	66	1051/8	1051/8	0.125	7/32	7/32	Chord	2/4	1	1	1/32		1/32	1	1021									
68	66	1053/8	1053/8	0.125	9/32	9/32	Chord	2/4	1	1	1/32		1/32	1	1022									
68	66	527/4	527/4	0.125	5/16	5/16	Chord	2/4	1	1	1/32		1/32	1	1023									
68	66	1055/8	1055/8	0.125	11/32	11/32	Chord	2/4	1	1	1/32		1/32	1	1024									
68	66	1057/8	1057/8	0.125	13/32	13/32	Chord	2/4	1	1	1/32		1/32	1	1025									
68	66	529/4	529/4	0.125	7/16	7/16	Chord	2/4	1	1	1/32		1/32	1	1026									
68	66	1059/8	1059/8	0.125	15/32	15/32	Chord	2/4	1	1	1/32		1/32	1	1027									
68	66	261/2	261/2	0.5	0	0	Chord	2/4	2	1	1/8		1/8	1	1028									
68	66	131	131	0.5	1/8	1/8	Chord	2/4	2	1	1/8		1/8	1	1029									
68	66	263/2	263/2	0.5	1/4	1/4	Chord	2/4	2	1	1/8		1/8	1	1030									
68	66	132	132	0.5	3/8	3/8	Chord	2/4	2	1	1/8		1/8	1	1031									
68	66	261/2	261/2	0.5	0	0	Chord	2/4	2	2	1/8		1/8	1	1032									
68	66	131	131	0.5	1/8	1/8	Chord	2/4	2	2	1/8		1/8	1	1033									
68	66	263/2	263/2	0.5	1/4	1/4	Chord	2/4	2	2	1/8		1/8	1	1034									
68	66	132	132	0.5	3/8	3/8	Chord	2/4	2	2	1/8		1/8	1	1035									
69	67	265/2	265/2	0.375	0	0	Chord	2/4	1	1	3/32		1/16	3/2	1036									
69	67	1063/8	1063/8	0.125	3/32	3/32	Chord	2/4	1	1	1/32		1/32	1	1037									
69	67	133	133	0.16666666666666666	1/8	1/8	Chord	2/4	1	1	1/24		1/16	2/3	1038									
69	67	799/6	799/6	0.16666666666666666	1/6	1/6	Chord	2/4	1	1	1/24		1/16	2/3	1039									
69	67	400/3	400/3	0.16666666666666666	5/24	5/24	Chord	2/4	1	1	1/24		1/16	2/3	1040									
69	67	267/2	267/2	0.375	1/4	1/4	Chord	2/4	1	1	3/32		1/16	3/2	1041									
69	67	1071/8	1071/8	0.125	11/32	11/32	Chord	2/4	1	1	1/32		1/32	1	1042									
69	67	134	134	0.16666666666666666	3/8	3/8	Chord	2/4	1	1	1/24		1/16	2/3	1043									
69	67	805/6	805/6	0.16666666666666666	5/12	5/12	Chord	2/4	1	1	1/24		1/16	2/3	1044									
69	67	403/3	403/3	0.16666666666666666	11/24	11/24	Chord	2/4	1	1	1/24		1/16	2/3	1045									
69	67	265/2	265/2	1.0	0	0	Chord	2/4	2	1	1/4		1/4	1	1046									
69	67	267/2	267/2	0.375	1/4	1/4	Chord	2/4	2	1	3/32		1/16	3/2	1047									
69	67	1071/8	1071/8	0.125	11/32	11/32	Chord	2/4	2	1	1/32		1/32	1	1048									
69	67	134	134	0.5	3/8	3/8	Chord	2/4	2	1	1/8		1/8	1	1049									
70	68	269/2	269/2	0.0	0	0	Chord	2/4	1	1	0	appoggiatura	1/8	1	1050									
70	68	269/2	269/2	0.5	0	0	Chord	2/4	1	1	1/8		1/8	1	1051									
70	68	135	135	0.0	1/8	1/8	Dynamic	2/4	1	1	0					p								
70	68	135	135	0.5	1/8	1/8	Chord	2/4	1	1	1/8		1/8	1	1052									
70	68	271/2	271/2	0.0	1/4	1/4	Chord	2/4	1	1	0	grace16	1/16	1	1053									
70	68	271/2	271/2	0.5	1/4	1/4	Chord	2/4	1	1	1/8		1/8	1	1054									
70	68	136	136	0.0	3/8	3/8	Chord	2/4	1	1	0	grace16	1/16	1	1055									
70	68	136	136	0.5	3/8	3/8	Chord	2/4	1	1	1/8		1/8	1	1056									17
70	68	269/2	269/2	0.5	0	0	Chord	2/4	2	1	1/8		1/8	1	1057									
71	69	273/2	273/2	0.0	0	0	Chord	2/4	1	1	0	grace16	1/16	1	1058									
71	69	273/2	273/2	1.0	0	0	Chord	2/4	1	1	1/4		1/4	1	1059									18
71	69	275/2	275/2	0.75	1/4	1/4	Chord	2/4	1	1	3/16		1/8	3/2	1060									
71	69	553/4	553/4	0.25	7/16	7/16	Chord	2/4	1	1	1/16		1/16	1	1061									
71	69	137	137	0.5	1/8	1/8	Chord	2/4	1	2	1/8		1/8	1	1062									
71	69	275/2	275/2	0.0	1/4	1/4	Chord	2/4	1	2	0	grace16	1/16	1	1063									
71	69	275/2	275/2	0.5	1/4	1/4	Chord	2/4	1	2	1/8		1/8	1	1064									
71	69	138	138	0.0	3/8	3/8	Chord	2/4	1	2	0	grace16	1/16	1	1065									
71	69	138	138	0.5	3/8	3/8	Chord	2/4	1	2	1/8		1/8	1	1066									
72	70	277/2	277/2	0.0	0	0	Chord	2/4	1	1	0	grace16	1/16	1	1067									
72	70	277/2	277/2	0.125	0	0	Chord	2/4	1	1	1/32		1/32	1	1068									
72	70	1109/8	1109/8	0.125	1/32	1/32	Chord	2/4	1	1	1/32		1/32	1	1069									19
72	70	555/4	555/4	0.125	1/16	1/16	Chord	2/4	1	1	1/32		1/32	1	1070									19
72	70	1111/8	1111/8	0.125	3/32	3/32	Chord	2/4	1	1	1/32		1/32	1	1071									
72	70	139	139	0.125	1/8	1/8	Chord	2/4	1	1	1/32		1/32	1	1072									
72	70	1113/8	1113/8	0.125	5/32	5/32	Chord	2/4	1	1	1/32		1/32	1	1073									
72	70	557/4	557/4	0.125	3/16	3/16	Chord	2/4	1	1	1/32		1/32	1	1074									
72	70	1115/8	1115/8	0.125	7/32	7/32	Chord	2/4	1	1	1/32		1/32	1	1075									
72	70	279/2	279/2	0.5	1/4	1/4	Chord	2/4	1	1	1/8		1/8	1	1076									20
72	70	140	140	0.375	3/8	3/8	Chord	2/4	1	1	3/32		1/16	3/2	1077									
72	70	1123/8	1123/8	0.125	15/32	15/32	Chord	2/4	1	1	1/32		1/32	1	1078									
72	70	277/2	277/2	0.5	0	0	Chord	2/4	2	1	1/8		1/8	1	1079									
72	70	139	139	0.375	1/8	1/8	Chord	2/4	2	1	3/32		1/16	3/2	1080									
72	70	1115/8	1115/8	0.125	7/32	7/32	Chord	2/4	2	1	1/32		1/32	1	1081									
72	70	279/2	279/2	0.125	1/4	1/4	Chord	2/4	2	1	1/32		1/32	1	1082									
72	70	1117/8	1117/8	0.125	9/32	9/32	Chord	2/4	2	1	1/32		1/32	1	1083									21
72	70	559/4	559/4	0.125	5/16	5/16	Chord	2/4	2	1	1/32		1/32	1	1084									21
72	70	1119/8	1119/8	0.125	11/32	11/32	Chord	2/4	2	1	1/32		1/32	1	1085									
72	70	140	140	0.125	3/8	3/8	Chord	2/4	2	1	1/32		1/32	1	1086									
72	70	1121/8	1121/8	0.125	13/32	13/32	Chord	2/4	2	1	1/32		1/32	1	1087									
72	70	561/4	561/4	0.125	7/16	7/16	Chord	2/4	2	1	1/32		1/32	1	1088									
72	70	1123/8	1123/8	0.125	15/32	15/32	Chord	2/4	2	1	1/32		1/32	1	1089									
73	71	281/2	281/2	0.125	0	0	Chord	2/4	1	1	1/32		1/32	1	1090									
73	71	1125/8	1125/8	0.125	1/32	1/32	Chord	2/4	1	1	1/32		1/32	1	1091									22
73	71	563/4	563/4	0.125	1/16	1/16	Chord	2/4	1	1	1/32		1/32	1	1092									22
73	71	1127/8	1127/8	0.125	3/32	3/32	Chord	2/4	1	1	1/32		1/32	1	1093									
73	71	1129/8	1129/8	0.125	5/32	5/32	Chord	2/4	1	1	1/32		1/32	1	1094									
73	71	565/4	565/4	0.125	3/16	3/16	Chord	2/4	1	1	1/32		1/32	1	1095									
73	71	1131/8	1131/8	0.125	7/32	7/32	Chord	2/4	1	1	1/32		1/32	1	1096									
73	71	283/2	283/2	1.0	1/4	1/4	Chord	2/4	1	1	1/4		1/4	1	1097									
73	71	281/2	281/2	0.5	0	0	Chord	2/4	2	1	1/8		1/8	1	1098									
73	71	141	141	0.5	1/8	1/8	Chord	2/4	2	1	1/8		1/8	1	1099									
73	71	142	142	0.5	3/8	3/8	Chord	2/4	2	1	1/8		1/8	1	1100									
73	71	142	142	0.5	3/8	3/8	Chord	2/4	2	2	1/8		1/8	1	1101									
74	72	285/2	285/2	0.5	0	0	Chord	2/4	1	1	1/8		1/8	1	1102									
74	72	143	143	0.0	1/8	1/8	Chord	2/4	1	1	0	grace32	1/32	1	1103									
74	72	143	143	0.25	1/8	1/8	Chord	2/4	1	1	1/16		1/16	1	1104									
74	72	573/4	573/4	0.125	3/16	3/16	Chord	2/4	1	1	1/32		1/32	1	1105									
74	72	1147/8	1147/8	0.125	7/32	7/32	Chord	2/4	1	1	1/32		1/32	1	1106									
74	72	287/2	287/2	0.5	1/4	1/4	Chord	2/4	1	1	1/8		1/8	1	1107									23
74	72	144	144	0.375	3/8	3/8	Chord	2/4	1	1	3/32		1/16	3/2	1108									
74	72	1155/8	1155/8	0.125	15/32	15/32	Chord	2/4	1	1	1/32		1/32	1	1109									
74	72	285/2	285/2	0.25	0	0	Chord	2/4	2	1	1/16		1/16	1	1110									
74	72	571/4	571/4	0.5	1/16	1/16	Chord	2/4	2	1	1/8		1/8	1	1111									
74	72	573/4	573/4	0.25	3/16	3/16	Chord	2/4	2	1	1/16		1/16	1	1112									
74	72	287/2	287/2	0.5	1/4	1/4	Chord	2/4	2	1	1/8		1/8	1	1113									24
74	72	144	144	0.375	3/8	3/8	Chord	2/4	2	1	3/32		1/16	3/2	1114									
74	72	1155/8	1155/8	0.125	15/32	15/32	Chord	2/4	2	1	1/32		1/32	1	1115									
74	72	285/2	285/2	0.5	0	0	Chord	2/4	2	2	1/8		1/8	1	1116									
74	72	143	143	1.0	1/8	1/8	Chord	2/4	2	2	1/4		1/4	1	1117									
74	72	144	144	0.5	3/8	3/8	Chord	2/4	2	2	1/8		1/8	1	1118									
75	73	289/2	289/2	0.125	0	0	Chord	2/4	1	1	1/32		1/32	1	1119									
75	73	1157/8	1157/8	0.125	1/32	1/32	Chord	2/4	1	1	1/32		1/32	1	1120									
75	73	579/4	579/4	0.125	1/16	1/16	Chord	2/4	1	1	1/32		1/32	1	1121									
75	73	1159/8	1159/8	0.125	3/32	3/32	Chord	2/4	1	1	1/32		1/32	1	1122									
75	73	1161/8	1161/8	0.125	5/32	5/32	Chord	2/4	1	1	1/32		1/32	1	1123									
75	73	581/4	581/4	0.125	3/16	3/16	Chord	2/4	1	1	1/32		1/32	1	1124									
75	73	1163/8	1163/8	0.125	7/32	7/32	Chord	2/4	1	1	1/32		1/32	1	1125									
75	73	291/2	291/2	1.0	1/4	1/4	Chord	2/4	1	1	1/4		1/4	1	1126									
75	73	146	146	0.5	3/8	3/8	Chord	2/4	1	2	1/8		1/8	1	1127									
75	73	289/2	289/2	0.5	0	0	Chord	2/4	2	1	1/8		1/8	1	1128									
75	73	145	145	0.5	1/8	1/8	Chord	2/4	2	1	1/8		1/8	1	1129									
75	73	146	146	0.5	3/8	3/8	Chord	2/4	2	1	1/8		1/8	1	1130									
76	74	293/2	293/2	0.5	0	0	Chord	2/4	1	1	1/8		1/8	1	1131									
76	74	147	147	0.0	1/8	1/8	Chord	2/4	1	1	0	grace32	1/32	1	1132									
76	74	147	147	0.25	1/8	1/8	Chord	2/4	1	1	1/16		1/16	1	1133									
76	74	589/4	589/4	0.125	3/16	3/16	Chord	2/4	1	1	1/32		1/32	1	1134									
76	74	1179/8	1179/8	0.125	7/32	7/32	Chord	2/4	1	1	1/32		1/32	1	1135									
76	74	295/2	295/2	0.5	1/4	1/4	Chord	2/4	1	1	1/8		1/8	1	1136									25
76	74	148	148	0.375	3/8	3/8	Chord	2/4	1	1	3/32		1/16	3/2	1137									
76	74	1187/8	1187/8	0.125	15/32	15/32	Chord	2/4	1	1	1/32		1/32	1	1138									
76	74	293/2	293/2	0.25	0	0	Chord	2/4	1	2	1/16		1/16	1	1139									
76	74	587/4	587/4	0.5	1/16	1/16	Chord	2/4	1	2	1/8		1/8	1	1140									
76	74	589/4	589/4	0.25	3/16	3/16	Chord	2/4	1	2	1/16		1/16	1	1141									
76	74	293/2	293/2	0.5	0	0	Chord	2/4	2	1	1/8		1/8	1	1142									
76	74	147	147	1.0	1/8	1/8	Chord	2/4	2	1	1/4		1/4	1	1143									
76	74	148	148	0.5	3/8	3/8	Chord	2/4	2	1	1/8		1/8	1	1144									
77	75	297/2	297/2	0.125	0	0	Chord	2/4	1	1	1/32		1/32	1	1145									
77	75	1189/8	1189/8	0.125	1/32	1/32	Chord	2/4	1	1	1/32		1/32	1	1146									
77	75	595/4	595/4	0.125	1/16	1/16	Chord	2/4	1	1	1/32		1/32	1	1147									
77	75	1191/8	1191/8	0.125	3/32	3/32	Chord	2/4	1	1	1/32		1/32	1	1148									
77	75	149	149	0.125	1/8	1/8	Chord	2/4	1	1	1/32		1/32	1	1149									
77	75	1193/8	1193/8	0.125	5/32	5/32	Chord	2/4	1	1	1/32		1/32	1	1150									
77	75	597/4	597/4	0.125	3/16	3/16	Chord	2/4	1	1	1/32		1/32	1	1151									
77	75	1195/8	1195/8	0.125	7/32	7/32	Chord	2/4	1	1	1/32		1/32	1	1152									
77	75	299/2	299/2	0.0	1/4	1/4	Chord	2/4	1	1	0	appoggiatura	1/8	1	1153									
77	75	299/2	299/2	1.0	1/4	1/4	Chord	2/4	1	1	1/4		1/4	1	1154									
77	75	297/2	297/2	0.25	0	0	Chord	2/4	1	2	1/16		1/16	1	1155									
77	75	595/4	595/4	0.5	1/16	1/16	Chord	2/4	1	2	1/8		1/8	1	1156									
77	75	597/4	597/4	0.25	3/16	3/16	Chord	2/4	1	2	1/16		1/16	1	1157									
77	75	299/2	299/2	0.16666666666666666	1/4	1/4	Chord	2/4	1	2	1/24		1/16	2/3	1158									
77	75	449/3	449/3	0.16666666666666666	7/24	7/24	Chord	2/4	1	2	1/24		1/16	2/3	1159									
77	75	899/6	899/6	0.16666666666666666	1/3	1/3	Chord	2/4	1	2	1/24		1/16	2/3	1160									
77	75	150	150	0.5	3/8	3/8	Chord	2/4	1	2	1/8		1/8	1	1161									
77	75	297/2	297/2	0.5	0	0	Chord	2/4	2	1	1/8		1/8	1	1162									
77	75	149	149	0.5	1/8	1/8	Chord	2/4	2	1	1/8		1/8	1	1163									
77	75	299/2	299/2	0.5	1/4	1/4	Chord	2/4	2	1	1/8		1/8	1	1164									
77	75	150	150	0.5	3/8	3/8	Chord	2/4	2	1	1/8		1/8	1	1165									
78	76	151	151	0.0	1/8	1/8	Dynamic	2/4	1	1	0					p								
78	76	151	151	0.0	1/8	1/8	StaffText	2/4	1	1	0							espr.						
78	76	151	151	0.0	1/8	1/8	StaffText	2/4	1	1	0							Adagio.						
78	76	151	151	0.375	1/8	1/8	Chord	2/4	1	1	3/32		1/16	3/2	1166		ornamentTurn							
78	76	1211/8	1211/8	0.125	7/32	7/32	Chord	2/4	1	1	1/32		1/32	1	1167									
78	76	303/2	303/2	0.0	1/4	1/4	Chord	2/4	1	1	0	appoggiatura	1/8	1	1168									
78	76	303/2	303/2	1.0	1/4	1/4	Chord	2/4	1	1	1/4		1/4	1	1169									
78	76	151	151	0.5	1/8	1/8	Chord	2/4	2	1	1/8		1/8	1	1170									
78	76	303/2	303/2	1.0	1/4	1/4	Chord	2/4	2	1	1/4		1/4	1	1171									
78	76	151	151	0.5	1/8	1/8	Chord	2/4	2	2	1/8		1/8	1	1172									
78	76	303/2	303/2	1.0	1/4	1/4	Chord	2/4	2	2	1/4		1/4	1	1173									
79	77	1223/8	1223/8	0.0	3/32	3/32	Dynamic	2/4	1	1	0					f								
79	77	1223/8	1223/8	0.0	3/32	3/32	StaffText	2/4	1	1	0							Allegro.						
79	77	1223/8	1223/8	0.125	3/32	3/32	Chord	2/4	1	1	1/32		1/32	1	1174									
79	77	153	153	0.0	1/8	1/8	Chord	2/4	1	1	0	grace32	1/32	1	1175									
79	77	153	153	0.375	1/8	1/8	Chord	2/4	1	1	3/32		1/16	3/2	1176									
79	77	1227/8	1227/8	0.0	7/32	7/32	Chord	2/4	1	1	0	grace32	1/32	1	1177									
79	77	1227/8	1227/8	0.125	7/32	7/32	Chord	2/4	1	1	1/32		1/32	1	1178									
79	77	307/2	307/2	0.125	1/4	1/4	Chord	2/4	1	1	1/32		1/32	1	1179									
79	77	1229/8	1229/8	0.125	9/32	9/32	Chord	2/4	1	1	1/32		1/32	1	1180									
79	77	615/4	615/4	0.125	5/16	5/16	Chord	2/4	1	1	1/32		1/32	1	1181									
79	77	1231/8	1231/8	0.125	11/32	11/32	Chord	2/4	1	1	1/32		1/32	1	1182									
79	77	154	154	0.0	3/8	3/8	Chord	2/4	1	1	0	grace16	1/16	1	1183									
79	77	154	154	0.5	3/8	3/8	Chord	2/4	1	1	1/8		1/8	1	1184									
79	77	1229/8	1229/8	0.25	9/32	9/32	Chord	2/4	1	2	1/16		1/16	1	1185									
79	77	1231/8	1231/8	0.125	11/32	11/32	Chord	2/4	1	2	1/32		1/32	1	1186									
79	77	154	154	0.0	3/8	3/8	Chord	2/4	1	2	0	grace16	1/16	1	1187									
79	77	154	154	0.5	3/8	3/8	Chord	2/4	1	2	1/8		1/8	1	1188									
79	77	153	153	0.25	1/8	1/8	Chord	2/4	2	1	1/16		1/16	1	1189									
79	77	613/4	613/4	0.25	3/16	3/16	Chord	2/4	2	1	1/16		1/16	1	1190									
79	77	307/2	307/2	0.5	1/4	1/4	Chord	2/4	2	1	1/8		1/8	1	1191									
79	77	153	153	0.5	1/8	1/8	Chord	2/4	2	2	1/8		1/8	1	1192									
79	77	307/2	307/2	0.5	1/4	1/4	Chord	2/4	2	2	1/8		1/8	1	1193									
79	77	154	154	0.5	3/8	3/8	Chord	2/4	2	2	1/8		1/8	1	1194									
80	78	309/2	309/2	0.375	0	0	Chord	2/4	1	1	3/32		1/16	3/2	1195									
80	78	1239/8	1239/8	0.125	3/32	3/32	Chord	2/4	1	1	1/32		1/32	1	1196									
80	78	155	155	0.25	1/8	1/8	Chord	2/4	1	1	1/16		1/16	1	1197									
80	78	621/4	621/4	0.125	3/16	3/16	Chord	2/4	1	1	1/32		1/32	1	1198									
80	78	1243/8	1243/8	0.125	7/32	7/32	Chord	2/4	1	1	1/32		1/32	1	1199									
80	78	311/2	311/2	0.5	1/4	1/4	Chord	2/4	1	1	1/8		1/8	1	1200									26
80	78	156	156	0.25	3/8	3/8	Chord	2/4	1	1	1/16		1/16	1	1201									
80	78	625/4	625/4	0.125	7/16	7/16	Chord	2/4	1	1	1/32		1/32	1	1202									
80	78	1251/8	1251/8	0.125	15/32	15/32	Chord	2/4	1	1	1/32		1/32	1	1203									
80	78	309/2	309/2	0.0	0	0	Chord	2/4	1	2	0	grace16	1/16	1	1204									
80	78	309/2	309/2	0.0	0	0	Chord	2/4	1	2	0	grace16	1/16	1	1205									
80	78	309/2	309/2	0.5	0	0	Chord	2/4	1	2	1/8		1/8	1	1206									
80	78	311/2	311/2	0.375	1/4	1/4	Chord	2/4	1	2	3/32		1/16	3/2	1207									
80	78	1247/8	1247/8	0.125	11/32	11/32	Chord	2/4	1	2	1/32		1/32	1	1208									
80	78	156	156	0.25	3/8	3/8	Chord	2/4	1	2	1/16		1/16	1	1209									
80	78	625/4	625/4	0.125	7/16	7/16	Chord	2/4	1	2	1/32		1/32	1	1210									
80	78	1251/8	1251/8	0.125	15/32	15/32	Chord	2/4	1	2	1/32		1/32	1	1211									
80	78	309/2	309/2	0.5	0	0	Chord	2/4	2	1	1/8		1/8	1	1212									
81	79	313/2	313/2	0.5	0	0	Chord	2/4	1	1	1/8		1/8	1	1213									
81	79	157	157	0.5	1/8	1/8	Chord	2/4	1	1	1/8		1/8	1	1214									
81	79	315/2	315/2	0.375	1/4	1/4	Chord	2/4	1	1	3/32		1/16	3/2	1215									
81	79	1263/8	1263/8	0.125	11/32	11/32	Chord	2/4	1	1	1/32		1/32	1	1216									
81	79	158	158	0.25	3/8	3/8	Chord	2/4	1	1	1/16		1/16	1	1217									
81	79	633/4	633/4	0.125	7/16	7/16	Chord	2/4	1	1	1/32		1/32	1	1218									
81	79	1267/8	1267/8	0.125	15/32	15/32	Chord	2/4	1	1	1/32		1/32	1	1219									
81	79	313/2	313/2	0.5	0	0	Chord	2/4	1	2	1/8		1/8	1	1220									27
81	79	157	157	0.25	1/8	1/8	Chord	2/4	1	2	1/16		1/16	1	1221									
81	79	629/4	629/4	0.125	3/16	3/16	Chord	2/4	1	2	1/32		1/32	1	1222									
81	79	1259/8	1259/8	0.125	7/32	7/32	Chord	2/4	1	2	1/32		1/32	1	1223									
81	79	315/2	315/2	0.5	1/4	1/4	Chord	2/4	1	2	1/8		1/8	1	1224									
81	79	158	158	0.5	3/8	3/8	Chord	2/4	1	2	1/8		1/8	1	1225									
81	79	313/2	313/2	0.375	0	0	Chord	2/4	2	1	3/32		1/16	3/2	1226									
81	79	1255/8	1255/8	0.125	3/32	3/32	Chord	2/4	2	1	1/32		1/32	1	1227									
81	79	157	157	0.25	1/8	1/8	Chord	2/4	2	1	1/16		1/16	1	1228									
81	79	629/4	629/4	0.125	3/16	3/16	Chord	2/4	2	1	1/32		1/32	1	1229									
81	79	1259/8	1259/8	0.125	7/32	7/32	Chord	2/4	2	1	1/32		1/32	1	1230									
81	79	315/2	315/2	0.5	1/4	1/4	Chord	2/4	2	1	1/8		1/8	1	1231									
81	79	158	158	0.5	3/8	3/8	Chord	2/4	2	1	1/8		1/8	1	1232									
82	80	317/2	317/2	0.5	0	0	Chord	2/4	1	1	1/8		1/8	1	1233									
82	80	159	159	0.5	1/8	1/8	Chord	2/4	1	1	1/8		1/8	1	1234									
82	80	319/2	319/2	0.5	1/4	1/4	Chord	2/4	1	1	1/8		1/8	1	1235									
82	80	160	160	0.375	3/8	3/8	Chord	2/4	1	1	3/32		1/16	3/2	1236									
82	80	1283/8	1283/8	0.125	15/32	15/32	Chord	2/4	1	1	1/32		1/32	1	1237									
82	80	317/2	317/2	0.375	0	0	Chord	2/4	1	2	3/32		1/16	3/2	1238									
82	80	1271/8	1271/8	0.125	3/32	3/32	Chord	2/4	1	2	1/32		1/32	1	1239									
82	80	319/2	319/2	0.375	1/4	1/4	Chord	2/4	1	2	3/32		1/16	3/2	1240									
82	80	1279/8	1279/8	0.125	11/32	11/32	Chord	2/4	1	2	1/32		1/32	1	1241									
82	80	160	160	0.5	3/8	3/8	Chord	2/4	1	2	1/8		1/8	1	1242									
82	80	159	159	0.25	1/8	1/8	Chord	2/4	2	1	1/16		1/16	1	1243									
82	80	637/4	637/4	0.125	3/16	3/16	Chord	2/4	2	1	1/32		1/32	1	1244									
82	80	1275/8	1275/8	0.125	7/32	7/32	Chord	2/4	2	1	1/32		1/32	1	1245									
82	80	317/2	317/2	0.5	0	0	Chord	2/4	2	2	1/8		1/8	1	1246									
82	80	159	159	0.5	1/8	1/8	Chord	2/4	2	2	1/8		1/8	1	1247									
82	80	319/2	319/2	0.5	1/4	1/4	Chord	2/4	2	2	1/8		1/8	1	1248									
82	80	160	160	0.5	3/8	3/8	Chord	2/4	2	2	1/8		1/8	1	1249									
83	81	321/2	321/2	0.375	0	0	Chord	2/4	1	1	3/32		1/16	3/2	1250									
83	81	1287/8	1287/8	0.125	3/32	3/32	Chord	2/4	1	1	1/32		1/32	1	1251									
83	81	161	161	0.5	1/8	1/8	Chord	2/4	1	1	1/8		1/8	1	1252									
83	81	323/2	323/2	0.5	1/4	1/4	Chord	2/4	1	1	1/8		1/8	1	1253									
83	81	162	162	0.375	3/8	3/8	Chord	2/4	1	1	3/32		1/16	3/2	1254									
83	81	1299/8	1299/8	0.125	15/32	15/32	Chord	2/4	1	1	1/32		1/32	1	1255									
83	81	321/2	321/2	0.5	0	0	Chord	2/4	1	2	1/8		1/8	1	1256									
83	81	161	161	0.375	1/8	1/8	Chord	2/4	1	2	3/32		1/16	3/2	1257									
83	81	1291/8	1291/8	0.125	7/32	7/32	Chord	2/4	1	2	1/32		1/32	1	1258									
83	81	323/2	323/2	0.375	1/4	1/4	Chord	2/4	1	2	3/32		1/16	3/2	1259									
83	81	1295/8	1295/8	0.125	11/32	11/32	Chord	2/4	1	2	1/32		1/32	1	1260									
83	81	162	162	0.5	3/8	3/8	Chord	2/4	1	2	1/8		1/8	1	1261									
83	81	321/2	321/2	0.5	0	0	Chord	2/4	2	1	1/8		1/8	1	1262									
83	81	161	161	0.5	1/8	1/8	Chord	2/4	2	1	1/8		1/8	1	1263									
83	81	323/2	323/2	0.5	1/4	1/4	Chord	2/4	2	1	1/8		1/8	1	1264									
83	81	162	162	0.5	3/8	3/8	Chord	2/4	2	1	1/8		1/8	1	1265									
84	82	325/2	325/2	0.375	0	0	Chord	2/4	1	1	3/32		1/16	3/2	1266									
84	82	1303/8	1303/8	0.125	3/32	3/32	Chord	2/4	1	1	1/32		1/32	1	1267									
84	82	163	163	0.375	1/8	1/8	Chord	2/4	1	1	3/32		1/16	3/2	1268									
84	82	1307/8	1307/8	0.125	7/32	7/32	Chord	2/4	1	1	1/32		1/32	1	1269									
84	82	327/2	327/2	0.0	1/4	1/4	Chord	2/4	1	1	0	appoggiatura	1/8	1	1270									
84	82	327/2	327/2	0.5	1/4	1/4	Chord	2/4	1	1	1/8		1/8	1	1271		ornamentShortTrill							
84	82	164	164	0.25	3/8	3/8	Chord	2/4	1	1	1/16		1/16	1	1272									
84	82	657/4	657/4	0.25	7/16	7/16	Chord	2/4	1	1	1/16		1/16	1	1273									
84	82	325/2	325/2	0.375	0	0	Chord	2/4	1	2	3/32		1/16	3/2	1274									
84	82	1303/8	1303/8	0.125	3/32	3/32	Chord	2/4	1	2	1/32		1/32	1	1275									
84	82	163	163	0.375	1/8	1/8	Chord	2/4	1	2	3/32		1/16	3/2	1276									
84	82	1307/8	1307/8	0.125	7/32	7/32	Chord	2/4	1	2	1/32		1/32	1	1277									
84	82	327/2	327/2	0.0	1/4	1/4	Chord	2/4	1	2	0	appoggiatura	1/8	1	1278									
84	82	327/2	327/2	1.0	1/4	1/4	Chord	2/4	1	2	1/4		1/4	1	1279									
84	82	325/2	325/2	0.375	0	0	Chord	2/4	2	1	3/32		1/16	3/2	1280									
84	82	1303/8	1303/8	0.125	3/32	3/32	Chord	2/4	2	1	1/32		1/32	1	1281									
84	82	163	163	0.375	1/8	1/8	Chord	2/4	2	1	3/32		1/16	3/2	1282									
84	82	1307/8	1307/8	0.125	7/32	7/32	Chord	2/4	2	1	1/32		1/32	1	1283									
84	82	655/4	655/4	0.5	5/16	5/16	Chord	2/4	2	1	1/8		1/8	1	1284									
84	82	657/4	657/4	0.25	7/16	7/16	Chord	2/4	2	1	1/16		1/16	1	1285									
84	82	327/2	327/2	1.0	1/4	1/4	Chord	2/4	2	2	1/4		1/4	1	1286									
85	83	329/2	329/2	0.375	0	0	Chord	2/4	1	1	3/32		1/16	3/2	1287									
85	83	1319/8	1319/8	0.125	3/32	3/32	Chord	2/4	1	1	1/32		1/32	1	1288									
85	83	165	165	0.16666666666666666	1/8	1/8	Chord	2/4	1	1	1/24		1/16	2/3	1289									
85	83	991/6	991/6	0.16666666666666666	1/6	1/6	Chord	2/4	1	1	1/24		1/16	2/3	1290									
85	83	496/3	496/3	0.16666666666666666	5/24	5/24	Chord	2/4	1	1	1/24		1/16	2/3	1291									
85	83	331/2	331/2	0.0	1/4	1/4	Chord	2/4	1	1	0	grace16	1/16	1	1292									
85	83	331/2	331/2	0.5	1/4	1/4	Chord	2/4	1	1	1/8		1/8	1	1293									
85	83	329/2	329/2	1.0	0	0	Chord	2/4	2	1	1/4		1/4	1	1294									28
85	83	331/2	331/2	0.5	1/4	1/4	Chord	2/4	2	1	1/8		1/8	1	1295									
85	83	331/2	331/2	0.0	1/4	1/4	Chord	2/4	2	2	0	grace16	1/16	1	1296									
85	83	331/2	331/2	0.5	1/4	1/4	Chord	2/4	2	2	1/8		1/8	1	1297									
