mc	mn	onset	label	globalkey	localkey	pedal	chord	numeral	special	form	figbass	changes	relativeroot	phraseend	chord_type	globalkey_is_minor	localkey_is_minor	chord_tones	added_tones	root	bass_note
1	0	15/32	.D.I	D	I		I	I							M	0	0	0, 4, 1		0	0
2	1	7/32	ii7	D	I		ii7	ii			7				mm7	0	0	2, -1, 3, 0		2	2
2	1	1/4	I6	D	I		I6	I			6				M	0	0	4, 1, 0		0	4
3	2	0	I	D	I		I	I							M	0	0	0, 4, 1		0	0
3	2	1/8	IV	D	I		IV	IV							M	0	0	-1, 3, 0		-1	-1
3	2	7/32	ii7	D	I		ii7	ii			7				mm7	0	0	2, -1, 3, 0		2	2
3	2	1/4	I6	D	I		I6	I			6				M	0	0	4, 1, 0		0	4
3	2	11/32	#viio6/ii	D	I		#viio6/ii	#vii		o	6		ii		o	0	0	4, 1, 7		7	4
3	2	3/8	ii	D	I		ii	ii							m	0	0	2, -1, 3		2	2
4	3	1/8	ii6(9)	D	I		ii6(9)	ii			6	9			m	0	0	-1, 3, 2	4	2	-1
4	3	1/4	V(64)	D	I		V(64)	V				64			M	0	0	1, 0, 4		1	1
4	3	3/8	#viio/vi	D	I		#viio/vi	#vii		o			vi		o	0	0	8, 5, 2		8	8
5	4	1/4	vi	D	I		vi	vi							m	0	0	3, 0, 4		3	3
5	4	3/8	#viio64/ii	D	I		#viio64/ii	#vii		o	64		ii		o	0	0	1, 7, 4		7	1
6	5	0	#viio6/ii	D	I		#viio6/ii	#vii		o	6		ii		o	0	0	4, 1, 7		7	4
6	5	1/8	#viio65/ii	D	I		#viio65/ii	#vii		o	65		ii		o7	0	0	4, 1, -2, 7		7	4
6	5	1/4	ii6	D	I		ii6	ii			6				m	0	0	-1, 3, 2		2	-1
6	5	7/16	V	D	I		V	V							M	0	0	1, 5, 2		1	1
7	6	0	I	D	I		I	I							M	0	0	0, 4, 1		0	0
7	6	1/8	V65/IV	D	I		V65/IV	V			65		IV		Mm7	0	0	4, 1, -2, 0		0	4
7	6	1/4	IV	D	I		IV	IV							M	0	0	-1, 3, 0		-1	-1
7	6	3/8	I6	D	I		I6	I			6				M	0	0	4, 1, 0		0	4
8	7	0	ii7	D	I		ii7	ii			7				mm7	0	0	2, -1, 3, 0		2	2
8	7	1/4	V7(4)	D	I		V7(4)	V			7	4			Mm7	0	0	1, 0, 2, -1		1	1
8	7	3/8	V7	D	I		V7	V			7				Mm7	0	0	1, 5, 2, -1		1	1
9	8	0	I[I	D	I	I	I	I							M	0	0	0, 4, 1		0	0
9	8	1/8	IV	D	I	I	IV	IV							M	0	0	-1, 3, 0		-1	-1
9	8	5/24	viio6	D	I	I	viio6	vii		o	6				o	0	0	2, -1, 5		5	2
9	8	1/4	I	D	I	I	I	I							M	0	0	0, 4, 1		0	0
9	8	3/8	IV	D	I	I	IV	IV							M	0	0	-1, 3, 0		-1	-1
9	8	11/24	viio6	D	I	I	viio6	vii		o	6				o	0	0	2, -1, 5		5	2
10	9	0	I]\\	D	I	I	I	I						\\	M	0	0	0, 4, 1		0	0
10	9	1/8	V.ii	D	V		ii	ii							m	0	0	2, -1, 3		2	2
11	10	0	ii2	D	V		ii2	ii			2				mm7	0	0	0, 2, -1, 3		2	0
11	10	1/4	V2	D	V		V2	V			2				Mm7	0	0	-1, 1, 5, 2		1	-1
11	10	3/8	viio6	D	V		viio6	vii		o	6				o	0	0	2, -1, 5		5	2
12	11	0	V65(4)	D	V		V65(4)	V			65	4			Mm7	0	0	0, 2, -1, 1		1	0
12	11	1/8	V6	D	V		V6	V			6				M	0	0	5, 2, 1		1	5
12	11	7/32	I	D	V		I	I							M	0	0	0, 4, 1		0	0
12	11	1/4	viio6(2)	D	V		viio6(2)	vii		o	6	2			o	0	0	2, -1, 0		5	2
12	11	3/8	V	D	V		V	V							M	0	0	1, 5, 2		1	1
12	11	15/32	I	D	V		I	I							M	0	0	0, 4, 1		0	0
13	12	0	viio	D	V		viio	vii		o					o	0	0	5, 2, -1		5	5
13	12	1/8	I	D	V		I	I							M	0	0	0, 4, 1		0	0
13	12	7/32	V7/IV	D	V		V7/IV	V			7		IV		Mm7	0	0	0, 4, 1, -2		0	0
13	12	1/4	V+6/IV	D	V		V+6/IV	V		+	6		IV		+	0	0	4, 8, 0		0	4
14	13	0	IV(#2)	D	V		IV(#2)	IV				#2			M	0	0	-1, 8, 0		-1	-1
14	13	1/8	ii6(#7)	D	V		ii6(#7)	ii			6	#7			m	0	0	-1, 3, 7		2	-1
14	13	3/16	ii6	D	V		ii6	ii			6				m	0	0	-1, 3, 2		2	-1
14	13	1/4	IVM7	D	V		IVM7	IV		M	7				MM7	0	0	-1, 3, 0, 4		-1	-1
14	13	3/8	viio(64)/V	D	V		viio(64)/V	vii		o		64	V		o	0	0	6, 5, 2		6	6
14	13	15/32	viio/V	D	V		viio/V	vii		o			V		o	0	0	6, 3, 0		6	6
15	14	0	V	D	V		V	V							M	0	0	1, 5, 2		1	1
15	14	1/8	V(64)	D	V		V(64)	V				64			M	0	0	1, 0, 4		1	1
15	14	7/32	V(9#7)	D	V		V(9#7)	V				9#7			M	0	0	1, 5, 2	3, 6	1	1
15	14	1/4	V6\\	D	V		V6	V			6			\\	M	0	0	5, 2, 1		1	5
16	15	0	I[I	D	V	I	I	I							M	0	0	0, 4, 1		0	0
16	15	1/8	IV	D	V	I	IV	IV							M	0	0	-1, 3, 0		-1	-1
16	15	7/32	viio6	D	V	I	viio6	vii		o	6				o	0	0	2, -1, 5		5	2
16	15	1/4	I	D	V	I	I	I							M	0	0	0, 4, 1		0	0
17	16	1/8	IV6	D	V	I	IV6	IV			6				M	0	0	3, 0, -1		-1	3
17	16	7/32	viio64	D	V	I	viio64	vii		o	64				o	0	0	-1, 5, 2		5	-1
17	16	1/4	I]	D	V	I	I	I							M	0	0	0, 4, 1		0	0
17	16	3/8	ii	D	V		ii	ii							m	0	0	2, -1, 3		2	2
18	17	0	IV6	D	V		IV6	IV			6				M	0	0	3, 0, -1		-1	3
18	17	1/8	I6	D	V		I6	I			6				M	0	0	4, 1, 0		0	4
18	17	1/4	viio6(42)	D	V		viio6(42)	vii		o	6	42			o	0	0	4, -1, 0		5	4
18	17	3/8	viio6	D	V		viio6	vii		o	6				o	0	0	2, -1, 5		5	2
19	18	0	viio43	D	V		viio43	vii		o	43				o7	0	0	-1, -4, 5, 2		5	-1
19	18	7/32	V43	D	V		V43	V			43				Mm7	0	0	2, -1, 1, 5		1	2
19	18	1/4	I	D	V		I	I							M	0	0	0, 4, 1		0	0
19	18	3/8	#viio2/ii	D	V		#viio2/ii	#vii		o	2		ii		o7	0	0	-2, 7, 4, 1		7	-2
20	19	0	V(6)/ii	D	V		V(6)/ii	V				6	ii		M	0	0	3, 7, -1		3	3
20	19	1/8	#viio64/ii	D	V		#viio64/ii	#vii		o	64		ii		o	0	0	1, 7, 4		7	1
20	19	1/4	ii6	D	V		ii6	ii			6				m	0	0	-1, 3, 2		2	-1
20	19	7/16	V	D	V		V	V							M	0	0	1, 5, 2		1	1
21	20	0	I	D	V		I	I							M	0	0	0, 4, 1		0	0
21	20	3/32	V7/IV	D	V		V7/IV	V			7		IV		Mm7	0	0	0, 4, 1, -2		0	0
21	20	1/8	ii6	D	V		ii6	ii			6				m	0	0	-1, 3, 2		2	-1
21	20	1/4	V7	D	V		V7	V			7				Mm7	0	0	1, 5, 2, -1		1	1
21	20	3/8	V6/vi\\	D	V		V6/vi	V			6		vi	\\	M	0	0	8, 5, 4		4	8
22	21	1/8	vi	D	V		vi	vi							m	0	0	3, 0, 4		3	3
22	21	1/4	viio65/V\\	D	V		viio65/V	vii		o	65		V	\\	o7	0	0	3, 0, -3, 6		6	3
23	22	1/8	V65	D	V		V65	V			65				Mm7	0	0	5, 2, -1, 1		1	5
23	22	1/4	I	D	V		I	I							M	0	0	0, 4, 1		0	0
23	22	5/16	ii2	D	V		ii2	ii			2				mm7	0	0	0, 2, -1, 3		2	0
23	22	3/8	vii%7/V	D	V		vii%7/V	vii		%	7		V		%7	0	0	6, 5, 12, 4		6	6
24	23	0	V	D	V		V	V							M	0	0	1, 5, 2		1	1
24	23	1/4	V(4)	D	V		V(4)	V				4			M	0	0	1, 0, 2		1	1
24	23	3/8	V	D	V		V	V							M	0	0	1, 5, 2		1	1
24	23	15/32	V7	D	V		V7	V			7				Mm7	0	0	1, 5, 2, -1		1	1
25	24	0	I(94)	D	V		I(94)	I				94			M	0	0	0, -1, 1	2	0	0
25	24	1/8	V64/IV	D	V		V64/IV	V			64		IV		M	0	0	1, 0, 4		0	1
25	24	7/32	V2/IV	D	V		V2/IV	V			2		IV		Mm7	0	0	-2, 0, 4, 1		0	-2
25	24	1/4	IV6	D	V		IV6	IV			6				M	0	0	3, 0, -1		-1	3
25	24	3/8	V/IV	D	V		V/IV	V					IV		M	0	0	0, 4, 1		0	0
25	24	15/32	V7/IV	D	V		V7/IV	V			7		IV		Mm7	0	0	0, 4, 1, -2		0	0
26	25	0	ii6(2)	D	V		ii6(2)	ii			6	2			m	0	0	-1, 3, 4		2	-1
26	25	3/32	ii6	D	V		ii6	ii			6				m	0	0	-1, 3, 2		2	-1
26	25	1/8	viio/V	D	V		viio/V	vii		o			V		o	0	0	6, 3, 0		6	6
26	25	1/4	V(9)	D	V		V(9)	V				9			M	0	0	1, 5, 2	3	1	1
26	25	3/8	V65	D	V		V65	V			65				Mm7	0	0	5, 2, -1, 1		1	5
27	26	0	I(9)	D	V		I(9)	I				9			M	0	0	0, 4, 1	2	0	0
27	26	1/8	I6	D	V		I6	I			6				M	0	0	4, 1, 0		0	4
27	26	1/4	IV(9)	D	V		IV(9)	IV				9			M	0	0	-1, 3, 0	1	-1	-1
27	26	3/8	IV6	D	V		IV6	IV			6				M	0	0	3, 0, -1		-1	3
28	27	0	V6(11)	D	V		V6(11)	V			6	11			M	0	0	5, 2, 1	0	1	5
28	27	3/32	vii%65	D	V		vii%65	vii		%	65				%7	0	0	4, 11, 3, 5		5	4
28	27	1/8	I6	D	V		I6	I			6				M	0	0	4, 1, 0		0	4
28	27	7/32	ii6	D	V		ii6	ii			6				m	0	0	-1, 3, 2		2	-1
28	27	1/4	V(64)	D	V		V(64)	V				64			M	0	0	1, 0, 4		1	1
28	27	7/16	V7	D	V		V7	V			7				Mm7	0	0	1, 5, 2, -1		1	1
29	28	0	I[I(4)	D	V	I	I(4)	I				4			M	0	0	0, -1, 1		0	0
29	28	3/32	I	D	V	I	I	I							M	0	0	0, 4, 1		0	0
29	28	1/8	IV	D	V	I	IV	IV							M	0	0	-1, 3, 0		-1	-1
29	28	5/24	viio6	D	V	I	viio6	vii		o	6				o	0	0	2, -1, 5		5	2
29	28	1/4	I]\\	D	V	I	I	I						\\	M	0	0	0, 4, 1		0	0
30	28	15/32	I	D	V		I	I							M	0	0	0, 4, 1		0	0
31	29	1/4	I6	D	V		I6	I			6				M	0	0	4, 1, 0		0	4
31	29	3/8	IV	D	V		IV	IV							M	0	0	-1, 3, 0		-1	-1
31	29	7/16	viio64	D	V		viio64	vii		o	64				o	0	0	-1, 5, 2		5	-1
32	30	0	I	D	V		I	I							M	0	0	0, 4, 1		0	0
32	30	1/8	I6	D	V		I6	I			6				M	0	0	4, 1, 0		0	4
32	30	3/8	IV	D	V		IV	IV							M	0	0	-1, 3, 0		-1	-1
32	30	7/16	viio64	D	V		viio64	vii		o	64				o	0	0	-1, 5, 2		5	-1
33	31	0	I6	D	V		I6	I			6				M	0	0	4, 1, 0		0	4
33	31	3/32	V	D	V		V	V							M	0	0	1, 5, 2		1	1
33	31	1/8	I	D	V		I	I							M	0	0	0, 4, 1		0	0
33	31	1/4	V7	D	V		V7	V			7				Mm7	0	0	1, 5, 2, -1		1	1
34	32	0	I(74)	D	V		I(74)	I				74			M	0	0	0, -1, 1	5	0	0
34	32	1/8	I\\	D	V		I	I						\\	M	0	0	0, 4, 1		0	0
34	32	3/8	I.V7	D	I		V7	V			7				Mm7	0	0	1, 5, 2, -1		1	1
35	33	0	I[I	D	I	I	I	I							M	0	0	0, 4, 1		0	0
35	33	1/8	IV	D	I	I	IV	IV							M	0	0	-1, 3, 0		-1	-1
35	33	7/32	viio6	D	I	I	viio6	vii		o	6				o	0	0	2, -1, 5		5	2
35	33	1/4	I]	D	I	I	I	I							M	0	0	0, 4, 1		0	0
35	33	3/8	IV6	D	I		IV6	IV			6				M	0	0	3, 0, -1		-1	3
35	33	7/16	viio	D	I		viio	vii		o					o	0	0	5, 2, -1		5	5
36	34	0	I[I	D	I	I	I	I							M	0	0	0, 4, 1		0	0
36	34	1/8	IV6	D	I	I	IV6	IV			6				M	0	0	3, 0, -1		-1	3
36	34	3/16	viio	D	I	I	viio	vii		o					o	0	0	5, 2, -1		5	5
36	34	1/4	IV64	D	I	I	IV64	IV			64				M	0	0	0, -1, 3		-1	0
36	34	5/16	viio6]	D	I	I	viio6	vii		o	6				o	0	0	2, -1, 5		5	2
36	34	3/8	IV6	D	I		IV6	IV			6				M	0	0	3, 0, -1		-1	3
36	34	7/16	viio	D	I		viio	vii		o					o	0	0	5, 2, -1		5	5
37	35	0	I	D	I		I	I							M	0	0	0, 4, 1		0	0
37	35	1/16	viio6	D	I		viio6	vii		o	6				o	0	0	2, -1, 5		5	2
37	35	1/8	I6	D	I		I6	I			6				M	0	0	4, 1, 0		0	4
37	35	1/4	V2	D	I		V2	V			2				Mm7	0	0	-1, 1, 5, 2		1	-1
38	36	0	I6	D	I		I6	I			6				M	0	0	4, 1, 0		0	4
38	36	3/32	V	D	I		V	V							M	0	0	1, 5, 2		1	1
38	36	1/8	I	D	I		I	I							M	0	0	0, 4, 1		0	0
38	36	3/8	V7/IV	D	I		V7/IV	V			7		IV		Mm7	0	0	0, 4, 1, -2		0	0
39	37	0	#viio7/vi	D	I		#viio7/vi	#vii		o	7		vi		o7	0	0	8, 5, 2, -1		8	8
39	37	1/8	vi	D	I		vi	vi							m	0	0	3, 0, 4		3	3
39	37	1/4	ii6/vi	D	I		ii6/vi	ii			6		vi		m	0	0	2, 6, 5		5	2
39	37	3/8	V7/vi	D	I		V7/vi	V			7		vi		Mm7	0	0	4, 8, 5, 2		4	4
40	38	0	vi	D	I		vi	vi							m	0	0	3, 0, 4		3	3
40	38	1/16	viio6/V	D	I		viio6/V	vii		o	6		V		o	0	0	3, 0, 6		6	3
40	38	1/4	V6	D	I		V6	V			6				M	0	0	5, 2, 1		1	5
40	38	7/16	V7	D	I		V7	V			7				Mm7	0	0	1, 5, 2, -1		1	1
41	39	0	I(4)	D	I		I(4)	I				4			M	0	0	0, -1, 1		0	0
41	39	1/32	I	D	I		I	I							M	0	0	0, 4, 1		0	0
41	39	1/8	V65/IV	D	I		V65/IV	V			65		IV		Mm7	0	0	4, 1, -2, 0		0	4
41	39	1/4	IV	D	I		IV	IV							M	0	0	-1, 3, 0		-1	-1
41	39	11/32	viio64	D	I		viio64	vii		o	64				o	0	0	-1, 5, 2		5	-1
41	39	3/8	I6	D	I		I6	I			6				M	0	0	4, 1, 0		0	4
42	40	0	ii7	D	I		ii7	ii			7				mm7	0	0	2, -1, 3, 0		2	2
42	40	1/4	V7(4)	D	I		V7(4)	V			7	4			Mm7	0	0	1, 0, 2, -1		1	1
42	40	3/8	V7\\	D	I		V7	V			7			\\	Mm7	0	0	1, 5, 2, -1		1	1
43	41	0	I[I	D	I	I	I	I							M	0	0	0, 4, 1		0	0
43	41	1/8	IV	D	I	I	IV	IV							M	0	0	-1, 3, 0		-1	-1
43	41	7/32	viio6	D	I	I	viio6	vii		o	6				o	0	0	2, -1, 5		5	2
43	41	1/4	I]	D	I	I	I	I							M	0	0	0, 4, 1		0	0
44	42	0	ii.#viio7	D	ii		#viio7	#vii		o	7				o7	0	1	5, 2, -1, -4		5	5
44	42	7/16	V	D	ii		V	V							M	0	1	1, 5, 2		1	1
45	43	0	i[i	D	ii	i	i	i							m	0	1	0, -3, 1		0	0
45	43	1/8	iv	D	ii	i	iv	iv							m	0	1	-1, -4, 0		-1	-1
45	43	7/32	#viio6	D	ii	i	#viio6	#vii		o	6				o	0	1	2, -1, 5		5	2
45	43	1/4	i]	D	ii	i	i	i							m	0	1	0, -3, 1		0	0
46	44	0	iii.V65	D	iii		V65	V			65				Mm7	0	1	5, 2, -1, 1		1	5
47	45	0	i	D	iii		i	i							m	0	1	0, -3, 1		0	0
47	45	1/8	iv	D	iii		iv	iv							m	0	1	-1, -4, 0		-1	-1
47	45	1/4	V(64)	D	iii		V(64)	V				64			M	0	1	1, 0, -3		1	1
47	45	3/8	V	D	iii		V	V							M	0	1	1, 5, 2		1	1
47	45	7/16	v	D	iii		v	v							m	0	1	1, -2, 2		1	1
48	46	0	vi.iv6	D	vi		iv6	iv			6				m	0	1	-4, 0, -1		-1	-4
48	46	1/8	iv64	D	vi		iv64	iv			64				m	0	1	0, -1, -4		-1	0
48	46	1/4	#viio7	D	vi		#viio7	#vii		o	7				o7	0	1	5, 2, -1, -4		5	5
48	46	3/8	V6(6)	D	vi		V6(6)	V			6	6			M	0	1	5, -3, 1		1	5
48	46	15/32	#viio	D	vi		#viio	#vii		o					o	0	1	5, 2, -1		5	5
49	47	0	i	D	vi		i	i							m	0	1	0, -3, 1		0	0
49	47	1/8	iv	D	vi		iv	iv							m	0	1	-1, -4, 0		-1	-1
49	47	1/4	V(64)	D	vi		V(64)	V				64			M	0	1	1, 0, -3		1	1
49	47	3/8	V	D	vi		V	V							M	0	1	1, 5, 2		1	1
49	47	7/16	II.ii	D	II		ii	ii							m	0	0	2, -1, 3		2	2
50	48	0	IV6	D	II		IV6	IV			6				M	0	0	3, 0, -1		-1	3
50	48	1/8	IV64	D	II		IV64	IV			64				M	0	0	0, -1, 3		-1	0
50	48	1/4	vii%7	D	II		vii%7	vii		%	7				%7	0	0	5, 4, 11, 3		5	5
50	48	15/32	viio	D	II		viio	vii		o					o	0	0	5, 2, -1		5	5
51	49	0	I	D	II		I	I							M	0	0	0, 4, 1		0	0
51	49	1/12	V+/IV	D	II		V+/IV	V		+			IV		+	0	0	0, 4, 8		0	0
51	49	1/8	IV	D	II		IV	IV							M	0	0	-1, 3, 0		-1	-1
51	49	1/4	V(64)	D	II		V(64)	V				64			M	0	0	1, 0, 4		1	1
51	49	3/8	V	D	II		V	V							M	0	0	1, 5, 2		1	1
51	49	7/16	V.ii	D	V		ii	ii							m	0	0	2, -1, 3		2	2
52	50	0	IV6	D	V		IV6	IV			6				M	0	0	3, 0, -1		-1	3
52	50	1/8	IV64	D	V		IV64	IV			64				M	0	0	0, -1, 3		-1	0
52	50	1/4	viio7	D	V		viio7	vii		o	7				o7	0	0	5, 2, -1, -4		5	5
52	50	15/32	viio	D	V		viio	vii		o					o	0	0	5, 2, -1		5	5
53	51	0	I	D	V		I	I							M	0	0	0, 4, 1		0	0
53	51	1/8	ii6	D	V		ii6	ii			6				m	0	0	-1, 3, 2		2	-1
53	51	1/4	V(64)	D	V		V(64)	V				64			M	0	0	1, 0, 4		1	1
53	51	3/8	viio64	D	V		viio64	vii		o	64				o	0	0	-1, 5, 2		5	-1
53	51	7/16	IV(4)	D	V		IV(4)	IV				4			M	0	0	-1, 5, 0		-1	-1
54	52	0	vii%7/IV	D	V		vii%7/IV	vii		%	7		IV		%7	0	0	4, 3, 10, 2		4	4
54	52	1/8	V6(6)/IV	D	V		V6(6)/IV	V			6	6	IV		M	0	0	4, 3, 0		0	4
54	52	1/4	V65/IV	D	V		V65/IV	V			65		IV		Mm7	0	0	4, 1, -2, 0		0	4
55	53	0	IV	D	V		IV	IV							M	0	0	-1, 3, 0		-1	-1
55	53	1/4	V2\\	D	V		V2	V			2			\\	Mm7	0	0	-1, 1, 5, 2		1	-1
56	54	0	I	D	V		I	I							M	0	0	0, 4, 1		0	0
56	54	1/8	I6	D	V		I6	I			6				M	0	0	4, 1, 0		0	4
57	55	0	I	D	V		I	I							M	0	0	0, 4, 1		0	0
57	55	1/8	IV	D	V		IV	IV							M	0	0	-1, 3, 0		-1	-1
57	55	1/4	I6	D	V		I6	I			6				M	0	0	4, 1, 0		0	4
57	55	11/32	#viio6/ii	D	V		#viio6/ii	#vii		o	6		ii		o	0	0	4, 1, 7		7	4
57	55	3/8	ii	D	V		ii	ii							m	0	0	2, -1, 3		2	2
58	56	1/8	ii6(9)	D	V		ii6(9)	ii			6	9			m	0	0	-1, 3, 2	4	2	-1
58	56	1/4	V(64)	D	V		V(64)	V				64			M	0	0	1, 0, 4		1	1
58	56	3/8	#viio/vi	D	V		#viio/vi	#vii		o			vi		o	0	0	8, 5, 2		8	8
59	57	1/4	vi\\	D	V		vi	vi						\\	m	0	0	3, 0, 4		3	3
59	57	3/8	#viio64/ii	D	V		#viio64/ii	#vii		o	64		ii		o	0	0	1, 7, 4		7	1
60	58	0	#viio6/ii	D	V		#viio6/ii	#vii		o	6		ii		o	0	0	4, 1, 7		7	4
60	58	1/8	#viio65/ii	D	V		#viio65/ii	#vii		o	65		ii		o7	0	0	4, 1, -2, 7		7	4
60	58	1/4	ii6	D	V		ii6	ii			6				m	0	0	-1, 3, 2		2	-1
60	58	7/16	V	D	V		V	V							M	0	0	1, 5, 2		1	1
61	59	0	I[I	D	V	I	I	I							M	0	0	0, 4, 1		0	0
61	59	7/32	V7/IV	D	V	I	V7/IV	V			7		IV		Mm7	0	0	0, 4, 1, -2		0	0
61	59	1/4	IV	D	V	I	IV	IV							M	0	0	-1, 3, 0		-1	-1
61	59	11/32	V/IV	D	V	I	V/IV	V					IV		M	0	0	0, 4, 1		0	0
61	59	3/8	IV	D	V	I	IV	IV							M	0	0	-1, 3, 0		-1	-1
62	60	0	I	D	V	I	I	I							M	0	0	0, 4, 1		0	0
62	60	1/8	IV6	D	V	I	IV6	IV			6				M	0	0	3, 0, -1		-1	3
62	60	7/32	viio6	D	V	I	viio6	vii		o	6				o	0	0	2, -1, 5		5	2
62	60	1/4	I]\\	D	V	I	I	I						\\	M	0	0	0, 4, 1		0	0
63	61	0	I.I[I	D	I	I	I	I							M	0	0	0, 4, 1		0	0
63	61	1/8	IV	D	I	I	IV	IV							M	0	0	-1, 3, 0		-1	-1
63	61	7/32	viio6	D	I	I	viio6	vii		o	6				o	0	0	2, -1, 5		5	2
63	61	1/4	I	D	I	I	I	I							M	0	0	0, 4, 1		0	0
64	62	1/8	IV	D	I	I	IV	IV							M	0	0	-1, 3, 0		-1	-1
64	62	7/32	viio64	D	I	I	viio64	vii		o	64				o	0	0	-1, 5, 2		5	-1
64	62	1/4	I]	D	I	I	I	I							M	0	0	0, 4, 1		0	0
64	62	3/8	ii	D	I		ii	ii							m	0	0	2, -1, 3		2	2
65	63	1/8	I6	D	I		I6	I			6				M	0	0	4, 1, 0		0	4
65	63	1/4	viio(42)	D	I		viio(42)	vii		o		42			o	0	0	0, 4, -1		5	0
65	63	3/8	viio6	D	I		viio6	vii		o	6				o	0	0	2, -1, 5		5	2
66	64	1/8	viio65	D	I		viio65	vii		o	65				o7	0	0	2, -1, -4, 5		5	2
66	64	7/32	V43	D	I		V43	V			43				Mm7	0	0	2, -1, 1, 5		1	2
66	64	1/4	I	D	I		I	I							M	0	0	0, 4, 1		0	0
66	64	3/8	#viio2/ii	D	I		#viio2/ii	#vii		o	2		ii		o7	0	0	-2, 7, 4, 1		7	-2
67	65	0	ii64(#7)	D	I		ii64(#7)	ii			64	#7			m	0	0	3, 7, -1		2	3
67	65	1/8	#viio64/ii	D	I		#viio64/ii	#vii		o	64		ii		o	0	0	1, 7, 4		7	1
67	65	1/4	ii6	D	I		ii6	ii			6				m	0	0	-1, 3, 2		2	-1
67	65	7/16	V	D	I		V	V							M	0	0	1, 5, 2		1	1
68	66	0	I	D	I		I	I							M	0	0	0, 4, 1		0	0
68	66	3/32	V7/IV	D	I		V7/IV	V			7		IV		Mm7	0	0	0, 4, 1, -2		0	0
68	66	1/8	V65/IV	D	I		V65/IV	V			65		IV		Mm7	0	0	4, 1, -2, 0		0	4
68	66	1/4	IV	D	I		IV	IV							M	0	0	-1, 3, 0		-1	-1
68	66	3/8	V65/V	D	I		V65/V	V			65		V		Mm7	0	0	6, 3, 0, 2		2	6
69	67	0	V[V	D	I	V	V	V							M	0	0	1, 5, 2		1	1
69	67	1/8	IV/V	D	I	V	IV/V	IV					V		M	0	0	0, 4, 1		0	0
69	67	5/24	viio6/V	D	I	V	viio6/V	vii		o	6		V		o	0	0	3, 0, 6		6	3
69	67	1/4	V	D	I	V	V	V							M	0	0	1, 5, 2		1	1
69	67	3/8	IV/V	D	I	V	IV/V	IV					V		M	0	0	0, 4, 1		0	0
69	67	11/24	viio6/V	D	I	V	viio6/V	vii		o	6		V		o	0	0	3, 0, 6		6	3
70	68	0	V]	D	I	V	V	V							M	0	0	1, 5, 2		1	1
70	68	1/4	I	D	I		I	I							M	0	0	0, 4, 1		0	0
71	69	0	V(4)	D	I		V(4)	V				4			M	0	0	1, 0, 2		1	1
71	69	1/4	viio6	D	I		viio6	vii		o	6				o	0	0	2, -1, 5		5	2
71	69	7/16	I	D	I		I	I							M	0	0	0, 4, 1		0	0
72	70	0	V7(4)	D	I		V7(4)	V			7	4			Mm7	0	0	1, 0, 2, -1		1	1
72	70	1/8	V6	D	I		V6	V			6				M	0	0	5, 2, 1		1	5
72	70	7/32	I	D	I		I	I							M	0	0	0, 4, 1		0	0
72	70	1/4	viio6(2)	D	I		viio6(2)	vii		o	6	2			o	0	0	2, -1, 0		5	2
72	70	3/8	V	D	I		V	V							M	0	0	1, 5, 2		1	1
72	70	15/32	I	D	I		I	I							M	0	0	0, 4, 1		0	0
73	71	0	V6	D	I		V6	V			6				M	0	0	5, 2, 1		1	5
73	71	3/32	V65	D	I		V65	V			65				Mm7	0	0	5, 2, -1, 1		1	5
73	71	1/8	I	D	I		I	I							M	0	0	0, 4, 1		0	0
73	71	7/32	V7/IV	D	I		V7/IV	V			7		IV		Mm7	0	0	0, 4, 1, -2		0	0
73	71	1/4	V+6/IV	D	I		V+6/IV	V		+	6		IV		+	0	0	4, 8, 0		0	4
74	72	0	IV(#9)	D	I		IV(#9)	IV				#9			M	0	0	-1, 3, 0	8	-1	-1
74	72	1/8	ii6(#7)	D	I		ii6(#7)	ii			6	#7			m	0	0	-1, 3, 7		2	-1
74	72	3/16	ii6	D	I		ii6	ii			6				m	0	0	-1, 3, 2		2	-1
74	72	1/4	IVM7	D	I		IVM7	IV		M	7				MM7	0	0	-1, 3, 0, 4		-1	-1
74	72	3/8	viio(64)/V	D	I		viio(64)/V	vii		o		64	V		o	0	0	6, 5, 2		6	6
74	72	15/32	viio/V	D	I		viio/V	vii		o			V		o	0	0	6, 3, 0		6	6
75	73	0	V	D	I		V	V							M	0	0	1, 5, 2		1	1
75	73	1/8	viio7/V	D	I		viio7/V	vii		o	7		V		o7	0	0	6, 3, 0, -3		6	6
75	73	1/4	IV+	D	I		IV+	IV		+					+	0	0	-1, 3, 7		-1	-1
76	74	0	viio(#9)	D	I		viio(#9)	vii		o		#9			o	0	0	5, 2, -1	7	5	5
76	74	1/16	vii(#9)	D	I		vii(#9)	vii				#9			m	0	0	5, 2, 6	7	5	5
76	74	1/8	vii	D	I		vii	vii							m	0	0	5, 2, 6		5	5
76	74	3/16	V6	D	I		V6	V			6				M	0	0	5, 2, 1		1	5
76	74	1/4	vii%7	D	I		vii%7	vii		%	7				%7	0	0	5, 4, 11, 3		5	5
76	74	3/8	viio(64)	D	I		viio(64)	vii		o		64			o	0	0	5, 4, 1		5	5
76	74	15/32	viio	D	I		viio	vii		o					o	0	0	5, 2, -1		5	5
77	75	0	I	D	I		I	I							M	0	0	0, 4, 1		0	0
77	75	3/32	V7/IV	D	I		V7/IV	V			7		IV		Mm7	0	0	0, 4, 1, -2		0	0
77	75	1/8	IV	D	I		IV	IV							M	0	0	-1, 3, 0		-1	-1
77	75	5/32	ii6	D	I		ii6	ii			6				m	0	0	-1, 3, 2		2	-1
77	75	1/4	V(4)	D	I		V(4)	V				4			M	0	0	1, 0, 2		1	1
77	75	7/24	V7	D	I		V7	V			7				Mm7	0	0	1, 5, 2, -1		1	1
77	75	3/8	V6/vi	D	I		V6/vi	V			6		vi		M	0	0	8, 5, 4		4	8
78	76	1/8	vi	D	I		vi	vi							m	0	0	3, 0, 4		3	3
78	76	1/4	viio65/V\\	D	I		viio65/V	vii		o	65		V	\\	o7	0	0	3, 0, -3, 6		6	3
79	77	1/8	V65	D	I		V65	V			65				Mm7	0	0	5, 2, -1, 1		1	5
79	77	1/4	I	D	I		I	I							M	0	0	0, 4, 1		0	0
79	77	3/8	vii%7/V	D	I		vii%7/V	vii		%	7		V		%7	0	0	6, 5, 12, 4		6	6
80	78	0	V	D	I		V	V							M	0	0	1, 5, 2		1	1
81	79	0	I(94)	D	I		I(94)	I				94			M	0	0	0, -1, 1	2	0	0
81	79	1/8	V64/IV	D	I		V64/IV	V			64		IV		M	0	0	1, 0, 4		0	1
81	79	7/32	V2/IV	D	I		V2/IV	V			2		IV		Mm7	0	0	-2, 0, 4, 1		0	-2
81	79	1/4	IV6	D	I		IV6	IV			6				M	0	0	3, 0, -1		-1	3
81	79	3/8	V/IV	D	I		V/IV	V					IV		M	0	0	0, 4, 1		0	0
81	79	15/32	V7/IV	D	I		V7/IV	V			7		IV		Mm7	0	0	0, 4, 1, -2		0	0
82	80	0	ii6(2)	D	I		ii6(2)	ii			6	2			m	0	0	-1, 3, 4		2	-1
82	80	3/32	ii6	D	I		ii6	ii			6				m	0	0	-1, 3, 2		2	-1
82	80	1/8	V65/V	D	I		V65/V	V			65		V		Mm7	0	0	6, 3, 0, 2		2	6
82	80	1/4	V(9)	D	I		V(9)	V				9			M	0	0	1, 5, 2	3	1	1
82	80	3/8	V65	D	I		V65	V			65				Mm7	0	0	5, 2, -1, 1		1	5
83	81	0	I(9)	D	I		I(9)	I				9			M	0	0	0, 4, 1	2	0	0
83	81	1/8	I6	D	I		I6	I			6				M	0	0	4, 1, 0		0	4
83	81	1/4	IV(9)	D	I		IV(9)	IV				9			M	0	0	-1, 3, 0	1	-1	-1
83	81	3/8	IV6	D	I		IV6	IV			6				M	0	0	3, 0, -1		-1	3
84	82	0	V6(11)	D	I		V6(11)	V			6	11			M	0	0	5, 2, 1	0	1	5
84	82	3/32	vii%65	D	I		vii%65	vii		%	65				%7	0	0	4, 11, 3, 5		5	4
84	82	1/8	I6	D	I		I6	I			6				M	0	0	4, 1, 0		0	4
84	82	7/32	ii6	D	I		ii6	ii			6				m	0	0	-1, 3, 2		2	-1
84	82	1/4	V	D	I		V	V							M	0	0	1, 5, 2		1	1
84	82	7/16	V7	D	I		V7	V			7				Mm7	0	0	1, 5, 2, -1		1	1
85	83	0	I[I(4)	D	I	I	I(4)	I				4			M	0	0	0, -1, 1		0	0
85	83	3/32	I	D	I	I	I	I							M	0	0	0, 4, 1		0	0
85	83	1/8	IV	D	I	I	IV	IV							M	0	0	-1, 3, 0		-1	-1
85	83	5/24	viio6	D	I	I	viio6	vii		o	6				o	0	0	2, -1, 5		5	2
85	83	1/4	I]\\	D	I	I	I	I						\\	M	0	0	0, 4, 1		0	0
86	84	3/8	.vi.i	D	vi		i	i							m	0	1	0, -3, 1		0	0
86	84	7/8	i6	D	vi		i6	i			6				m	0	1	-3, 1, 0		0	-3
87	85	0	iv	D	vi		iv	iv							m	0	1	-1, -4, 0		-1	-1
87	85	1/2	V	D	vi		V	V							M	0	1	1, 5, 2		1	1
87	85	5/8	V7	D	vi		V7	V			7				Mm7	0	1	1, 5, 2, -1		1	1
88	86	0	i	D	vi		i	i							m	0	1	0, -3, 1		0	0
88	86	1/4	VII	D	vi		VII	VII							M	0	1	-2, 2, -1		-2	-2
88	86	5/8	V6	D	vi		V6	V			6				M	0	1	5, 2, 1		1	5
89	87	0	i	D	vi		i	i							m	0	1	0, -3, 1		0	0
89	87	1/4	V(9)/V	D	vi		V(9)/V	V				9	V		M	0	1	2, 6, 3	4	2	2
89	87	1/2	V6/V	D	vi		V6/V	V			6		V		M	0	1	6, 3, 2		2	6
89	87	5/8	viio/V	D	vi		viio/V	vii		o			V		o	0	1	6, 3, 0		6	6
90	88	0	v(#9)	D	vi		v(#9)	v				#9			m	0	1	1, -2, 2	3	1	1
90	88	1/4	v2	D	vi		v2	v			2				mm7	0	1	-1, 1, -2, 2		1	-1
90	88	3/8	V2	D	vi		V2	V			2				Mm7	0	1	-1, 1, 5, 2		1	-1
90	88	1/2	i6	D	vi		i6	i			6				m	0	1	-3, 1, 0		0	-3
91	89	0	iv(9)	D	vi		iv(9)	iv				9			m	0	1	-1, -4, 0	1	-1	-1
91	89	1/4	iv2	D	vi		iv2	iv			2				mm7	0	1	-3, -1, -4, 0		-1	-3
91	89	3/8	V2/V/III	D	vi		V2/V/III	V			2		V/III		Mm7	0	1	-3, -1, 3, 0		-1	-3
91	89	1/2	V6/III	D	vi		V6/III	V			6		III		M	0	1	2, -1, -2		-2	2
91	89	11/16	viio/III	D	vi		viio/III	vii		o			III		o	0	1	2, -1, -4		2	2
92	90	0	III(9)	D	vi		III(9)	III				9			M	0	1	-3, 1, -2	-1	-3	-3
92	90	1/8	III	D	vi		III	III							M	0	1	-3, 1, -2		-3	-3
92	90	1/4	VI	D	vi		VI	VI							M	0	1	-4, 0, -3		-4	-4
92	90	3/8	iv6(#7)	D	vi		iv6(#7)	iv			6	#7			m	0	1	-4, 0, 4		-1	-4
92	90	1/2	iv	D	vi		iv	iv							m	0	1	-1, -4, 0		-1	-1
93	91	0	ii%65	D	vi		ii%65	ii		%	65				%7	0	1	1, 8, 0, 2		2	1
93	91	1/4	V	D	vi		V	V							M	0	1	1, 5, 2		1	1
93	91	3/8	V(9)	D	vi		V(9)	V				9			M	0	1	1, 5, 2	-4	1	1
93	91	1/2	V	D	vi		V	V							M	0	1	1, 5, 2		1	1
93	91	11/16	V7	D	vi		V7	V			7				Mm7	0	1	1, 5, 2, -1		1	1
94	92	0	i\\	D	vi		i	i						\\	m	0	1	0, -3, 1		0	0
94	92	1/4	i6	D	vi		i6	i			6				m	0	1	-3, 1, 0		0	-3
94	92	1/2	V(64)	D	vi		V(64)	V				64			M	0	1	1, 0, -3		1	1
94	92	5/8	V64/iv	D	vi		V64/iv	V			64		iv		M	0	1	1, 0, 4		0	1
95	93	0	iv6	D	vi		iv6	iv			6				m	0	1	-4, 0, -1		-1	-4
95	93	1/4	It6	D	vi		It6	vii	It	o	6	b3	V		M	0	1	-4, 0, 6		6	-4
95	93	1/2	V	D	vi		V	V							M	0	1	1, 5, 2		1	1
95	93	5/8	#viio43	D	vi		#viio43	#vii		o	43				o7	0	1	-1, -4, 5, 2		5	-1
96	94	0	i6	D	vi		i6	i			6				m	0	1	-3, 1, 0		0	-3
96	94	1/4	i	D	vi		i	i							m	0	1	0, -3, 1		0	0
96	94	1/2	#viio7/iv	D	vi		#viio7/iv	#vii		o	7		iv		o7	0	1	4, 1, -2, -5		4	4
97	95	0	iv(9)	D	vi		iv(9)	iv				9			m	0	1	-1, -4, 0	1	-1	-1
97	95	1/8	iv	D	vi		iv	iv							m	0	1	-1, -4, 0		-1	-1
97	95	1/4	V/V	D	vi		V/V	V					V		M	0	1	2, 6, 3		2	2
97	95	1/2	viio7/V	D	vi		viio7/V	vii		o	7		V		o7	0	1	6, 3, 0, -3		6	6
98	96	0	v	D	vi		v	v							m	0	1	1, -2, 2		1	1
98	96	1/8	I.V2	D	I		V2	V			2				Mm7	0	0	-1, 1, 5, 2		1	-1
98	96	1/2	I6	D	I		I6	I			6				M	0	0	4, 1, 0		0	4
98	96	5/8	viio6	D	I		viio6	vii		o	6				o	0	0	2, -1, 5		5	2
99	97	0	I	D	I		I	I							M	0	0	0, 4, 1		0	0
99	97	1/8	viio/IV	D	I		viio/IV	vii		o			IV		o	0	0	4, 1, -2		4	4
99	97	1/2	IV	D	I		IV	IV							M	0	0	-1, 3, 0		-1	-1
99	97	5/8	viio7/V	D	I		viio7/V	vii		o	7		V		o7	0	0	6, 3, 0, -3		6	6
100	98	1/4	V	D	I		V	V							M	0	0	1, 5, 2		1	1
100	98	3/8	viio	D	I		viio	vii		o					o	0	0	5, 2, -1		5	5
100	98	1/2	I	D	I		I	I							M	0	0	0, 4, 1		0	0
100	98	11/16	V7/IV	D	I		V7/IV	V			7		IV		Mm7	0	0	0, 4, 1, -2		0	0
101	99	0	IV	D	I		IV	IV							M	0	0	-1, 3, 0		-1	-1
101	99	1/8	ii	D	I		ii	ii							m	0	0	2, -1, 3		2	2
101	99	1/4	V(4)	D	I		V(4)	V				4			M	0	0	1, 0, 2		1	1
101	99	1/2	V	D	I		V	V							M	0	0	1, 5, 2		1	1
101	99	5/8	viio64	D	I		viio64	vii		o	64				o	0	0	-1, 5, 2		5	-1
102	100	0	I6	D	I		I6	I			6				M	0	0	4, 1, 0		0	4
102	100	1/8	IV	D	I		IV	IV							M	0	0	-1, 3, 0		-1	-1
102	100	1/4	V(64)	D	I		V(64)	V				64			M	0	0	1, 0, 4		1	1
102	100	1/2	V	D	I		V	V							M	0	0	1, 5, 2		1	1
103	101	0	I[I	D	I	I	I	I							M	0	0	0, 4, 1		0	0
103	101	1/8	V7/IV	D	I	I	V7/IV	V			7		IV		Mm7	0	0	0, 4, 1, -2		0	0
103	101	1/4	IV(4)	D	I	I	IV(4)	IV				4			M	0	0	-1, 5, 0		-1	-1
103	101	7/24	IV	D	I	I	IV	IV							M	0	0	-1, 3, 0		-1	-1
103	101	11/24	viio64	D	I	I	viio64	vii		o	64				o	0	0	-1, 5, 2		5	-1
103	101	1/2	I(4)	D	I	I	I(4)	I				4			M	0	0	0, -1, 1		0	0
103	101	5/8	I]\\	D	I	I	I	I						\\	M	0	0	0, 4, 1		0	0
104	102	3/4	I	D	I		I	I							M	0	0	0, 4, 1		0	0
104	102	5/4	I6	D	I		I6	I			6				M	0	0	4, 1, 0		0	4
105	103	0	viio64	D	I		viio64	vii		o	64				o	0	0	-1, 5, 2		5	-1
105	103	1/2	I6	D	I		I6	I			6				M	0	0	4, 1, 0		0	4
105	103	5/8	viio6	D	I		viio6	vii		o	6				o	0	0	2, -1, 5		5	2
106	104	0	I	D	I		I	I							M	0	0	0, 4, 1		0	0
106	104	1/8	V.V7	D	V		V7	V			7				Mm7	0	0	1, 5, 2, -1		1	1
106	104	1/4	vi	D	V		vi	vi							m	0	0	3, 0, 4		3	3
106	104	5/8	vi64	D	V		vi64	vi			64				m	0	0	4, 3, 0		3	4
107	105	0	V2	D	V		V2	V			2				Mm7	0	0	-1, 1, 5, 2		1	-1
107	105	1/2	I6	D	V		I6	I			6				M	0	0	4, 1, 0		0	4
107	105	5/8	viio6	D	V		viio6	vii		o	6				o	0	0	2, -1, 5		5	2
108	106	0	I\\	D	V		I	I						\\	M	0	0	0, 4, 1		0	0
108	106	1/4	i	D	V		i	i							m	0	0	0, -3, 1		0	0
108	106	1/2	V2/IV	D	V		V2/IV	V			2		IV		Mm7	0	0	-2, 0, 4, 1		0	-2
109	107	0	ii.ii%7	D	ii		ii%7	ii		%	7				%7	0	1	2, 1, 8, 0		2	2
109	107	1/2	V	D	ii		V	V							M	0	1	1, 5, 2		1	1
109	107	5/8	V7	D	ii		V7	V			7				Mm7	0	1	1, 5, 2, -1		1	1
110	108	0	i\\	D	ii		i	i						\\	m	0	1	0, -3, 1		0	0
110	108	1/2	V2/iv	D	ii		V2/iv	V			2		iv		Mm7	0	1	-2, 0, 4, 1		0	-2
111	109	0	vi.ii%7	D	vi		ii%7	ii		%	7				%7	0	1	2, 1, 8, 0		2	2
111	109	1/2	V	D	vi		V	V							M	0	1	1, 5, 2		1	1
111	109	5/8	V7	D	vi		V7	V			7				Mm7	0	1	1, 5, 2, -1		1	1
112	110	0	i[i\\	D	vi	i	i	i						\\	m	0	1	0, -3, 1		0	0
112	110	1/4	V7	D	vi	i	V7	V			7				Mm7	0	1	1, 5, 2, -1		1	1
112	110	5/8	i]	D	vi	i	i	i							m	0	1	0, -3, 1		0	0
113	111	0	i(97)	D	vi		i(97)	i				97			m	0	1	0, -3, 1	2, -2	0	0
113	111	1/4	i6(#6)	D	vi		i6(#6)	i			6	#6			m	0	1	-3, 1, 0	3	0	-3
113	111	3/8	i6	D	vi		i6	i			6				m	0	1	-3, 1, 0		0	-3
113	111	1/2	V7/v	D	vi		V7/v	V			7		v		Mm7	0	1	2, 6, 3, 0		2	2
113	111	5/8	#viio43/v	D	vi		#viio43/v	#vii		o	43		v		o7	0	1	0, -3, 6, 3		6	0
114	112	0	v6(#7)	D	vi		v6(#7)	v			6	#7			m	0	1	-2, 2, 6		1	-2
114	112	1/4	V6	D	vi		V6	V			6				M	0	1	5, 2, 1		1	5
114	112	1/2	i	D	vi		i	i							m	0	1	0, -3, 1		0	0
115	113	0	VI6	D	vi		VI6	VI			6				M	0	1	0, -3, -4		-4	0
115	113	1/8	VI+6	D	vi		VI+6	VI		+	6				+	0	1	0, 4, -4		-4	0
115	113	1/4	I.viio	D	I		viio	vii		o					o	0	0	5, 2, -1		5	5
115	113	3/8	vii	D	I		vii	vii							m	0	0	5, 2, 6		5	5
115	113	1/2	V6	D	I		V6	V			6				M	0	0	5, 2, 1		1	5
115	113	9/16	V65	D	I		V65	V			65				Mm7	0	0	5, 2, -1, 1		1	5
115	113	5/8	I	D	I		I	I							M	0	0	0, 4, 1		0	0
116	114	0	V\\	D	I		V	V						\\	M	0	0	1, 5, 2		1	1
116	114	1/4	I6	D	I		I6	I			6				M	0	0	4, 1, 0		0	4
116	114	1/2	I	D	I		I	I							M	0	0	0, 4, 1		0	0
117	115	0	V6(6)	D	I		V6(6)	V			6	6			M	0	0	5, 4, 1		1	5
117	115	1/4	V6	D	I		V6	V			6				M	0	0	5, 2, 1		1	5
117	115	3/8	V65	D	I		V65	V			65				Mm7	0	0	5, 2, -1, 1		1	5
117	115	1/2	I	D	I		I	I							M	0	0	0, 4, 1		0	0
118	116	0	I6	D	I		I6	I			6				M	0	0	4, 1, 0		0	4
118	116	1/4	V6/V	D	I		V6/V	V			6		V		M	0	0	6, 3, 2		2	6
118	116	3/8	V2/V	D	I		V2/V	V			2		V		Mm7	0	0	0, 2, 6, 3		2	0
118	116	1/2	V6	D	I		V6	V			6				M	0	0	5, 2, 1		1	5
118	116	5/8	viio6/V	D	I		viio6/V	vii		o	6		V		o	0	0	3, 0, 6		6	3
119	117	0	V	D	I		V	V							M	0	0	1, 5, 2		1	1
119	117	1/2	V2	D	I		V2	V			2				Mm7	0	0	-1, 1, 5, 2		1	-1
119	117	5/8	vi.#viio6/iv	D	vi		#viio6/iv	#vii		o	6		iv		o	0	1	1, -2, 4		4	1
120	118	0	iv	D	vi		iv	iv							m	0	1	-1, -4, 0		-1	-1
120	118	1/16	#viio43	D	vi		#viio43	#vii		o	43				o7	0	1	-1, -4, 5, 2		5	-1
120	118	1/4	#viio43/V	D	vi		#viio43/V	#vii		o	43		V		o7	0	1	7, 4, 13, 10		13	7
120	118	1/2	V2	D	vi		V2	V			2				Mm7	0	1	-1, 1, 5, 2		1	-1
121	119	0	i6	D	vi		i6	i			6				m	0	1	-3, 1, 0		0	-3
121	119	1/8	i	D	vi		i	i							m	0	1	0, -3, 1		0	0
121	119	1/4	V(64)	D	vi		V(64)	V				64			M	0	1	1, 0, -3		1	1
121	119	1/2	V	D	vi		V	V							M	0	1	1, 5, 2		1	1
122	120	0	V6	D	vi		V6	V			6				M	0	1	5, 2, 1		1	5
122	120	1/8	V7	D	vi		V7	V			7				Mm7	0	1	1, 5, 2, -1		1	1
122	120	1/4	ii.V(4)	D	ii		V(4)	V				4			M	0	1	1, 0, 2		1	1
122	120	1/2	V	D	ii		V	V							M	0	1	1, 5, 2		1	1
122	120	5/8	V2	D	ii		V2	V			2				Mm7	0	1	-1, 1, 5, 2		1	-1
123	121	0	i6	D	ii		i6	i			6				m	0	1	-3, 1, 0		0	-3
123	121	1/8	i	D	ii		i	i							m	0	1	0, -3, 1		0	0
123	121	1/4	III6	D	ii		III6	III			6				M	0	1	1, -2, -3		-3	1
123	121	1/2	V	D	ii		V	V							M	0	1	1, 5, 2		1	1
124	122	0	V6	D	ii		V6	V			6				M	0	1	5, 2, 1		1	5
124	122	1/8	V7	D	ii		V7	V			7				Mm7	0	1	1, 5, 2, -1		1	1
124	122	1/4	i(4)	D	ii		i(4)	i				4			m	0	1	0, -1, 1		0	0
124	122	1/2	i	D	ii		i	i							m	0	1	0, -3, 1		0	0
124	122	9/16	V2/iv	D	ii		V2/iv	V			2		iv		Mm7	0	1	-2, 0, 4, 1		0	-2
124	122	5/8	iv	D	ii		iv	iv							m	0	1	-1, -4, 0		-1	-1
125	123	0	iv	D	ii		iv	iv							m	0	1	-1, -4, 0		-1	-1
125	123	1/2	.bII6	D	ii		bII6	bII			6				M	0	1	-1, -4, -5		-5	-1
126	124	0	ii%65	D	ii		ii%65	ii		%	65				%7	0	1	1, 8, 0, 2		2	1
126	124	1/8	ii%43	D	ii		ii%43	ii		%	43				%7	0	1	8, 0, 2, 1		2	8
126	124	1/4	V	D	ii		V	V							M	0	1	1, 5, 2		1	1
126	124	3/8	#viio43	D	ii		#viio43	#vii		o	43				o7	0	1	-1, -4, 5, 2		5	-1
126	124	1/2	i6	D	ii		i6	i			6				m	0	1	-3, 1, 0		0	-3
127	125	0	i	D	ii		i	i							m	0	1	0, -3, 1		0	0
127	125	1/4	i6	D	ii		i6	i			6				m	0	1	-3, 1, 0		0	-3
127	125	1/2	i64	D	ii		i64	i			64				m	0	1	1, 0, -3		0	1
128	126	0	#viio43(4)	D	ii		#viio43(4)	#vii		o	43	4			o7	0	1	-1, -4, 5, -3		5	-1
128	126	1/4	#viio43	D	ii		#viio43	#vii		o	43				o7	0	1	-1, -4, 5, 2		5	-1
128	126	1/2	V(64)	D	ii		V(64)	V				64			M	0	1	1, 0, -3		1	1
128	126	5/8	viio6/III	D	ii		viio6/III	vii		o	6		III		o	0	1	-1, -4, 2		2	-1
129	127	0	III	D	ii		III	III							M	0	1	-3, 1, -2		-3	-3
129	127	1/8	i	D	ii		i	i							m	0	1	0, -3, 1		0	0
129	127	1/4	v6	D	ii		v6	v			6				m	0	1	-2, 2, 1		1	-2
129	127	1/2	v	D	ii		v	v							m	0	1	1, -2, 2		1	1
130	128	0	#viio7(4)/v	D	ii		#viio7(4)/v	#vii		o	7	4	v		o7	0	1	6, -2, 0, -3		6	6
130	128	1/16	#viio7/v	D	ii		#viio7/v	#vii		o	7		v		o7	0	1	6, 3, 0, -3		6	6
130	128	1/2	V(6)/v	D	ii		V(6)/v	V				6	v		M	0	1	2, 6, -2		2	2
130	128	5/8	#viio6/v	D	ii		#viio6/v	#vii		o	6		v		o	0	1	3, 0, 6		6	3
131	129	0	v(#7)	D	ii		v(#7)	v				#7			m	0	1	1, -2, 2	6	1	1
131	129	1/4	v6	D	ii		v6	v			6				m	0	1	-2, 2, 1		1	-2
131	129	3/8	V6	D	ii		V6	V			6				M	0	1	5, 2, 1		1	5
131	129	15/32	V65	D	ii		V65	V			65				Mm7	0	1	5, 2, -1, 1		1	5
131	129	1/2	i	D	ii		i	i							m	0	1	0, -3, 1		0	0
132	130	0	iv7(9)	D	ii		iv7(9)	iv			7	9			mm7	0	1	-1, -4, 0, -3	1	-1	-1
132	130	1/4	iv6	D	ii		iv6	iv			6				m	0	1	-4, 0, -1		-1	-4
132	130	3/8	V6/V/III	D	ii		V6/V/III	V			6		V/III		M	0	1	3, 0, -1		-1	3
132	130	15/32	V65/V/III	D	ii		V65/V/III	V			65		V/III		Mm7	0	1	3, 0, -3, -1		-1	3
132	130	1/2	V/III	D	ii		V/III	V					III		M	0	1	-2, 2, -1		-2	-2
132	130	11/16	V2/III	D	ii		V2/III	V			2		III		Mm7	0	1	-4, -2, 2, -1		-2	-4
133	131	0	III6(9)	D	ii		III6(9)	III			6	9			M	0	1	1, -2, -3	-1	-3	1
133	131	1/8	III6	D	ii		III6	III			6				M	0	1	1, -2, -3		-3	1
133	131	1/4	VI	D	ii		VI	VI							M	0	1	-4, 0, -3		-4	-4
133	131	3/8	VI+	D	ii		VI+	VI		+					+	0	1	-4, 0, 4		-4	-4
133	131	1/2	iv6	D	ii		iv6	iv			6				m	0	1	-4, 0, -1		-1	-4
134	132	0	iio65	D	ii		iio65	ii		o	65				o7	0	1	-1, -4, -7, 2		2	-1
134	132	1/4	V(b9)	D	ii		V(b9)	V				b9			M	0	1	1, 5, 2	-11	1	1
134	132	1/2	V	D	ii		V	V							M	0	1	1, 5, 2		1	1
134	132	11/16	V7	D	ii		V7	V			7				Mm7	0	1	1, 5, 2, -1		1	1
135	133	0	i	D	ii		i	i							m	0	1	0, -3, 1		0	0
135	133	1/8	V6/iv	D	ii		V6/iv	V			6		iv		M	0	1	4, 1, 0		0	4
135	133	3/16	V2/iv	D	ii		V2/iv	V			2		iv		Mm7	0	1	-2, 0, 4, 1		0	-2
135	133	1/4	iv6	D	ii		iv6	iv			6				m	0	1	-4, 0, -1		-1	-4
135	133	7/16	IV.viio/V	D	IV		viio/V	vii		o			V		o	0	0	6, 3, 0		6	6
135	133	1/2	V(9)	D	IV		V(9)	V				9			M	0	0	1, 5, 2	3	1	1
135	133	5/8	V6	D	IV		V6	V			6				M	0	0	5, 2, 1		1	5
135	133	11/16	viio64	D	IV		viio64	vii		o	64				o	0	0	-1, 5, 2		5	-1
136	134	0	I6(7)	D	IV		I6(7)	I			6	7			M	0	0	4, 1, 5		0	4
136	134	3/16	viio/IV	D	IV		viio/IV	vii		o			IV		o	0	0	4, 1, -2		4	4
136	134	1/4	ii6(4)	D	IV		ii6(4)	ii			6	4			m	0	0	1, 3, 2		2	1
136	134	7/16	ii6	D	IV		ii6	ii			6				m	0	0	-1, 3, 2		2	-1
136	134	1/2	V(9)	D	IV		V(9)	V				9			M	0	0	1, 5, 2	3	1	1
136	134	5/8	V	D	IV		V	V							M	0	0	1, 5, 2		1	1
136	134	11/16	V7	D	IV		V7	V			7				Mm7	0	0	1, 5, 2, -1		1	1
137	135	0	I\\	D	IV		I	I						\\	M	0	0	0, 4, 1		0	0
138	136	0	vi.viio7/V	D	vi		viio7/V	vii		o	7		V		o7	0	1	6, 3, 0, -3		6	6
139	137	0	V[V	D	vi	V	V	V							M	0	1	1, 5, 2		1	1
140	138	0	viio43/V	D	vi	V	viio43/V	vii		o	43		V		o7	0	1	0, -3, 6, 3		6	0
140	138	1/2	V	D	vi	V	V	V							M	0	1	1, 5, 2		1	1
140	138	5/8	viio43/V	D	vi	V	viio43/V	vii		o	43		V		o7	0	1	0, -3, 6, 3		6	0
141	139	0	V]	D	vi	V	V	V							M	0	1	1, 5, 2		1	1
141	139	1/8	#viio64	D	vi		#viio64	#vii		o	64				o	0	1	-1, 5, 2		5	-1
141	139	1/4	i6	D	vi		i6	i			6				m	0	1	-3, 1, 0		0	-3
141	139	1/2	#viio/iv	D	vi		#viio/iv	#vii		o			iv		o	0	1	4, 1, -2		4	4
141	139	5/8	V65/iv	D	vi		V65/iv	V			65		iv		Mm7	0	1	4, 1, -2, 0		0	4
142	140	0	iv(9)	D	vi		iv(9)	iv				9			m	0	1	-1, -4, 0	1	-1	-1
142	140	1/8	iv	D	vi		iv	iv							m	0	1	-1, -4, 0		-1	-1
142	140	1/2	viio7/V/III	D	vi		viio7/V/III	vii		o	7		V/III		o7	0	1	3, 0, -3, -6		3	3
142	140	5/8	V65/V/III	D	vi		V65/V/III	V			65		V/III		Mm7	0	1	3, 0, -3, -1		-1	3
143	141	0	V(9)/III	D	vi		V(9)/III	V				9	III		M	0	1	-2, 2, -1	0	-2	-2
143	141	1/8	V/III	D	vi		V/III	V					III		M	0	1	-2, 2, -1		-2	-2
143	141	1/2	viio7/III	D	vi		viio7/III	vii		o	7		III		o7	0	1	2, -1, -4, -7		2	2
143	141	5/8	V65/III	D	vi		V65/III	V			65		III		Mm7	0	1	2, -1, -4, -2		-2	2
144	142	0	III	D	vi		III	III							M	0	1	-3, 1, -2		-3	-3
144	142	1/8	#viio43	D	vi		#viio43	#vii		o	43				o7	0	1	-1, -4, 5, 2		5	-1
144	142	1/2	i6	D	vi		i6	i			6				m	0	1	-3, 1, 0		0	-3
144	142	5/8	#viio6	D	vi		#viio6	#vii		o	6				o	0	1	2, -1, 5		5	2
145	143	0	i	D	vi		i	i							m	0	1	0, -3, 1		0	0
145	143	1/8	#viio/iv	D	vi		#viio/iv	#vii		o			iv		o	0	1	4, 1, -2		4	4
145	143	1/2	iv	D	vi		iv	iv							m	0	1	-1, -4, 0		-1	-1
145	143	5/8	viio7/V	D	vi		viio7/V	vii		o	7		V		o7	0	1	6, 3, 0, -3		6	6
146	144	1/4	V	D	vi		V	V							M	0	1	1, 5, 2		1	1
146	144	3/8	#viio	D	vi		#viio	#vii		o					o	0	1	5, 2, -1		5	5
146	144	1/2	i	D	vi		i	i							m	0	1	0, -3, 1		0	0
147	145	0	iv	D	vi		iv	iv							m	0	1	-1, -4, 0		-1	-1
147	145	1/8	iio	D	vi		iio	ii		o					o	0	1	2, -1, -4		2	2
147	145	1/4	V(4)	D	vi		V(4)	V				4			M	0	1	1, 0, 2		1	1
147	145	1/2	V	D	vi		V	V							M	0	1	1, 5, 2		1	1
147	145	5/8	#viio64	D	vi		#viio64	#vii		o	64				o	0	1	-1, 5, 2		5	-1
148	146	0	i6	D	vi		i6	i			6				m	0	1	-3, 1, 0		0	-3
148	146	1/8	iv	D	vi		iv	iv							m	0	1	-1, -4, 0		-1	-1
148	146	1/4	V(64)	D	vi		V(64)	V				64			M	0	1	1, 0, -3		1	1
148	146	1/2	V	D	vi		V	V							M	0	1	1, 5, 2		1	1
149	147	0	i[i	D	vi	i	i	i							m	0	1	0, -3, 1		0	0
149	147	1/8	V/iv	D	vi	i	V/iv	V					iv		M	0	1	0, 4, 1		0	0
149	147	5/24	V7/iv	D	vi	i	V7/iv	V			7		iv		Mm7	0	1	0, 4, 1, -2		0	0
149	147	1/4	iv(4)	D	vi	i	iv(4)	iv				4			m	0	1	-1, -2, 0		-1	-1
149	147	3/8	iv	D	vi	i	iv	iv							m	0	1	-1, -4, 0		-1	-1
149	147	11/24	#viio64	D	vi	i	#viio64	#vii		o	64				o	0	1	-1, 5, 2		5	-1
149	147	1/2	i(4)	D	vi	i	i(4)	i				4			m	0	1	0, -1, 1		0	0
149	147	5/8	i]\\	D	vi	i	i	i						\\	m	0	1	0, -3, 1		0	0
150	148	0	I.V	D	I		V	V							M	0	0	1, 5, 2		1	1
151	149	1/4	I	D	I		I	I							M	0	0	0, 4, 1		0	0
151	149	1	iii64	D	I		iii64	iii			64				m	0	0	5, 4, 1		4	5
152	150	0	vi	D	I		vi	vi							m	0	0	3, 0, 4		3	3
152	150	1/2	I6	D	I		I6	I			6				M	0	0	4, 1, 0		0	4
153	151	0	IV	D	I		IV	IV							M	0	0	-1, 3, 0		-1	-1
153	151	1/8	viio64	D	I		viio64	vii		o	64				o	0	0	-1, 5, 2		5	-1
153	151	1/4	I6	D	I		I6	I			6				M	0	0	4, 1, 0		0	4
153	151	1/2	ii	D	I		ii	ii							m	0	0	2, -1, 3		2	2
153	151	3/4	V7	D	I		V7	V			7				Mm7	0	0	1, 5, 2, -1		1	1
154	152	0	I(74)	D	I		I(74)	I				74			M	0	0	0, -1, 1	5	0	0
154	152	1/4	I\\	D	I		I	I						\\	M	0	0	0, 4, 1		0	0
155	153	1/2	ii7	D	I		ii7	ii			7				mm7	0	0	2, -1, 3, 0		2	2
155	153	3/4	V7	D	I		V7	V			7				Mm7	0	0	1, 5, 2, -1		1	1
156	154	0	I(74)	D	I		I(74)	I				74			M	0	0	0, -1, 1	5	0	0
156	154	1/3	I\\	D	I		I	I						\\	M	0	0	0, 4, 1		0	0
156	154	3/4	vii%65/V	D	I		vii%65/V	vii		%	65		V		%7	0	0	5, 12, 4, 6		6	5
157	155	0	vi.ii(4)	D	vi		ii(4)	ii				4			m	0	1	2, 1, 3		2	2
157	155	1/4	iio	D	vi		iio	ii		o					o	0	1	2, -1, -4		2	2
157	155	3/4	V65	D	vi		V65	V			65				Mm7	0	1	5, 2, -1, 1		1	5
158	156	0	i\\	D	vi		i	i						\\	m	0	1	0, -3, 1		0	0
158	156	5/12	i2	D	vi		i2	i			2				mm7	0	1	-2, 0, -3, 1		0	-2
158	156	1/2	VI	D	vi		VI	VI							M	0	1	-4, 0, -3		-4	-4
158	156	2/3	#viio2	D	vi		#viio2	#vii		o	2				o7	0	1	-4, 5, 2, -1		5	-4
158	156	3/4	i	D	vi		i	i							m	0	1	0, -3, 1		0	0
159	157	5/12	i2	D	vi		i2	i			2				mm7	0	1	-2, 0, -3, 1		0	-2
159	157	1/2	vio	D	vi		vio	vi		o					o	0	1	-4, -7, -10		-4	-4
159	157	2/3	#vii%2	D	vi		#vii%2	#vii		%	2				%7	0	1	3, 5, 4, 11		5	3
159	157	3/4	i	D	vi		i	i							m	0	1	0, -3, 1		0	0
160	158	0	V.ii	D	V		ii	ii							m	0	0	2, -1, 3		2	2
160	158	1/4	V7	D	V		V7	V			7				Mm7	0	0	1, 5, 2, -1		1	1
160	158	1/2	IV6	D	V		IV6	IV			6				M	0	0	3, 0, -1		-1	3
160	158	3/4	V7	D	V		V7	V			7				Mm7	0	0	1, 5, 2, -1		1	1
160	158	11/12	viio	D	V		viio	vii		o					o	0	0	5, 2, -1		5	5
161	159	0	I(9)	D	V		I(9)	I				9			M	0	0	0, 4, 1	2	0	0
161	159	1/4	I\\	D	V		I	I						\\	M	0	0	0, 4, 1		0	0
161	159	1/2	I	D	V		I	I							M	0	0	0, 4, 1		0	0
161	159	3/4	I6	D	V		I6	I			6				M	0	0	4, 1, 0		0	4
162	160	0	I	D	V		I	I							M	0	0	0, 4, 1		0	0
162	160	1/2	ii2	D	V		ii2	ii			2				mm7	0	0	0, 2, -1, 3		2	0
162	160	3/4	vii%7/V	D	V		vii%7/V	vii		%	7		V		%7	0	0	6, 5, 12, 4		6	6
163	161	0	vii%7	D	V		vii%7	vii		%	7				%7	0	0	5, 4, 11, 3		5	5
163	161	1/4	I	D	V		I	I							M	0	0	0, 4, 1		0	0
163	161	1/2	IVM7	D	V		IVM7	IV		M	7				MM7	0	0	-1, 3, 0, 4		-1	-1
163	161	3/4	viio64	D	V		viio64	vii		o	64				o	0	0	-1, 5, 2		5	-1
164	162	1/4	I6\\	D	V		I6	I			6			\\	M	0	0	4, 1, 0		0	4
164	162	1/2	I	D	V		I	I							M	0	0	0, 4, 1		0	0
165	163	1/2	IVM7	D	V		IVM7	IV		M	7				MM7	0	0	-1, 3, 0, 4		-1	-1
165	163	3/4	viio64	D	V		viio64	vii		o	64				o	0	0	-1, 5, 2		5	-1
166	164	1/4	I6\\	D	V		I6	I			6			\\	M	0	0	4, 1, 0		0	4
166	164	1/2	I	D	V		I	I							M	0	0	0, 4, 1		0	0
167	165	1/4	I6	D	V		I6	I			6				M	0	0	4, 1, 0		0	4
167	165	1/2	V7(4)	D	V		V7(4)	V			7	4			Mm7	0	0	1, 0, 2, -1		1	1
167	165	7/12	V7	D	V		V7	V			7				Mm7	0	0	1, 5, 2, -1		1	1
168	166	0	#viio7/vi	D	V		#viio7/vi	#vii		o	7		vi		o7	0	0	8, 5, 2, -1		8	8
168	166	1/2	vi	D	V		vi	vi							m	0	0	3, 0, 4		3	3
168	166	3/4	V(#74)	D	V		V(#74)	V				#74			M	0	0	1, 0, 2	6	1	1
168	166	15/16	V(4)	D	V		V(4)	V				4			M	0	0	1, 0, 2		1	1
169	167	0	I	D	V		I	I							M	0	0	0, 4, 1		0	0
169	167	1/4	V(64)	D	V		V(64)	V				64			M	0	0	1, 0, 4		1	1
169	167	1/2	V65/V	D	V		V65/V	V			65		V		Mm7	0	0	6, 3, 0, 2		2	6
170	168	1/4	V6/V	D	V		V6/V	V			6		V		M	0	0	6, 3, 2		2	6
170	168	3/4	viio/V	D	V		viio/V	vii		o			V		o	0	0	6, 3, 0		6	6
171	169	1/2	V\\	D	V		V	V						\\	M	0	0	1, 5, 2		1	1
172	170	0	viio	D	V		viio	vii		o					o	0	0	5, 2, -1		5	5
172	170	1/4	V	D	V		V	V							M	0	0	1, 5, 2		1	1
172	170	3/4	viio	D	V		viio	vii		o					o	0	0	5, 2, -1		5	5
173	171	0	I\\	D	V		I	I						\\	M	0	0	0, 4, 1		0	0
173	171	1/4	V65/IV	D	V		V65/IV	V			65		IV		Mm7	0	0	4, 1, -2, 0		0	4
173	171	1/2	IV(#9)	D	V		IV(#9)	IV				#9			M	0	0	-1, 3, 0	8	-1	-1
173	171	3/4	ii6(#4)	D	V		ii6(#4)	ii			6	#4			m	0	0	-1, 8, 2		2	-1
173	171	11/12	ii6	D	V		ii6	ii			6				m	0	0	-1, 3, 2		2	-1
174	172	0	V7	D	V		V7	V			7				Mm7	0	0	1, 5, 2, -1		1	1
174	172	1/4	V65/vi	D	V		V65/vi	V			65		vi		Mm7	0	0	8, 5, 2, 4		4	8
174	172	1/2	vi(9)	D	V		vi(9)	vi				9			m	0	0	3, 0, 4	5	3	3
174	172	3/4	IV6(4)	D	V		IV6(4)	IV			6	4			M	0	0	5, 0, -1		-1	5
174	172	11/12	IV6	D	V		IV6	IV			6				M	0	0	3, 0, -1		-1	3
175	173	0	V6	D	V		V6	V			6				M	0	0	5, 2, 1		1	5
175	173	1/4	viio	D	V		viio	vii		o					o	0	0	5, 2, -1		5	5
175	173	1/2	V	D	V		V	V							M	0	0	1, 5, 2		1	1
175	173	3/4	viio	D	V		viio	vii		o					o	0	0	5, 2, -1		5	5
176	174	0	I\\	D	V		I	I						\\	M	0	0	0, 4, 1		0	0
176	174	5/6	vi	D	V		vi	vi							m	0	0	3, 0, 4		3	3
176	174	11/12	vi2	D	V		vi2	vi			2				mm7	0	0	1, 3, 0, 4		3	1
177	175	0	vii%7/V	D	V		vii%7/V	vii		%	7		V		%7	0	0	6, 5, 12, 4		6	6
178	176	1/4	viio7/V	D	V		viio7/V	vii		o	7		V		o7	0	0	6, 3, 0, -3		6	6
179	177	3/4	V6/V	D	V		V6/V	V			6		V		M	0	0	6, 3, 2		2	6
180	178	0	viio/V	D	V		viio/V	vii		o			V		o	0	0	6, 3, 0		6	6
180	178	1/2	V\\	D	V		V	V						\\	M	0	0	1, 5, 2		1	1
180	178	3/4	V(94)	D	V		V(94)	V				94			M	0	0	1, 0, 2	3	1	1
181	179	0	V7	D	V		V7	V			7				Mm7	0	0	1, 5, 2, -1		1	1
181	179	1/2	ii7/IV	D	V		ii7/IV	ii			7		IV		mm7	0	0	1, -2, 2, -1		1	1
181	179	15/16	viio6/IV	D	V		viio6/IV	vii		o	6		IV		o	0	0	1, -2, 4		4	1
182	180	0	vii%43/IV	D	V		vii%43/IV	vii		%	43		IV		%7	0	0	10, 2, 4, 3		4	10
182	180	1/4	IV6	D	V		IV6	IV			6				M	0	0	3, 0, -1		-1	3
182	180	1/2	ii7(4)/IV	D	V		ii7(4)/IV	ii			7	4	IV		mm7	0	0	1, 0, 2, -1		1	1
182	180	3/4	V7/IV	D	V		V7/IV	V			7		IV		Mm7	0	0	0, 4, 1, -2		0	0
183	181	0	IV\\	D	V		IV	IV						\\	M	0	0	-1, 3, 0		-1	-1
183	181	5/6	ii	D	V		ii	ii							m	0	0	2, -1, 3		2	2
183	181	11/12	ii2	D	V		ii2	ii			2				mm7	0	0	0, 2, -1, 3		2	0
184	182	0	vii%7	D	V		vii%7	vii		%	7				%7	0	0	5, 4, 11, 3		5	5
185	183	1/4	viio7	D	V		viio7	vii		o	7				o7	0	0	5, 2, -1, -4		5	5
186	184	3/4	viio	D	V		viio	vii		o					o	0	0	5, 2, -1		5	5
187	185	0	I	D	V		I	I							M	0	0	0, 4, 1		0	0
187	185	1/4	I6	D	V		I6	I			6				M	0	0	4, 1, 0		0	4
187	185	3/8	V+6/IV	D	V		V+6/IV	V		+	6		IV		+	0	0	4, 8, 0		0	4
187	185	1/2	IV(#2)	D	V		IV(#2)	IV				#2			M	0	0	-1, 8, 0		-1	-1
187	185	5/8	IV	D	V		IV	IV							M	0	0	-1, 3, 0		-1	-1
187	185	3/4	V6/V	D	V		V6/V	V			6		V		M	0	0	6, 3, 2		2	6
187	185	7/8	V65/V	D	V		V65/V	V			65		V		Mm7	0	0	6, 3, 0, 2		2	6
188	186	0	V(4)	D	V		V(4)	V				4			M	0	0	1, 0, 2		1	1
188	186	1/2	V\\	D	V		V	V						\\	M	0	0	1, 5, 2		1	1
188	186	3/4	I6	D	V		I6	I			6				M	0	0	4, 1, 0		0	4
188	186	11/12	V+6/IV	D	V		V+6/IV	V		+	6		IV		+	0	0	4, 8, 0		0	4
189	187	0	IV(#9)	D	V		IV(#9)	IV				#9			M	0	0	-1, 3, 0	8	-1	-1
189	187	1/8	IV	D	V		IV	IV							M	0	0	-1, 3, 0		-1	-1
189	187	1/4	viio/V	D	V		viio/V	vii		o			V		o	0	0	6, 3, 0		6	6
189	187	1/3	vii/V	D	V		vii/V	vii					V		m	0	0	6, 3, 7		6	6
189	187	5/12	V6/V	D	V		V6/V	V			6		V		M	0	0	6, 3, 2		2	6
189	187	1/2	V(9)	D	V		V(9)	V				9			M	0	0	1, 5, 2	3	1	1
189	187	7/12	V(#9)	D	V		V(#9)	V				#9			M	0	0	1, 5, 2	10	1	1
189	187	2/3	V	D	V		V	V							M	0	0	1, 5, 2		1	1
189	187	3/4	#viio/vi	D	V		#viio/vi	#vii		o			vi		o	0	0	8, 5, 2		8	8
189	187	5/6	#vii/vi	D	V		#vii/vi	#vii					vi		m	0	0	8, 5, 9		8	8
189	187	11/12	V6/vi	D	V		V6/vi	V			6		vi		M	0	0	8, 5, 4		4	8
190	188	0	vi(9)	D	V		vi(9)	vi				9			m	0	0	3, 0, 4	5	3	3
190	188	1/12	vi	D	V		vi	vi							m	0	0	3, 0, 4		3	3
190	188	1/6	V/ii	D	V		V/ii	V					ii		M	0	0	3, 7, 4		3	3
190	188	5/12	IV+6	D	V		IV+6	IV		+	6				+	0	0	3, 7, -1		-1	3
190	188	1/2	viio(#2)	D	V		viio(#2)	vii		o		#2			o	0	0	5, 7, -1		5	5
190	188	7/12	V6(#7#4)	D	V		V6(#7#4)	V			6	#7#4			M	0	0	5, 7, 6		1	5
190	188	2/3	V6(#4)	D	V		V6(#4)	V			6	#4			M	0	0	5, 7, 1		1	5
190	188	5/6	V6	D	V		V6	V			6				M	0	0	5, 2, 1		1	5
190	188	11/12	V+6	D	V		V+6	V		+	6				+	0	0	5, 9, 1		1	5
191	189	0	I	D	V		I	I							M	0	0	0, 4, 1		0	0
191	189	1/4	IV\\	D	V		IV	IV						\\	M	0	0	-1, 3, 0		-1	-1
191	189	3/4	V7	D	V		V7	V			7				Mm7	0	0	1, 5, 2, -1		1	1
192	190	0	I[I(4)	D	V	I	I(4)	I				4			M	0	0	0, -1, 1		0	0
192	190	1/12	I	D	V	I	I	I							M	0	0	0, 4, 1		0	0
192	190	1/6	V7/IV	D	V	I	V7/IV	V			7		IV		Mm7	0	0	0, 4, 1, -2		0	0
192	190	1/4	IV	D	V	I	IV	IV							M	0	0	-1, 3, 0		-1	-1
192	190	1/3	ii	D	V	I	ii	ii							m	0	0	2, -1, 3		2	2
192	190	5/12	V	D	V	I	V	V							M	0	0	1, 5, 2		1	1
192	190	1/2	I]\\	D	V	I	I	I						\\	M	0	0	0, 4, 1		0	0
193	191	3/4	V	D	V		V	V							M	0	0	1, 5, 2		1	1
194	192	1/4	V2	D	V		V2	V			2				Mm7	0	0	-1, 1, 5, 2		1	-1
194	192	1/2	I(4)	D	V		I(4)	I				4			M	0	0	0, -1, 1		0	0
194	192	7/12	I6\\	D	V		I6	I			6			\\	M	0	0	4, 1, 0		0	4
194	192	3/4	V	D	V		V	V							M	0	0	1, 5, 2		1	1
195	193	1/4	V7	D	V		V7	V			7				Mm7	0	0	1, 5, 2, -1		1	1
195	193	5/12	V65	D	V		V65	V			65				Mm7	0	0	5, 2, -1, 1		1	5
195	193	1/2	I(4)	D	V		I(4)	I				4			M	0	0	0, -1, 1		0	0
195	193	7/12	I\\	D	V		I	I						\\	M	0	0	0, 4, 1		0	0
195	193	3/4	V7/IV	D	V		V7/IV	V			7		IV		Mm7	0	0	0, 4, 1, -2		0	0
196	194	0	IV	D	V		IV	IV							M	0	0	-1, 3, 0		-1	-1
197	195	0	I(64)	D	V		I(64)	I				64			M	0	0	0, -1, 3		0	0
197	195	1/4	I\\	D	V		I	I						\\	M	0	0	0, 4, 1		0	0
197	195	1/2	I6(4)	D	V		I6(4)	I			6	4			M	0	0	-1, 1, 0		0	-1
197	195	3/4	I	D	V		I	I							M	0	0	0, 4, 1		0	0
198	196	0	V43/IV	D	V		V43/IV	V			43		IV		Mm7	0	0	1, -2, 0, 4		0	1
198	196	1/2	IV(4)	D	V		IV(4)	IV				4			M	0	0	-1, 5, 0		-1	-1
198	196	7/12	IV	D	V		IV	IV							M	0	0	-1, 3, 0		-1	-1
198	196	3/4	IV6	D	V		IV6	IV			6				M	0	0	3, 0, -1		-1	3
199	197	0	V43/IV	D	V		V43/IV	V			43		IV		Mm7	0	0	1, -2, 0, 4		0	1
199	197	1/2	IV(4)	D	V		IV(4)	IV				4			M	0	0	-1, 5, 0		-1	-1
199	197	7/12	IV	D	V		IV	IV							M	0	0	-1, 3, 0		-1	-1
199	197	3/4	V6/IV/IV	D	V		V6/IV/IV	V			6		IV/IV		M	0	0	3, 0, -1		-1	3
200	198	0	IV/IV	D	V		IV/IV	IV					IV		M	0	0	-2, 2, -1		-2	-2
201	199	0	IV6/IV	D	V		IV6/IV	IV			6		IV		M	0	0	2, -1, -2		-2	2
201	199	3/16	viio6	D	V		viio6	vii		o	6				o	0	0	2, -1, 5		5	2
201	199	1/4	I	D	V		I	I							M	0	0	0, 4, 1		0	0
201	199	3/4	IV	D	V		IV	IV							M	0	0	-1, 3, 0		-1	-1
201	199	15/16	#viio65/v	D	V		#viio65/v	#vii		o	65		v		o7	0	0	3, 0, -3, 6		6	3
202	200	0	v6(#76)	D	V		v6(#76)	v			6	#76			m	0	0	-2, 4, 6		1	-2
202	200	1/4	v6(4)	D	V		v6(4)	v			6	4			m	0	0	0, 2, 1		1	0
202	200	1/3	v6	D	V		v6	v			6				m	0	0	-2, 2, 1		1	-2
202	200	3/4	vii%65/IV	D	V		vii%65/IV	vii		%	65		IV		%7	0	0	3, 10, 2, 4		4	3
203	201	0	vi(4)	D	V		vi(4)	vi				4			m	0	0	3, 2, 4		3	3
203	201	1/4	vio(4)	D	V		vio(4)	vi		o		4			o	0	0	3, 2, -3		3	3
203	201	1/3	vio	D	V		vio	vi		o					o	0	0	3, 0, -3		3	3
203	201	3/4	V65/V	D	V		V65/V	V			65		V		Mm7	0	0	6, 3, 0, 2		2	6
204	202	0	viio/V	D	V		viio/V	vii		o			V		o	0	0	6, 3, 0		6	6
204	202	1/2	V	D	V		V	V							M	0	0	1, 5, 2		1	1
205	203	0	V7	D	V		V7	V			7				Mm7	0	0	1, 5, 2, -1		1	1
205	203	1/4	V	D	V		V	V							M	0	0	1, 5, 2		1	1
205	203	3/4	viio	D	V		viio	vii		o					o	0	0	5, 2, -1		5	5
206	204	1/2	I	D	V		I	I							M	0	0	0, 4, 1		0	0
207	205	0	I.V7	D	I		V7	V			7				Mm7	0	0	1, 5, 2, -1		1	1
207	205	1/4	V	D	I		V	V							M	0	0	1, 5, 2		1	1
207	205	3/4	viio	D	I		viio	vii		o					o	0	0	5, 2, -1		5	5
208	206	0	I	D	I		I	I							M	0	0	0, 4, 1		0	0
208	206	3/4	V2/IV	D	I		V2/IV	V			2		IV		Mm7	0	0	-2, 0, 4, 1		0	-2
209	207	0	ii.iio43	D	ii		iio43	ii		o	43				o7	0	1	-4, -7, 2, -1		2	-4
209	207	1/4	V7(4)	D	ii		V7(4)	V			7	4			Mm7	0	1	1, 0, 2, -1		1	1
209	207	1/2	V7\\	D	ii		V7	V			7			\\	Mm7	0	1	1, 5, 2, -1		1	1
209	207	3/4	V	D	ii		V	V							M	0	1	1, 5, 2		1	1
210	208	0	i	D	ii		i	i							m	0	1	0, -3, 1		0	0
210	208	3/4	i6	D	ii		i6	i			6				m	0	1	-3, 1, 0		0	-3
211	209	0	i	D	ii		i	i							m	0	1	0, -3, 1		0	0
211	209	1/2	iio2	D	ii		iio2	ii		o	2				o7	0	1	-7, 2, -1, -4		2	-7
211	209	3/4	viio7/V	D	ii		viio7/V	vii		o	7		V		o7	0	1	6, 3, 0, -3		6	6
212	210	0	#viio7\\	D	ii		#viio7	#vii		o	7			\\	o7	0	1	5, 2, -1, -4		5	5
212	210	1/4	i	D	ii		i	i							m	0	1	0, -3, 1		0	0
212	210	1/2	iv7	D	ii		iv7	iv			7				mm7	0	1	-1, -4, 0, -3		-1	-1
212	210	3/4	#viio64	D	ii		#viio64	#vii		o	64				o	0	1	-1, 5, 2		5	-1
213	211	1/4	i6	D	ii		i6	i			6				m	0	1	-3, 1, 0		0	-3
213	211	1/2	i\\	D	ii		i	i						\\	m	0	1	0, -3, 1		0	0
214	212	1/2	iv7	D	ii		iv7	iv			7				mm7	0	1	-1, -4, 0, -3		-1	-1
214	212	3/4	V2	D	ii		V2	V			2				Mm7	0	1	-1, 1, 5, 2		1	-1
215	213	0	i6	D	ii		i6	i			6				m	0	1	-3, 1, 0		0	-3
215	213	1/4	V	D	ii		V	V							M	0	1	1, 5, 2		1	1
215	213	7/16	#viio	D	ii		#viio	#vii		o					o	0	1	5, 2, -1		5	5
215	213	1/2	i	D	ii		i	i							m	0	1	0, -3, 1		0	0
215	213	3/4	V	D	ii		V	V							M	0	1	1, 5, 2		1	1
215	213	15/16	#viio	D	ii		#viio	#vii		o					o	0	1	5, 2, -1		5	5
216	214	0	i(9)	D	ii		i(9)	i				9			m	0	1	0, -3, 1	2	0	0
216	214	3/16	i	D	ii		i	i							m	0	1	0, -3, 1		0	0
216	214	1/4	i6	D	ii		i6	i			6				m	0	1	-3, 1, 0		0	-3
216	214	1/3	V2/V	D	ii		V2/V	V			2		V		Mm7	0	1	0, 2, 6, 3		2	0
216	214	5/12	V.V2/V	D	V		V2/V	V			2		V		Mm7	0	0	0, 2, 6, 3		2	0
216	214	1/2	V6	D	V		V6	V			6				M	0	0	5, 2, 1		1	5
216	214	3/4	V7	D	V		V7	V			7				Mm7	0	0	1, 5, 2, -1		1	1
216	214	11/12	V65	D	V		V65	V			65				Mm7	0	0	5, 2, -1, 1		1	5
217	215	0	I	D	V		I	I							M	0	0	0, 4, 1		0	0
217	215	1/4	I.V7	D	I		V7	V			7				Mm7	0	0	1, 5, 2, -1		1	1
217	215	5/12	V65	D	I		V65	V			65				Mm7	0	0	5, 2, -1, 1		1	5
217	215	1/2	I(9)	D	I		I(9)	I				9			M	0	0	0, 4, 1	2	0	0
217	215	3/4	IV.V7	D	IV		V7	V			7				Mm7	0	0	1, 5, 2, -1		1	1
217	215	11/12	V65	D	IV		V65	V			65				Mm7	0	0	5, 2, -1, 1		1	5
218	216	0	I	D	IV		I	I							M	0	0	0, 4, 1		0	0
218	216	1/4	vi.vi7	D	vi		vi7	vi			7				mm7	0	1	-4, -7, -3, -6		-4	-4
218	216	5/12	vi65	D	vi		vi65	vi			65				mm7	0	1	-7, -3, -6, -4		-4	-7
218	216	1/2	iio	D	vi		iio	ii		o					o	0	1	2, -1, -4		2	2
218	216	3/4	iio7	D	vi		iio7	ii		o	7				o7	0	1	2, -1, -4, -7		2	2
219	217	0	V(9)	D	vi		V(9)	V				9			M	0	1	1, 5, 2	-4	1	1
219	217	1/4	V2	D	vi		V2	V			2				Mm7	0	1	-1, 1, 5, 2		1	-1
219	217	1/2	i6	D	vi		i6	i			6				m	0	1	-3, 1, 0		0	-3
219	217	3/4	V6	D	vi		V6	V			6				M	0	1	5, 2, 1		1	5
219	217	11/12	V65	D	vi		V65	V			65				Mm7	0	1	5, 2, -1, 1		1	5
220	218	0	i	D	vi		i	i							m	0	1	0, -3, 1		0	0
220	218	5/12	i2	D	vi		i2	i			2				mm7	0	1	-2, 0, -3, 1		0	-2
220	218	1/2	VI	D	vi		VI	VI							M	0	1	-4, 0, -3		-4	-4
220	218	2/3	#viio2	D	vi		#viio2	#vii		o	2				o7	0	1	-4, 5, 2, -1		5	-4
220	218	3/4	i\\	D	vi		i	i						\\	m	0	1	0, -3, 1		0	0
221	219	0	i	D	vi		i	i							m	0	1	0, -3, 1		0	0
221	219	5/12	i2	D	vi		i2	i			2				mm7	0	1	-2, 0, -3, 1		0	-2
221	219	1/2	vio	D	vi		vio	vi		o					o	0	1	-4, -7, -10		-4	-4
221	219	2/3	#vii%2	D	vi		#vii%2	#vii		%	2				%7	0	1	3, 5, 4, 11		5	3
221	219	3/4	i	D	vi		i	i							m	0	1	0, -3, 1		0	0
221	219	5/6	viio7/V	D	vi		viio7/V	vii		o	7		V		o7	0	1	6, 3, 0, -3		6	6
222	220	0	V(4)	D	vi		V(4)	V				4			M	0	1	1, 0, 2		1	1
222	220	1/4	i	D	vi		i	i							m	0	1	0, -3, 1		0	0
222	220	1/2	viio7/V	D	vi		viio7/V	vii		o	7		V		o7	0	1	6, 3, 0, -3		6	6
223	221	1/2	V(4)	D	vi		V(4)	V				4			M	0	1	1, 0, 2		1	1
223	221	11/16	V	D	vi		V	V							M	0	1	1, 5, 2		1	1
223	221	3/4	V2/iv	D	vi		V2/iv	V			2		iv		Mm7	0	1	-2, 0, 4, 1		0	-2
224	222	0	iio2/iv	D	vi		iio2/iv	ii		o	2		iv		o7	0	1	-8, 1, -2, -5		1	-8
224	222	1/2	V65/iv	D	vi		V65/iv	V			65		iv		Mm7	0	1	4, 1, -2, 0		0	4
224	222	3/4	#viio7/iv	D	vi		#viio7/iv	#vii		o	7		iv		o7	0	1	4, 1, -2, -5		4	4
225	223	0	iv	D	vi		iv	iv							m	0	1	-1, -4, 0		-1	-1
225	223	1/4	iv/iv	D	vi		iv/iv	iv					iv		m	0	1	-2, -5, -1		-2	-2
225	223	1/2	V2/iv	D	vi		V2/iv	V			2		iv		Mm7	0	1	-2, 0, 4, 1		0	-2
225	223	3/4	iv6	D	vi		iv6	iv			6				m	0	1	-4, 0, -1		-1	-4
226	224	0	V(64)	D	vi		V(64)	V				64			M	0	1	1, 0, -3		1	1
226	224	1/2	V65/V	D	vi		V65/V	V			65		V		Mm7	0	1	6, 3, 0, 2		2	6
226	224	3/4	viio7/V	D	vi		viio7/V	vii		o	7		V		o7	0	1	6, 3, 0, -3		6	6
227	225	0	V	D	vi		V	V							M	0	1	1, 5, 2		1	1
227	225	1/4	vio7	D	vi		vio7	vi		o	7				o7	0	1	-4, -7, -10, -13		-4	-4
227	225	1/2	V/V	D	vi		V/V	V					V		M	0	1	2, 6, 3		2	2
227	225	3/4	#viio7	D	vi		#viio7	#vii		o	7				o7	0	1	5, 2, -1, -4		5	5
227	225	5/6	V6	D	vi		V6	V			6				M	0	1	5, 2, 1		1	5
227	225	11/12	V65	D	vi		V65	V			65				Mm7	0	1	5, 2, -1, 1		1	5
228	226	0	i(94)	D	vi		i(94)	i				94			m	0	1	0, -1, 1	2	0	0
228	226	1/2	i(9)	D	vi		i(9)	i				9			m	0	1	0, -3, 1	2	0	0
229	227	0	V6	D	vi		V6	V			6				M	0	1	5, 2, 1		1	5
229	227	1/4	V43	D	vi		V43	V			43				Mm7	0	1	2, -1, 1, 5		1	2
229	227	3/4	V2	D	vi		V2	V			2				Mm7	0	1	-1, 1, 5, 2		1	-1
229	227	11/12	V43	D	vi		V43	V			43				Mm7	0	1	2, -1, 1, 5		1	2
230	228	0	i\\	D	vi		i	i						\\	m	0	1	0, -3, 1		0	0
230	228	3/4	III64	D	vi		III64	III			64				M	0	1	-2, -3, 1		-3	-2
231	229	0	VI	D	vi		VI	VI							M	0	1	-4, 0, -3		-4	-4
231	229	1/2	i6	D	vi		i6	i			6				m	0	1	-3, 1, 0		0	-3
232	230	0	iv	D	vi		iv	iv							m	0	1	-1, -4, 0		-1	-1
232	230	1/8	V2	D	vi		V2	V			2				Mm7	0	1	-1, 1, 5, 2		1	-1
232	230	1/4	i6	D	vi		i6	i			6				m	0	1	-3, 1, 0		0	-3
232	230	1/2	ii	D	vi		ii	ii							m	0	1	2, -1, 3		2	2
232	230	3/4	V7	D	vi		V7	V			7				Mm7	0	1	1, 5, 2, -1		1	1
233	231	0	i(#74)	D	vi		i(#74)	i				#74			m	0	1	0, -1, 1	5	0	0
233	231	1/4	i\\	D	vi		i	i						\\	m	0	1	0, -3, 1		0	0
233	231	1/2	i	D	vi		i	i							m	0	1	0, -3, 1		0	0
234	232	1/4	i6	D	vi		i6	i			6				m	0	1	-3, 1, 0		0	-3
234	232	1/2	iv	D	vi		iv	iv							m	0	1	-1, -4, 0		-1	-1
234	232	3/4	V	D	vi		V	V							M	0	1	1, 5, 2		1	1
234	232	15/16	V7	D	vi		V7	V			7				Mm7	0	1	1, 5, 2, -1		1	1
235	233	0	i\\	D	vi		i	i						\\	m	0	1	0, -3, 1		0	0
235	233	1/4	V.IV	D	V		IV	IV							M	0	0	-1, 3, 0		-1	-1
235	233	11/24	vi6	D	V		vi6	vi			6				m	0	0	0, 4, 3		3	0
235	233	1/2	V6(9)	D	V		V6(9)	V			6	9			M	0	0	5, 2, 1	3	1	5
235	233	7/12	V	D	V		V	V							M	0	0	1, 5, 2		1	1
235	233	3/4	V6	D	V		V6	V			6				M	0	0	5, 2, 1		1	5
235	233	15/16	V43	D	V		V43	V			43				Mm7	0	0	2, -1, 1, 5		1	2
236	234	0	I(9)	D	V		I(9)	I				9			M	0	0	0, 4, 1	2	0	0
236	234	1/4	I	D	V		I	I							M	0	0	0, 4, 1		0	0
236	234	5/12	IV.vi6	D	IV		vi6	vi			6				m	0	0	0, 4, 3		3	0
236	234	1/2	V6(9)	D	IV		V6(9)	V			6	9			M	0	0	5, 2, 1	3	1	5
236	234	3/4	V6	D	IV		V6	V			6				M	0	0	5, 2, 1		1	5
236	234	11/12	V43	D	IV		V43	V			43				Mm7	0	0	2, -1, 1, 5		1	2
237	235	0	I(9)	D	IV		I(9)	I				9			M	0	0	0, 4, 1	2	0	0
237	235	1/12	vi	D	IV		vi	vi							m	0	0	3, 0, 4		3	3
237	235	1/4	I	D	IV		I	I							M	0	0	0, 4, 1		0	0
237	235	7/16	I.IV6	D	I		IV6	IV			6				M	0	0	3, 0, -1		-1	3
237	235	1/2	V65	D	I		V65	V			65				Mm7	0	0	5, 2, -1, 1		1	5
237	235	3/4	I6	D	I		I6	I			6				M	0	0	4, 1, 0		0	4
238	236	0	IV65	D	I		IV65	IV			65				Mm7	0	0	3, 0, -3, -1		-1	3
238	236	1/4	ii(9)	D	I		ii(9)	ii				9			m	0	0	2, -1, 3	4	2	2
238	236	7/16	ii6	D	I		ii6	ii			6				m	0	0	-1, 3, 2		2	-1
238	236	1/2	V65	D	I		V65	V			65				Mm7	0	0	5, 2, -1, 1		1	5
238	236	3/4	I(9)	D	I		I(9)	I				9			M	0	0	0, 4, 1	2	0	0
238	236	11/12	I	D	I		I	I							M	0	0	0, 4, 1		0	0
239	237	0	V(64)	D	I		V(64)	V				64			M	0	0	1, 0, 4		1	1
239	237	1/4	V\\	D	I		V	V						\\	M	0	0	1, 5, 2		1	1
239	237	1/2	V2	D	I		V2	V			2				Mm7	0	0	-1, 1, 5, 2		1	-1
239	237	15/16	V43	D	I		V43	V			43				Mm7	0	0	2, -1, 1, 5		1	2
240	238	0	I	D	I		I	I							M	0	0	0, 4, 1		0	0
240	238	1/4	V65/IV	D	I		V65/IV	V			65		IV		Mm7	0	0	4, 1, -2, 0		0	4
240	238	5/12	V+6	D	I		V+6	V		+	6				+	0	0	5, 9, 1		1	5
240	238	1/2	IV(#2)	D	I		IV(#2)	IV				#2			M	0	0	-1, 8, 0		-1	-1
240	238	2/3	IV+(#2)	D	I		IV+(#2)	IV		+		#2			+	0	0	-1, 8, 7		-1	-1
240	238	3/4	ii6(#4)	D	I		ii6(#4)	ii			6	#4			m	0	0	-1, 8, 2		2	-1
240	238	11/12	ii6	D	I		ii6	ii			6				m	0	0	-1, 3, 2		2	-1
241	239	0	V7	D	I		V7	V			7				Mm7	0	0	1, 5, 2, -1		1	1
241	239	1/4	V65/vi	D	I		V65/vi	V			65		vi		Mm7	0	0	8, 5, 2, 4		4	8
241	239	1/2	vi(9)	D	I		vi(9)	vi				9			m	0	0	3, 0, 4	5	3	3
241	239	3/4	IV6(4)	D	I		IV6(4)	IV			6	4			M	0	0	5, 0, -1		-1	5
241	239	11/12	IV6	D	I		IV6	IV			6				M	0	0	3, 0, -1		-1	3
242	240	0	V6	D	I		V6	V			6				M	0	0	5, 2, 1		1	5
242	240	1/4	V65	D	I		V65	V			65				Mm7	0	0	5, 2, -1, 1		1	5
242	240	5/12	V6	D	I		V6	V			6				M	0	0	5, 2, 1		1	5
242	240	1/2	viio65	D	I		viio65	vii		o	65				o7	0	0	2, -1, -4, 5		5	2
242	240	3/4	V7	D	I		V7	V			7				Mm7	0	0	1, 5, 2, -1		1	1
242	240	11/12	V	D	I		V	V							M	0	0	1, 5, 2		1	1
243	241	0	I	D	I		I	I							M	0	0	0, 4, 1		0	0
243	241	5/6	vi	D	I		vi	vi							m	0	0	3, 0, 4		3	3
243	241	11/12	vi2	D	I		vi2	vi			2				mm7	0	0	1, 3, 0, 4		3	1
244	242	0	vii%7/V	D	I		vii%7/V	vii		%	7		V		%7	0	0	6, 5, 12, 4		6	6
245	243	1/4	viio7/V	D	I		viio7/V	vii		o	7		V		o7	0	0	6, 3, 0, -3		6	6
246	244	3/4	V6/V	D	I		V6/V	V			6		V		M	0	0	6, 3, 2		2	6
247	245	0	viio/V	D	I		viio/V	vii		o			V		o	0	0	6, 3, 0		6	6
247	245	1/2	V	D	I		V	V							M	0	0	1, 5, 2		1	1
247	245	3/4	V(94)	D	I		V(94)	V				94			M	0	0	1, 0, 2	3	1	1
248	246	0	V7	D	I		V7	V			7				Mm7	0	0	1, 5, 2, -1		1	1
248	246	1/2	ii7/IV	D	I		ii7/IV	ii			7		IV		mm7	0	0	1, -2, 2, -1		1	1
249	247	0	#vii%43/IV	D	I		#vii%43/IV	#vii		%	43		IV		%7	0	0	17, 9, 11, 10		11	17
249	247	1/4	IV6	D	I		IV6	IV			6				M	0	0	3, 0, -1		-1	3
249	247	3/4	V7/IV	D	I		V7/IV	V			7		IV		Mm7	0	0	0, 4, 1, -2		0	0
250	248	0	IV	D	I		IV	IV							M	0	0	-1, 3, 0		-1	-1
250	248	5/6	ii	D	I		ii	ii							m	0	0	2, -1, 3		2	2
250	248	11/12	ii2	D	I		ii2	ii			2				mm7	0	0	0, 2, -1, 3		2	0
251	249	0	vii%7	D	I		vii%7	vii		%	7				%7	0	0	5, 4, 11, 3		5	5
252	250	1/4	viio7	D	I		viio7	vii		o	7				o7	0	0	5, 2, -1, -4		5	5
253	251	3/4	viio	D	I		viio	vii		o					o	0	0	5, 2, -1		5	5
254	252	0	I	D	I		I	I							M	0	0	0, 4, 1		0	0
254	252	1/4	I6	D	I		I6	I			6				M	0	0	4, 1, 0		0	4
254	252	3/8	V+6/IV	D	I		V+6/IV	V		+	6		IV		+	0	0	4, 8, 0		0	4
254	252	1/2	IV(#2)	D	I		IV(#2)	IV				#2			M	0	0	-1, 8, 0		-1	-1
254	252	5/8	IV	D	I		IV	IV							M	0	0	-1, 3, 0		-1	-1
254	252	3/4	V6/V	D	I		V6/V	V			6		V		M	0	0	6, 3, 2		2	6
255	253	0	V(4)	D	I		V(4)	V				4			M	0	0	1, 0, 2		1	1
255	253	1/2	V\\	D	I		V	V						\\	M	0	0	1, 5, 2		1	1
255	253	3/4	I6	D	I		I6	I			6				M	0	0	4, 1, 0		0	4
255	253	11/12	V+6/IV	D	I		V+6/IV	V		+	6		IV		+	0	0	4, 8, 0		0	4
256	254	0	IV(#2)	D	I		IV(#2)	IV				#2			M	0	0	-1, 8, 0		-1	-1
256	254	1/8	IV	D	I		IV	IV							M	0	0	-1, 3, 0		-1	-1
256	254	1/4	viio/V	D	I		viio/V	vii		o			V		o	0	0	6, 3, 0		6	6
256	254	1/3	#vii	D	I		#vii	#vii							m	0	0	12, 9, 13		12	12
256	254	5/12	V6/V	D	I		V6/V	V			6		V		M	0	0	6, 3, 2		2	6
256	254	1/2	V(2)	D	I		V(2)	V				2			M	0	0	3, 5, 2		1	3
256	254	7/12	V(#2)	D	I		V(#2)	V				#2			M	0	0	1, 10, 2		1	1
256	254	2/3	V	D	I		V	V							M	0	0	1, 5, 2		1	1
256	254	3/4	#viio/vi	D	I		#viio/vi	#vii		o			vi		o	0	0	8, 5, 2		8	8
256	254	11/12	V6/vi	D	I		V6/vi	V			6		vi		M	0	0	8, 5, 4		4	8
257	255	0	vi(2)	D	I		vi(2)	vi				2			m	0	0	5, 0, 4		3	5
257	255	1/12	vi	D	I		vi	vi							m	0	0	3, 0, 4		3	3
257	255	1/6	V/ii	D	I		V/ii	V					ii		M	0	0	3, 7, 4		3	3
257	255	5/12	IV+6	D	I		IV+6	IV		+	6				+	0	0	3, 7, -1		-1	3
257	255	1/2	viio(#2)	D	I		viio(#2)	vii		o		#2			o	0	0	5, 7, -1		5	5
257	255	7/12	V6(#7#4)	D	I		V6(#7#4)	V			6	#7#4			M	0	0	5, 7, 6		1	5
257	255	2/3	V6(#4)	D	I		V6(#4)	V			6	#4			M	0	0	5, 7, 1		1	5
257	255	5/6	V6	D	I		V6	V			6				M	0	0	5, 2, 1		1	5
257	255	11/12	V+6	D	I		V+6	V		+	6				+	0	0	5, 9, 1		1	5
258	256	0	I	D	I		I	I							M	0	0	0, 4, 1		0	0
258	256	1/4	IV\\	D	I		IV	IV						\\	M	0	0	-1, 3, 0		-1	-1
258	256	3/4	V7	D	I		V7	V			7				Mm7	0	0	1, 5, 2, -1		1	1
259	257	0	I[I(4)	D	I	I	I(4)	I				4			M	0	0	0, -1, 1		0	0
259	257	1/12	I	D	I	I	I	I							M	0	0	0, 4, 1		0	0
259	257	1/6	V7/IV	D	I	I	V7/IV	V			7		IV		Mm7	0	0	0, 4, 1, -2		0	0
259	257	1/4	IV	D	I	I	IV	IV							M	0	0	-1, 3, 0		-1	-1
259	257	1/3	ii	D	I	I	ii	ii							m	0	0	2, -1, 3		2	2
259	257	5/12	V	D	I	I	V	V							M	0	0	1, 5, 2		1	1
259	257	1/2	I]\\	D	I	I	I	I						\\	M	0	0	0, 4, 1		0	0
