mc	mn	mc_onset	mn_onset	timesig	staff	voice	label	alt_label	globalkey	localkey	pedal	chord	special	numeral	form	figbass	changes	relativeroot	phraseend	chord_type	globalkey_is_minor	localkey_is_minor	chord_tones	added_tones	root	bass_note
1	1	0	0	4/4	1	1	.C.I		C	I		I		I						M	0	0	0, 4, 1		0	0
2	2	0	0	4/4	1	1	I(64)		C	I		I(64)		I			64			M	0	0	0, -1, 3		0	0
2	2	5/8	5/8	4/4	1	1	I		C	I		I		I						M	0	0	0, 4, 1		0	0
3	3	0	0	4/4	1	1	V7		C	I		V7		V		7				Mm7	0	0	1, 5, 2, -1		1	1
3	3	3/8	3/8	4/4	1	1	viio		C	I		viio		vii	o					o	0	0	5, 2, -1		5	5
3	3	1/2	1/2	4/4	1	1	I(94)		C	I		I(94)		I			94			M	0	0	0, -1, 1	2	0	0
3	3	5/8	5/8	4/4	1	1	I		C	I		I		I						M	0	0	0, 4, 1		0	0
3	3	3/4	3/4	4/4	1	1	I6		C	I		I6		I		6				M	0	0	4, 1, 0		0	4
3	3	7/8	7/8	4/4	1	1	V7		C	I		V7		V		7				Mm7	0	0	1, 5, 2, -1		1	1
4	4	0	0	4/4	1	1	I(94)		C	I		I(94)		I			94			M	0	0	0, -1, 1	2	0	0
4	4	1/8	1/8	4/4	1	1	I		C	I		I		I						M	0	0	0, 4, 1		0	0
5	5	0	0	4/4	1	1	I(64)		C	I		I(64)		I			64			M	0	0	0, -1, 3		0	0
5	5	5/8	5/8	4/4	1	1	I		C	I		I		I						M	0	0	0, 4, 1		0	0
6	6	0	0	4/4	1	1	V7		C	I		V7		V		7				Mm7	0	0	1, 5, 2, -1		1	1
6	6	3/8	3/8	4/4	1	1	viio		C	I		viio		vii	o					o	0	0	5, 2, -1		5	5
6	6	1/2	1/2	4/4	1	1	I(94)		C	I		I(94)		I			94			M	0	0	0, -1, 1	2	0	0
6	6	5/8	5/8	4/4	1	1	I		C	I		I		I						M	0	0	0, 4, 1		0	0
6	6	3/4	3/4	4/4	1	1	I6		C	I		I6		I		6				M	0	0	4, 1, 0		0	4
6	6	7/8	7/8	4/4	1	1	V7		C	I		V7		V		7				Mm7	0	0	1, 5, 2, -1		1	1
7	7	0	0	4/4	1	1	I\\		C	I		I		I					\\	M	0	0	0, 4, 1		0	0
7	7	1/4	1/4	4/4	1	1	I6		C	I		I6		I		6				M	0	0	4, 1, 0		0	4
7	7	1/2	1/2	4/4	1	1	V6		C	I		V6		V		6				M	0	0	5, 2, 1		1	5
7	7	5/8	5/8	4/4	1	1	V		C	I		V		V						M	0	0	1, 5, 2		1	1
7	7	3/4	3/4	4/4	1	1	V7		C	I		V7		V		7				Mm7	0	0	1, 5, 2, -1		1	1
7	7	3/8	3/8	4/4	2	1	I		C	I		I		I						M	0	0	0, 4, 1		0	0
8	8	0	0	4/4	1	1	I		C	I		I		I						M	0	0	0, 4, 1		0	0
8	8	1/4	1/4	4/4	1	1	viio		C	I		viio		vii	o					o	0	0	5, 2, -1		5	5
8	8	5/16	5/16	4/4	1	1	#viio7/vi		C	I		#viio7/vi		#vii	o	7		vi		o7	0	0	8, 5, 2, -1		8	8
8	8	3/8	3/8	4/4	1	1	vi6		C	I		vi6		vi		6				m	0	0	0, 4, 3		3	0
8	8	5/8	5/8	4/4	1	1	vi		C	I		vi		vi						m	0	0	3, 0, 4		3	3
8	8	7/8	7/8	4/4	1	1	vi6		C	I		vi6		vi		6				m	0	0	0, 4, 3		3	0
9	9	0	0	4/4	1	1	V.V65/V		C	V		V65/V		V		65		V		Mm7	0	0	6, 3, 0, 2		2	6
9	9	1/4	1/4	4/4	1	1	V		C	V		V		V						M	0	0	1, 5, 2		1	1
9	9	3/8	3/8	4/4	1	1	#viio43/iii		C	V		#viio43/iii		#vii	o	43		iii		o7	0	0	3, 0, 9, 6		9	3
9	9	1/2	1/2	4/4	1	1	iii6		C	V		iii6		iii		6				m	0	0	1, 5, 4		4	1
9	9	3/4	3/4	4/4	1	1	#viio6/iii		C	V		#viio6/iii		#vii	o	6		iii		o	0	0	6, 3, 9		9	6
9	9	7/8	7/8	4/4	1	1	iii6		C	V		iii6		iii		6				m	0	0	1, 5, 4		4	1
10	10	0	0	4/4	1	1	#viio43/iii		C	V		#viio43/iii		#vii	o	43		iii		o7	0	0	3, 0, 9, 6		9	3
10	10	1/4	1/4	4/4	1	1	V6/vi		C	V		V6/vi		V		6		vi		M	0	0	8, 5, 4		4	8
10	10	3/8	3/8	4/4	1	1	IV6		C	V		IV6		IV		6				M	0	0	3, 0, -1		-1	3
10	10	5/8	5/8	4/4	1	1	IV		C	V		IV		IV						M	0	0	-1, 3, 0		-1	-1
10	10	7/8	7/8	4/4	1	1	IV6		C	V		IV6		IV		6				M	0	0	3, 0, -1		-1	3
11	11	0	0	4/4	1	1	#IV65		C	V		#IV65		#IV		65				Mm7	0	0	10, 7, 4, 6		6	10
11	11	1/4	1/4	4/4	1	1	V+6		C	V		V+6		V	+	6				+	0	0	5, 9, 1		1	5
11	11	3/8	3/8	4/4	1	1	#IV64		C	V		#IV64		#IV		64				M	0	0	7, 6, 10		6	7
11	11	1/2	1/2	4/4	1	1	V6		C	V		V6		V		6				M	0	0	5, 2, 1		1	5
11	11	3/4	3/4	4/4	1	1	#IV6		C	V		#IV6		#IV		6				M	0	0	10, 7, 6		6	10
11	11	7/8	7/8	4/4	1	1	V6		C	V		V6		V		6				M	0	0	5, 2, 1		1	5
12	12	0	0	4/4	1	1	I\\		C	V		I		I					\\	M	0	0	0, 4, 1		0	0
12	12	1/4	1/4	4/4	1	1	V6(4)		C	V		V6(4)		V		6	4			M	0	0	0, 2, 1		1	0
12	12	3/8	3/8	4/4	1	1	V43/vi		C	V		V43/vi		V		43		vi		Mm7	0	0	5, 2, 4, 8		4	5
12	12	1/2	1/2	4/4	1	1	vi		C	V		vi		vi						m	0	0	3, 0, 4		3	3
12	12	3/4	3/4	4/4	1	1	I6		C	V		I6		I		6				M	0	0	4, 1, 0		0	4
13	13	0	0	4/4	1	1	ii6		C	V		ii6		ii		6				m	0	0	-1, 3, 2		2	-1
13	13	1/4	1/4	4/4	1	1	V		C	V		V		V						M	0	0	1, 5, 2		1	1
13	13	3/8	3/8	4/4	1	1	V6/vi		C	V		V6/vi		V		6		vi		M	0	0	8, 5, 4		4	8
13	13	1/2	1/2	4/4	1	1	vi		C	V		vi		vi						m	0	0	3, 0, 4		3	3
13	13	3/4	3/4	4/4	1	1	I6		C	V		I6		I		6				M	0	0	4, 1, 0		0	4
14	14	0	0	4/4	1	1	ii6		C	V		ii6		ii		6				m	0	0	-1, 3, 2		2	-1
14	14	1/4	1/4	4/4	1	1	V		C	V		V		V						M	0	0	1, 5, 2		1	1
14	14	3/8	3/8	4/4	1	1	V6		C	V		V6		V		6				M	0	0	5, 2, 1		1	5
14	14	1/2	1/2	4/4	1	1	vi(4)		C	V		vi(4)		vi			4			m	0	0	3, 2, 4		3	3
14	14	5/8	5/8	4/4	1	1	vi		C	V		vi		vi						m	0	0	3, 0, 4		3	3
14	14	3/4	3/4	4/4	1	1	V2/V		C	V		V2/V		V		2		V		Mm7	0	0	0, 2, 6, 3		2	0
15	15	0	0	4/4	1	1	V(4)		C	V		V(4)		V			4			M	0	0	1, 0, 2		1	1
15	15	1/8	1/8	4/4	1	1	V6		C	V		V6		V		6				M	0	0	5, 2, 1		1	5
15	15	1/4	1/4	4/4	1	1	V65		C	V		V65		V		65				Mm7	0	0	5, 2, -1, 1		1	5
15	15	1/2	1/2	4/4	1	1	I		C	V		I		I						M	0	0	0, 4, 1		0	0
15	15	5/8	5/8	4/4	1	1	I		C	V		I		I						M	0	0	0, 4, 1		0	0
15	15	3/4	3/4	4/4	1	1	V2/V		C	V		V2/V		V		2		V		Mm7	0	0	0, 2, 6, 3		2	0
16	16	0	0	4/4	1	1	V		C	V		V		V						M	0	0	1, 5, 2		1	1
16	16	1/8	1/8	4/4	1	1	V6		C	V		V6		V		6				M	0	0	5, 2, 1		1	5
16	16	1/4	1/4	4/4	1	1	V65		C	V		V65		V		65				Mm7	0	0	5, 2, -1, 1		1	5
16	16	1/2	1/2	4/4	1	1	I\\		C	V		I		I					\\	M	0	0	0, 4, 1		0	0
16	16	3/4	3/4	4/4	1	1	viio7		C	V		viio7		vii	o	7				o7	0	0	5, 2, -1, -4		5	5
17	17	0	0	4/4	1	1	V(9)		C	V		V(9)		V			9			M	0	0	1, 5, 2	3	1	1
17	17	1/4	1/4	4/4	1	1	V		C	V		V		V						M	0	0	1, 5, 2		1	1
17	17	7/16	7/16	4/4	1	1	V65		C	V		V65		V		65				Mm7	0	0	5, 2, -1, 1		1	5
17	17	1/2	1/2	4/4	1	1	I(4)		C	V		I(4)		I			4			M	0	0	0, -1, 1		0	0
17	17	3/4	3/4	4/4	1	1	I		C	V		I		I						M	0	0	0, 4, 1		0	0
17	17	15/16	15/16	4/4	1	1	V65/IV		C	V		V65/IV		V		65		IV		Mm7	0	0	4, 1, -2, 0		0	4
18	18	0	0	4/4	1	1	IV(4)		C	V		IV(4)		IV			4			M	0	0	-1, 5, 0		-1	-1
18	18	3/16	3/16	4/4	1	1	I		C	V		I		I						M	0	0	0, 4, 1		0	0
18	18	1/2	1/2	4/4	1	1	V6		C	V		V6		V		6				M	0	0	5, 2, 1		1	5
18	18	3/4	3/4	4/4	1	1	I		C	V		I		I						M	0	0	0, 4, 1		0	0
18	18	7/8	7/8	4/4	1	1	V43		C	V		V43		V		43				Mm7	0	0	2, -1, 1, 5		1	2
19	19	0	0	4/4	1	1	V65		C	V		V65		V		65				Mm7	0	0	5, 2, -1, 1		1	5
19	19	1/4	1/4	4/4	1	1	I		C	V		I		I						M	0	0	0, 4, 1		0	0
19	19	3/8	3/8	4/4	1	1	V65		C	V		V65		V		65				Mm7	0	0	5, 2, -1, 1		1	5
19	19	1/2	1/2	4/4	1	1	I		C	V		I		I						M	0	0	0, 4, 1		0	0
20	20	0	0	4/4	1	1	IV		C	V		IV		IV						M	0	0	-1, 3, 0		-1	-1
20	20	3/8	3/8	4/4	1	1	ii6		C	V		ii6		ii		6				m	0	0	-1, 3, 2		2	-1
20	20	1/2	1/2	4/4	1	1	i64		C	V		i64		i		64				m	0	0	1, 0, -3		0	1
20	20	3/4	3/4	4/4	1	1	It6		C	V		It6	It	vii	o	6	b3	V		It	0	0	-4, 0, 6		6	-4
21	21	0	0	4/4	1	1	V\\		C	V		V		V					\\	M	0	0	1, 5, 2		1	1
21	21	1/8	1/8	4/4	1	1	IV		C	V		IV		IV						M	0	0	-1, 3, 0		-1	-1
21	21	3/8	3/8	4/4	1	1	ii6		C	V		ii6		ii		6				m	0	0	-1, 3, 2		2	-1
21	21	1/2	1/2	4/4	1	1	V(64)		C	V		V(64)		V			64			M	0	0	1, 0, 4		1	1
21	21	3/4	3/4	4/4	1	1	V		C	V		V		V						M	0	0	1, 5, 2		1	1
22	22	0	0	4/4	1	1	I\\		C	V		I		I					\\	M	0	0	0, 4, 1		0	0
22	22	1/4	1/4	4/4	1	1	I6		C	V		I6		I		6				M	0	0	4, 1, 0		0	4
22	22	1/2	1/2	4/4	1	1	I64		C	V		I64		I		64				M	0	0	1, 0, 4		0	1
22	22	5/8	5/8	4/4	1	1	I6		C	V		I6		I		6				M	0	0	4, 1, 0		0	4
22	22	3/4	3/4	4/4	1	1	I		C	V		I		I						M	0	0	0, 4, 1		0	0
22	22	15/16	15/16	4/4	1	1	#viio/vi		C	V		#viio/vi		#vii	o			vi		o	0	0	8, 5, 2		8	8
23	23	0	0	4/4	1	1	vi		C	V		vi		vi						m	0	0	3, 0, 4		3	3
23	23	1/8	1/8	4/4	1	1	I6		C	V		I6		I		6				M	0	0	4, 1, 0		0	4
23	23	1/4	1/4	4/4	1	1	IV		C	V		IV		IV						M	0	0	-1, 3, 0		-1	-1
23	23	3/8	3/8	4/4	1	1	V		C	V		V		V						M	0	0	1, 5, 2		1	1
23	23	1/2	1/2	4/4	1	1	I(72)		C	V		I(72)		I			72			M	0	0	2, 4, 1	5	0	2
23	23	3/4	3/4	4/4	1	1	I\\		C	V		I		I					\\	M	0	0	0, 4, 1		0	0
24	24	0	0	4/4	1	1	V7/IV		C	V		V7/IV		V		7		IV		Mm7	0	0	0, 4, 1, -2		0	0
24	24	1/4	1/4	4/4	1	1	V7		C	V		V7		V		7				Mm7	0	0	1, 5, 2, -1		1	1
24	24	11/24	11/24	4/4	1	1	V65/IV		C	V		V65/IV		V		65		IV		Mm7	0	0	4, 1, -2, 0		0	4
24	24	1/2	1/2	4/4	1	1	IV64		C	V		IV64		IV		64				M	0	0	0, -1, 3		-1	0
25	25	0	0	4/4	1	1	V7/IV		C	V		V7/IV		V		7		IV		Mm7	0	0	0, 4, 1, -2		0	0
25	25	1/2	1/2	4/4	1	1	V(64)/IV		C	V		V(64)/IV		V			64	IV		M	0	0	0, -1, 3		0	0
25	25	5/8	5/8	4/4	1	1	V/IV\\		C	V		V/IV		V				IV	\\	M	0	0	0, 4, 1		0	0
26	26	0	0	4/4	1	1	I		C	V		I		I						M	0	0	0, 4, 1		0	0
26	26	1/4	1/4	4/4	1	1	I		C	V		I		I						M	0	0	0, 4, 1		0	0
26	26	3/4	3/4	4/4	1	1	#viio2/ii		C	V		#viio2/ii		#vii	o	2		ii		o7	0	0	-2, 7, 4, 1		7	-2
27	27	0	0	4/4	1	1	V7(9)/ii		C	V		V7(9)/ii		V		7	9	ii		Mm7	0	0	3, 7, 4, 1	-2	3	3
27	27	3/8	3/8	4/4	1	1	V/ii		C	V		V/ii		V				ii		M	0	0	3, 7, 4		3	3
27	27	1/2	1/2	4/4	1	1	ii\\		C	V		ii		ii					\\	m	0	0	2, -1, 3		2	2
28	28	0	0	4/4	1	1	.bVII		C	V		bVII		bVII						M	0	0	-2, 2, -1		-2	-2
28	28	3/4	3/4	4/4	1	1	viio2		C	V		viio2		vii	o	2				o7	0	0	-4, 5, 2, -1		5	-4
29	29	0	0	4/4	1	1	V7(b9)		C	V		V7(b9)		V		7	b9			Mm7	0	0	1, 5, 2, -1	-4	1	1
29	29	3/8	3/8	4/4	1	1	V		C	V		V		V						M	0	0	1, 5, 2		1	1
29	29	1/2	1/2	4/4	1	1	I\\		C	V		I		I					\\	M	0	0	0, 4, 1		0	0
29	29	3/4	3/4	4/4	1	1	I		C	V		I		I						M	0	0	0, 4, 1		0	0
30	30	0	0	4/4	1	1	i.V2/III		C	i		V2/III		V		2		III		Mm7	0	1	-4, -2, 2, -1		-2	-4
30	30	1/2	1/2	4/4	1	1	#viio2		C	i		#viio2		#vii	o	2				o7	0	1	-4, 5, 2, -1		5	-4
31	31	0	0	4/4	1	1	V7		C	i		V7		V		7				Mm7	0	1	1, 5, 2, -1		1	1
31	31	1/8	1/8	4/4	1	1	V7(9)		C	i		V7(9)		V		7	9			Mm7	0	1	1, 5, 2, -1	-4	1	1
31	31	3/8	3/8	4/4	1	1	V7		C	i		V7		V		7				Mm7	0	1	1, 5, 2, -1		1	1
31	31	5/8	5/8	4/4	1	1	V7(9)		C	i		V7(9)		V		7	9			Mm7	0	1	1, 5, 2, -1	-4	1	1
31	31	7/8	7/8	4/4	1	1	V7		C	i		V7		V		7				Mm7	0	1	1, 5, 2, -1		1	1
32	32	0	0	4/4	1	1	i\\		C	i		i		i					\\	m	0	1	0, -3, 1		0	0
33	33	0	0	4/4	1	1	i(64)		C	i		i(64)		i			64			m	0	1	0, -1, -4		0	0
33	33	5/8	5/8	4/4	1	1	i		C	i		i		i						m	0	1	0, -3, 1		0	0
34	34	0	0	4/4	1	1	V7(9)		C	i		V7(9)		V		7	9			Mm7	0	1	1, 5, 2, -1	-4	1	1
34	34	3/8	3/8	4/4	1	1	#viio		C	i		#viio		#vii	o					o	0	1	5, 2, -1		5	5
34	34	1/2	1/2	4/4	1	1	i(94)		C	i		i(94)		i			94			m	0	1	0, -1, 1	2	0	0
34	34	5/8	5/8	4/4	1	1	i		C	i		i		i						m	0	1	0, -3, 1		0	0
34	34	7/8	7/8	4/4	1	1	V7		C	i		V7		V		7				Mm7	0	1	1, 5, 2, -1		1	1
35	35	0	0	4/4	1	1	i(94)		C	i		i(94)		i			94			m	0	1	0, -1, 1	2	0	0
35	35	1/8	1/8	4/4	1	1	i		C	i		i		i						m	0	1	0, -3, 1		0	0
36	36	0	0	4/4	1	1	i(64)		C	i		i(64)		i			64			m	0	1	0, -1, -4		0	0
36	36	5/8	5/8	4/4	1	1	i		C	i		i		i						m	0	1	0, -3, 1		0	0
37	37	0	0	4/4	1	1	V7		C	i		V7		V		7				Mm7	0	1	1, 5, 2, -1		1	1
37	37	3/8	3/8	4/4	1	1	#viio		C	i		#viio		#vii	o					o	0	1	5, 2, -1		5	5
37	37	1/2	1/2	4/4	1	1	i(94)		C	i		i(94)		i			94			m	0	1	0, -1, 1	2	0	0
37	37	5/8	5/8	4/4	2	1	i\\		C	i		i		i					\\	m	0	1	0, -3, 1		0	0
38	38	0	0	4/4	1	1	I.V7/vi		C	I		V7/vi		V		7		vi		Mm7	0	0	4, 8, 5, 2		4	4
38	38	1/4	1/4	4/4	1	1	vi		C	I		vi		vi						m	0	0	3, 0, 4		3	3
38	38	1/2	1/2	4/4	1	1	vii%7/V		C	I		vii%7/V		vii	%	7		V		%7	0	0	6, 3, 0, 4		6	6
38	38	7/16	7/16	4/4	2	1	vi2		C	I		vi2		vi		2				mm7	0	0	1, 3, 0, 4		3	1
38	38	7/8	7/8	4/4	2	1	viio/V		C	I		viio/V		vii	o			V		o	0	0	6, 3, 0		6	6
39	39	0	0	4/4	1	1	V(94)		C	I		V(94)		V			94			M	0	0	1, 0, 2	3	1	1
39	39	1/4	1/4	4/4	1	1	V		C	I		V		V						M	0	0	1, 5, 2		1	1
39	39	1/2	1/2	4/4	1	1	V7/V		C	I		V7/V		V		7		V		Mm7	0	0	2, 6, 3, 0		2	2
39	39	3/4	3/4	4/4	1	1	V		C	I		V		V						M	0	0	1, 5, 2		1	1
39	39	15/16	15/16	4/4	2	1	V2		C	I		V2		V		2				Mm7	0	0	-1, 1, 5, 2		1	-1
40	40	0	0	4/4	1	1	I6		C	I		I6		I		6				M	0	0	4, 1, 0		0	4
40	40	1/2	1/2	4/4	1	1	V+65		C	I		V+65		V	+	65				+7	0	0	5, 9, -1, 1		1	5
41	41	0	0	4/4	1	1	IV6		C	I		IV6		IV		6				M	0	0	3, 0, -1		-1	3
41	41	1/4	1/4	4/4	1	1	viio6		C	I		viio6		vii	o	6				o	0	0	2, -1, 5		5	2
41	41	11/16	11/16	4/4	1	1	vii		C	I		vii		vii						m	0	0	5, 2, 6		5	5
41	41	1/8	1/8	4/4	2	1	IVM2		C	I		IVM2		IV	M	2				MM7	0	0	4, -1, 3, 0		-1	4
42	42	0	0	4/4	1	1	iii6		C	I		iii6		iii		6				m	0	0	1, 5, 4		4	1
42	42	1/4	1/4	4/4	1	1	vi6		C	I		vi6		vi		6				m	0	0	0, 4, 3		3	0
42	42	3/4	3/4	4/4	1	1	vi6		C	I		vi6		vi		6				m	0	0	0, 4, 3		3	0
42	42	1/8	1/8	4/4	2	1	iii2		C	I		iii2		iii		2				mm7	0	0	2, 4, 1, 5		4	2
43	43	0	0	4/4	1	1	ii6		C	I		ii6		ii		6				m	0	0	-1, 3, 2		2	-1
43	43	1/4	1/4	4/4	1	1	V6		C	I		V6		V		6				M	0	0	5, 2, 1		1	5
43	43	11/16	11/16	4/4	1	1	V+6		C	I		V+6		V	+	6				+	0	0	5, 9, 1		1	5
43	43	3/4	3/4	4/4	1	1	I\\		C	I		I		I					\\	M	0	0	0, 4, 1		0	0
43	43	1/8	1/8	4/4	2	1	ii2		C	I		ii2		ii		2				mm7	0	0	0, 2, -1, 3		2	0
44	44	0	0	4/4	1	1	I		C	I		I		I						M	0	0	0, 4, 1		0	0
44	44	1/4	1/4	4/4	1	1	I		C	I		I		I						M	0	0	0, 4, 1		0	0
44	44	1/2	1/2	4/4	1	1	iii64		C	I		iii64		iii		64				m	0	0	5, 4, 1		4	5
44	44	3/4	3/4	4/4	1	1	iii64		C	I		iii64		iii		64				m	0	0	5, 4, 1		4	5
45	45	0	0	4/4	1	1	#viio7/vii		C	I		#viio7/vii		#vii	o	7		vii		o7	0	0	10, 7, 4, 1		10	10
45	45	3/8	3/8	4/4	1	1	V65/vii		C	I		V65/vii		V		65		vii		Mm7	0	0	10, 7, 4, 6		6	10
45	45	1/2	1/2	4/4	1	1	V(4)/iii		C	I		V(4)/iii		V			4	iii		M	0	0	5, 4, 6		5	5
45	45	3/4	3/4	4/4	1	1	V/iii		C	I		V/iii		V				iii		M	0	0	5, 9, 6		5	5
46	46	0	0	4/4	1	1	#viio7/ii		C	I		#viio7/ii		#vii	o	7		ii		o7	0	0	7, 4, 1, -2		7	7
46	46	3/8	3/8	4/4	1	1	V65/ii		C	I		V65/ii		V		65		ii		Mm7	0	0	7, 4, 1, 3		3	7
46	46	1/2	1/2	4/4	1	1	V(4)/ii		C	I		V(4)/ii		V			4	ii		M	0	0	3, 2, 4		3	3
46	46	3/4	3/4	4/4	1	1	V/ii		C	I		V/ii		V				ii		M	0	0	3, 7, 4		3	3
47	47	0	0	4/4	1	1	viio7/V		C	I		viio7/V		vii	o	7		V		o7	0	0	6, 3, 0, -3		6	6
47	47	3/8	3/8	4/4	1	1	V65/V		C	I		V65/V		V		65		V		Mm7	0	0	6, 3, 0, 2		2	6
47	47	1/2	1/2	4/4	1	1	V(4)		C	I		V(4)		V			4			M	0	0	1, 0, 2		1	1
47	47	3/4	3/4	4/4	1	1	V		C	I		V		V						M	0	0	1, 5, 2		1	1
47	47	15/16	15/16	4/4	2	1	V2		C	I		V2		V		2				Mm7	0	0	-1, 1, 5, 2		1	-1
48	48	0	0	4/4	1	1	I6		C	I		I6		I		6				M	0	0	4, 1, 0		0	4
48	48	1/4	1/4	4/4	1	1	vi		C	I		vi		vi						m	0	0	3, 0, 4		3	3
48	48	1/2	1/2	4/4	1	1	V(64)		C	I		V(64)		V			64			M	0	0	1, 0, 4		1	1
48	48	3/4	3/4	4/4	1	1	V65/V		C	I		V65/V		V		65		V		Mm7	0	0	6, 3, 0, 2		2	6
49	49	0	0	4/4	1	1	V7		C	I		V7		V		7				Mm7	0	0	1, 5, 2, -1		1	1
49	49	1/4	1/4	4/4	1	1	IV6		C	I		IV6		IV		6				M	0	0	3, 0, -1		-1	3
49	49	1/2	1/2	4/4	1	1	viio		C	I		viio		vii	o					o	0	0	5, 2, -1		5	5
49	49	3/4	3/4	4/4	1	1	V7		C	I		V7		V		7				Mm7	0	0	1, 5, 2, -1		1	1
50	50	0	0	4/4	1	1	I\\		C	I		I		I					\\	M	0	0	0, 4, 1		0	0
51	51	0	0	4/4	1	1	I(64)		C	I		I(64)		I			64			M	0	0	0, -1, 3		0	0
51	51	5/8	5/8	4/4	1	1	I		C	I		I		I						M	0	0	0, 4, 1		0	0
52	52	0	0	4/4	1	1	V7		C	I		V7		V		7				Mm7	0	0	1, 5, 2, -1		1	1
52	52	3/8	3/8	4/4	1	1	viio		C	I		viio		vii	o					o	0	0	5, 2, -1		5	5
52	52	1/2	1/2	4/4	1	1	I(94)		C	I		I(94)		I			94			M	0	0	0, -1, 1	2	0	0
52	52	5/8	5/8	4/4	1	1	I		C	I		I		I						M	0	0	0, 4, 1		0	0
52	52	7/8	7/8	4/4	1	1	V7		C	I		V7		V		7				Mm7	0	0	1, 5, 2, -1		1	1
53	53	0	0	4/4	1	1	I(94)		C	I		I(94)		I			94			M	0	0	0, -1, 1	2	0	0
53	53	1/8	1/8	4/4	1	1	I		C	I		I		I						M	0	0	0, 4, 1		0	0
54	54	0	0	4/4	1	1	I(64)		C	I		I(64)		I			64			M	0	0	0, -1, 3		0	0
54	54	5/8	5/8	4/4	1	1	I		C	I		I		I						M	0	0	0, 4, 1		0	0
55	55	0	0	4/4	1	1	V7		C	I		V7		V		7				Mm7	0	0	1, 5, 2, -1		1	1
55	55	3/8	3/8	4/4	1	1	viio		C	I		viio		vii	o					o	0	0	5, 2, -1		5	5
55	55	1/2	1/2	4/4	1	1	I(94)		C	I		I(94)		I			94			M	0	0	0, -1, 1	2	0	0
55	55	5/8	5/8	4/4	1	1	I		C	I		I		I						M	0	0	0, 4, 1		0	0
55	55	3/4	3/4	4/4	1	1	I6		C	I		I6		I		6				M	0	0	4, 1, 0		0	4
55	55	7/8	7/8	4/4	1	1	V7		C	I		V7		V		7				Mm7	0	0	1, 5, 2, -1		1	1
56	56	0	0	4/4	1	1	I\\		C	I		I		I					\\	M	0	0	0, 4, 1		0	0
56	56	1/4	1/4	4/4	1	1	vii%7		C	I		vii%7		vii	%	7				%7	0	0	5, 2, -1, 3		5	5
56	56	1/2	1/2	4/4	1	1	V(9)		C	I		V(9)		V			9			M	0	0	1, 5, 2	3	1	1
56	56	15/16	15/16	4/4	1	1	V65		C	I		V65		V		65				Mm7	0	0	5, 2, -1, 1		1	5
57	57	0	0	4/4	1	1	I(4)		C	I		I(4)		I			4			M	0	0	0, -1, 1		0	0
57	57	1/4	1/4	4/4	1	1	I		C	I		I		I						M	0	0	0, 4, 1		0	0
57	57	7/16	7/16	4/4	1	1	V65/IV		C	I		V65/IV		V		65		IV		Mm7	0	0	4, 1, -2, 0		0	4
57	57	1/2	1/2	4/4	1	1	IV(4)		C	I		IV(4)		IV			4			M	0	0	-1, 5, 0		-1	-1
57	57	11/16	11/16	4/4	1	1	IV		C	I		IV		IV						M	0	0	-1, 3, 0		-1	-1
58	58	1/8	1/8	4/4	2	1	V6		C	I		V6		V		6				M	0	0	5, 2, 1		1	5
58	58	1/4	1/4	4/4	2	1	I		C	I		I		I						M	0	0	0, 4, 1		0	0
58	58	3/8	3/8	4/4	2	1	V43		C	I		V43		V		43				Mm7	0	0	2, -1, 1, 5		1	2
58	58	5/8	5/8	4/4	2	1	V65		C	I		V65		V		65				Mm7	0	0	5, 2, -1, 1		1	5
58	58	3/4	3/4	4/4	2	1	I		C	I		I		I						M	0	0	0, 4, 1		0	0
58	58	7/8	7/8	4/4	2	1	V65		C	I		V65		V		65				Mm7	0	0	5, 2, -1, 1		1	5
59	59	0	0	4/4	1	1	I		C	I		I		I						M	0	0	0, 4, 1		0	0
59	59	1/2	1/2	4/4	1	1	IV		C	I		IV		IV						M	0	0	-1, 3, 0		-1	-1
60	60	0	0	4/4	1	1	IV		C	I		IV		IV						M	0	0	-1, 3, 0		-1	-1
60	60	3/8	3/8	4/4	1	1	ii6		C	I		ii6		ii		6				m	0	0	-1, 3, 2		2	-1
60	60	1/2	1/2	4/4	1	1	i64		C	I		i64		i		64				m	0	0	1, 0, -3		0	1
60	60	3/4	3/4	4/4	1	2	It6		C	I		It6	It	vii	o	6	b3	V		It	0	0	-4, 0, 6		6	-4
61	61	0	0	4/4	1	1	V\\		C	I		V		V					\\	M	0	0	1, 5, 2		1	1
61	61	1/8	1/8	4/4	1	1	IV		C	I		IV		IV						M	0	0	-1, 3, 0		-1	-1
61	61	3/8	3/8	4/4	1	1	ii6		C	I		ii6		ii		6				m	0	0	-1, 3, 2		2	-1
61	61	1/2	1/2	4/4	1	1	V(64)		C	I		V(64)		V			64			M	0	0	1, 0, 4		1	1
61	61	3/4	3/4	4/4	1	1	V		C	I		V		V						M	0	0	1, 5, 2		1	1
62	62	0	0	4/4	1	1	I\\		C	I		I		I					\\	M	0	0	0, 4, 1		0	0
62	62	1/4	1/4	4/4	1	1	I6		C	I		I6		I		6				M	0	0	4, 1, 0		0	4
62	62	1/2	1/2	4/4	1	1	I64		C	I		I64		I		64				M	0	0	1, 0, 4		0	1
62	62	5/8	5/8	4/4	1	1	I6		C	I		I6		I		6				M	0	0	4, 1, 0		0	4
62	62	15/16	15/16	4/4	1	1	#viio/vi		C	I		#viio/vi		#vii	o			vi		o	0	0	8, 5, 2		8	8
63	63	0	0	4/4	1	1	vi		C	I		vi		vi						m	0	0	3, 0, 4		3	3
63	63	1/8	1/8	4/4	1	1	I6		C	I		I6		I		6				M	0	0	4, 1, 0		0	4
63	63	1/4	1/4	4/4	1	1	IV		C	I		IV		IV						M	0	0	-1, 3, 0		-1	-1
63	63	3/8	3/8	4/4	1	1	V		C	I		V		V						M	0	0	1, 5, 2		1	1
63	63	1/2	1/2	4/4	1	1	I(72)		C	I		I(72)		I			72			M	0	0	2, 4, 1	5	0	2
63	63	3/4	3/4	4/4	1	1	I\\		C	I		I		I					\\	M	0	0	0, 4, 1		0	0
64	64	0	0	3/4	1	1	I		C	I		I		I						M	0	0	0, 4, 1		0	0
64	64	3/8	3/8	3/4	1	1	viio6		C	I		viio6		vii	o	6				o	0	0	2, -1, 5		5	2
64	64	1/2	1/2	3/4	1	1	I6		C	I		I6		I		6				M	0	0	4, 1, 0		0	4
64	64	1/4	1/4	3/4	2	1	viio6(9)		C	I		viio6(9)		vii	o	6	9			o	0	0	2, -1, 5	0	5	2
65	65	0	0	3/4	1	1	IV		C	I		IV		IV						M	0	0	-1, 3, 0		-1	-1
65	65	1/2	1/2	3/4	1	1	#viio7/ii		C	I		#viio7/ii		#vii	o	7		ii		o7	0	0	7, 4, 1, -2		7	7
66	66	0	0	3/4	1	1	ii		C	I		ii		ii						m	0	0	2, -1, 3		2	2
66	66	1/2	1/2	3/4	1	1	V2		C	I		V2		V		2				Mm7	0	0	-1, 1, 5, 2		1	-1
67	67	0	0	3/4	1	1	I(4)		C	I		I(4)		I			4			M	0	0	0, -1, 1		0	0
67	67	1/4	1/4	3/4	1	1	I6		C	I		I6		I		6				M	0	0	4, 1, 0		0	4
67	67	1/2	1/2	3/4	1	1	V6		C	I		V6		V		6				M	0	0	5, 2, 1		1	5
68	68	0	0	3/4	1	1	I		C	I		I		I						M	0	0	0, 4, 1		0	0
68	68	3/8	3/8	3/4	1	1	V2		C	I		V2		V		2				Mm7	0	0	-1, 1, 5, 2		1	-1
68	68	1/4	1/4	3/4	2	1	V.IV		C	V		IV		IV						M	0	0	-1, 3, 0		-1	-1
69	69	0	0	3/4	1	1	I(4)		C	V		I(4)		I			4			M	0	0	0, -1, 1		0	0
69	69	1/4	1/4	3/4	1	1	I6		C	V		I6		I		6				M	0	0	4, 1, 0		0	4
69	69	5/8	5/8	3/4	1	1	I6		C	V		I6		I		6				M	0	0	4, 1, 0		0	4
70	70	0	0	3/4	1	1	IV		C	V		IV		IV						M	0	0	-1, 3, 0		-1	-1
70	70	1/4	1/4	3/4	1	1	V(64)		C	V		V(64)		V			64			M	0	0	1, 0, 4		1	1
70	70	1/2	1/2	3/4	1	1	V		C	V		V		V						M	0	0	1, 5, 2		1	1
71	71	0	0	3/4	1	1	I\\		C	V		I		I					\\	M	0	0	0, 4, 1		0	0
71	71	1/4	1/4	3/4	1	1	I.V		C	I		V		V						M	0	0	1, 5, 2		1	1
72	72	0	0	3/4	1	1	I\\		C	I		I		I					\\	M	0	0	0, 4, 1		0	0
73	73	0	0	3/4	1	1	I.V6		C	I		V6		V		6				M	0	0	5, 2, 1		1	5
73	73	1/4	1/4	3/4	1	1	V		C	I		V		V						M	0	0	1, 5, 2		1	1
74	74	0	0	3/4	1	1	V		C	I		V		V						M	0	0	1, 5, 2		1	1
75	75	0	0	3/4	1	1	I6		C	I		I6		I		6				M	0	0	4, 1, 0		0	4
75	75	1/4	1/4	3/4	1	1	I6		C	I		I6		I		6				M	0	0	4, 1, 0		0	4
75	75	1/2	1/2	3/4	1	1	ii6	IV	C	I		ii6		ii		6				m	0	0	-1, 3, 2		2	-1
76	76	0	0	3/4	1	1	V		C	I		V		V						M	0	0	1, 5, 2		1	1
76	76	1/4	1/4	3/4	1	1	#viio7/vi		C	I		#viio7/vi		#vii	o	7		vi		o7	0	0	8, 5, 2, -1		8	8
76	76	1/2	1/2	3/4	1	1	vi		C	I		vi		vi						m	0	0	3, 0, 4		3	3
77	77	0	0	3/4	1	1	IV		C	I		IV		IV						M	0	0	-1, 3, 0		-1	-1
77	77	1/2	1/2	3/4	1	1	V2		C	I		V2		V		2				Mm7	0	0	-1, 1, 5, 2		1	-1
78	78	0	0	3/4	1	1	I(4)		C	I		I(4)		I			4			M	0	0	0, -1, 1		0	0
78	78	1/4	1/4	3/4	1	1	I6		C	I		I6		I		6				M	0	0	4, 1, 0		0	4
79	79	0	0	3/4	1	1	IV		C	I		IV		IV						M	0	0	-1, 3, 0		-1	-1
79	79	1/4	1/4	3/4	1	1	V(64)		C	I		V(64)		V			64			M	0	0	1, 0, 4		1	1
79	79	1/2	1/2	3/4	1	1	V		C	I		V		V						M	0	0	1, 5, 2		1	1
80	80	0	0	3/4	1	1	I\\		C	I		I		I					\\	M	0	0	0, 4, 1		0	0
81	80	0	0	3/4	1	1	I\\		C	I		I		I					\\	M	0	0	0, 4, 1		0	0
82	81	0	0	3/4	1	1	vi.i		C	vi		i		i						m	0	1	0, -3, 1		0	0
83	82	0	0	3/4	1	1	i		C	vi		i		i						m	0	1	0, -3, 1		0	0
83	82	1/2	1/2	3/4	1	1	#viio6		C	vi		#viio6		#vii	o	6				o	0	1	2, -1, 5		5	2
84	83	0	0	3/4	1	1	i6		C	vi		i6		i		6				m	0	1	-3, 1, 0		0	-3
84	83	1/2	1/2	3/4	1	1	ii6	iv	C	vi		ii6		ii		6				m	0	1	-1, 3, 2		2	-1
85	84	0	0	3/4	1	1	V(4)		C	vi		V(4)		V			4			M	0	1	1, 0, 2		1	1
85	84	1/4	1/4	3/4	1	1	V		C	vi		V		V						M	0	1	1, 5, 2		1	1
85	84	1/2	1/2	3/4	1	1	VI		C	vi		VI		VI						M	0	1	-4, 0, -3		-4	-4
86	85	0	0	3/4	1	1	V(4)		C	vi		V(4)		V			4			M	0	1	1, 0, 2		1	1
86	85	1/4	1/4	3/4	1	1	V65		C	vi		V65		V		65				Mm7	0	1	5, 2, -1, 1		1	5
86	85	1/2	1/2	3/4	1	1	i		C	vi		i		i						m	0	1	0, -3, 1		0	0
87	86	0	0	3/4	1	1	#viio(4)		C	vi		#viio(4)		#vii	o		4			o	0	1	5, -3, -1		5	5
87	86	1/4	1/4	3/4	1	1	#viio64		C	vi		#viio64		#vii	o	64				o	0	1	-1, 5, 2		5	-1
87	86	1/2	1/2	3/4	1	1	i6		C	vi		i6		i		6				m	0	1	-3, 1, 0		0	-3
88	87	0	0	3/4	1	1	#viio(2)		C	vi		#viio(2)		#vii	o		2			o	0	1	0, 2, -1		5	0
88	87	1/8	1/8	3/4	1	1	#viio7		C	vi		#viio7		#vii	o	7				o7	0	1	5, 2, -1, -4		5	5
88	87	1/2	1/2	3/4	1	1	i		C	vi		i		i						m	0	1	0, -3, 1		0	0
89	88	0	0	3/4	1	1	V(4)		C	vi		V(4)		V			4			M	0	1	1, 0, 2		1	1
89	88	1/4	1/4	3/4	1	1	V\\		C	vi		V		V					\\	M	0	1	1, 5, 2		1	1
90	89	0	0	3/4	1	1	#viio7/iv		C	vi		#viio7/iv		#vii	o	7		iv		o7	0	1	4, 1, -2, -5		4	4
91	90	0	0	3/4	1	1	#viio65/iv		C	vi		#viio65/iv		#vii	o	65		iv		o7	0	1	1, -2, -5, 4		4	1
91	90	1/2	1/2	3/4	1	1	#viio43/iv		C	vi		#viio43/iv		#vii	o	43		iv		o7	0	1	-2, -5, 4, 1		4	-2
92	91	0	0	3/4	1	1	#viio/iv		C	vi		#viio/iv		#vii	o			iv		o	0	1	4, 1, -2		4	4
92	91	1/4	1/4	3/4	1	1	V65/iv		C	vi		V65/iv		V		65		iv		Mm7	0	1	4, 1, -2, 0		0	4
92	91	1/2	1/2	3/4	1	1	#viio2/iv		C	vi		#viio2/iv		#vii	o	2		iv		o7	0	1	-5, 4, 1, -2		4	-5
93	92	1/4	1/4	3/4	1	1	iv64		C	vi		iv64		iv		64				m	0	1	0, -1, -4		-1	0
93	92	1/2	1/2	3/4	1	1	V2/iv		C	vi		V2/iv		V		2		iv		Mm7	0	1	-2, 0, 4, 1		0	-2
94	93	0	0	3/4	1	1	V2/iv		C	vi		V2/iv		V		2		iv		Mm7	0	1	-2, 0, 4, 1		0	-2
94	93	1/4	1/4	3/4	1	1	iv6		C	vi		iv6		iv		6				m	0	1	-4, 0, -1		-1	-4
95	94	0	0	3/4	1	1	V2(4)/V		C	vi		V2(4)/V		V		2	4	V		Mm7	0	1	0, 2, 1, 3		2	0
95	94	1/4	1/4	3/4	1	1	V2/V		C	vi		V2/V		V		2		V		Mm7	0	1	0, 2, 6, 3		2	0
95	94	1/2	1/2	3/4	1	1	It6		C	vi		It6	It	vii	o	6	b3	V		It	0	1	-4, 0, 6		6	-4
96	95	0	0	3/4	1	1	V6/V		C	vi		V6/V		V		6		V		M	0	1	6, 3, 2		2	6
97	96	0	0	3/4	1	1	V65		C	vi		V65		V		65				Mm7	0	1	5, 2, -1, 1		1	5
97	96	1/4	1/4	3/4	1	1	V		C	vi		V		V						M	0	1	1, 5, 2		1	1
97	96	1/2	1/2	3/4	1	1	V43		C	vi		V43		V		43				Mm7	0	1	2, -1, 1, 5		1	2
98	97	0	0	3/4	1	1	V(4)		C	vi		V(4)		V			4			M	0	1	1, 0, 2		1	1
98	97	1/4	1/4	3/4	1	1	V6		C	vi		V6		V		6				M	0	1	5, 2, 1		1	5
99	98	0	0	3/4	1	1	V64		C	vi		V64		V		64				M	0	1	2, 1, 5		1	2
99	98	1/4	1/4	3/4	1	1	V		C	vi		V		V						M	0	1	1, 5, 2		1	1
99	98	1/2	1/2	3/4	1	1	i6		C	vi		i6		i		6				m	0	1	-3, 1, 0		0	-3
99	98	3/8	3/8	3/4	2	1	V2		C	vi		V2		V		2				Mm7	0	1	-1, 1, 5, 2		1	-1
100	99	0	0	3/4	1	1	V6		C	vi		V6		V		6				M	0	1	5, 2, 1		1	5
100	99	3/8	3/8	3/4	1	1	#viio		C	vi		#viio		#vii	o					o	0	1	5, 2, -1		5	5
100	99	1/2	1/2	3/4	1	1	i(6)		C	vi		i(6)		i			6			m	0	1	0, -3, -4		0	0
100	99	5/8	5/8	3/4	1	1	i		C	vi		i		i						m	0	1	0, -3, 1		0	0
101	100	0	0	3/4	1	1	iio(4)		C	vi		iio(4)		ii	o		4			o	0	1	2, 1, -4		2	2
101	100	1/4	1/4	3/4	1	1	iio		C	vi		iio		ii	o					o	0	1	2, -1, -4		2	2
101	100	1/2	1/2	3/4	1	1	iv6		C	vi		iv6		iv		6				m	0	1	-4, 0, -1		-1	-4
102	101	0	0	3/4	1	1	iv(2)		C	vi		iv(2)		iv			2			m	0	1	1, -4, 0		-1	1
102	101	1/4	1/4	3/4	1	1	iv		C	vi		iv		iv						m	0	1	-1, -4, 0		-1	-1
103	102	0	0	3/4	1	1	#viio2		C	vi		#viio2		#vii	o	2				o7	0	1	-4, 5, 2, -1		5	-4
103	102	3/8	3/8	3/4	2	1	V		C	vi		V		V						M	0	1	1, 5, 2		1	1
103	102	1/2	1/2	3/4	2	1	V2		C	vi		V2		V		2				Mm7	0	1	-1, 1, 5, 2		1	-1
104	103	0	0	3/4	1	1	i6		C	vi		i6		i		6				m	0	1	-3, 1, 0		0	-3
104	103	1/8	1/8	3/4	1	1	iio6		C	vi		iio6		ii	o	6				o	0	1	-1, -4, 2		2	-1
104	103	1/4	1/4	3/4	1	1	V64		C	vi		V64		V		64				M	0	1	2, 1, 5		1	2
104	103	1/2	1/2	3/4	1	1	V		C	vi		V		V						M	0	1	1, 5, 2		1	1
105	104	0	0	3/4	1	1	i\\		C	vi		i		i					\\	m	0	1	0, -3, 1		0	0
106	105	0	0	3/8	1	1	I		C	vi		I		I						M	0	1	0, 4, 1		0	0
106	105	1/8	1/8	3/8	1	1	I		C	vi		I		I						M	0	1	0, 4, 1		0	0
106	105	1/4	1/4	3/8	1	1	I2		C	vi		I2		I		2				Mm7	0	1	-2, 0, 4, 1		0	-2
107	106	0	0	3/8	1	1	vi		C	vi		vi		vi						m	0	1	-4, -7, -3		-4	-4
107	106	1/8	1/8	3/8	1	1	vi		C	vi		vi		vi						m	0	1	-4, -7, -3		-4	-4
107	106	1/4	1/4	3/8	1	1	vi2		C	vi		vi2		vi		2				mm7	0	1	-6, -4, -7, -3		-4	-6
108	107	0	0	3/8	1	1	ii65		C	vi		ii65		ii		65				mm7	0	1	-1, 3, 0, 2		2	-1
108	107	1/4	1/4	3/8	1	1	V		C	vi		V		V						M	0	1	1, 5, 2		1	1
108	107	11/32	11/32	3/8	1	1	V7		C	vi		V7		V		7				Mm7	0	1	1, 5, 2, -1		1	1
109	108	0	0	3/8	1	1	I\\		C	vi		I		I					\\	M	0	1	0, 4, 1		0	0
109	108	1/8	1/8	3/8	1	1	I6		C	vi		I6		I		6				M	0	1	4, 1, 0		0	4
109	108	1/4	1/4	3/8	1	1	I6		C	vi		I6		I		6				M	0	1	4, 1, 0		0	4
110	109	0	0	3/8	1	1	ii65		C	vi		ii65		ii		65				mm7	0	1	-1, 3, 0, 2		2	-1
110	109	1/4	1/4	3/8	1	1	V		C	vi		V		V						M	0	1	1, 5, 2		1	1
110	109	11/32	11/32	3/8	1	1	V7		C	vi		V7		V		7				Mm7	0	1	1, 5, 2, -1		1	1
111	110	0	0	3/8	1	1	I\\		C	vi		I		I					\\	M	0	1	0, 4, 1		0	0
111	110	1/8	1/8	3/8	1	1	I6		C	vi		I6		I		6				M	0	1	4, 1, 0		0	4
111	110	1/4	1/4	3/8	1	1	I		C	vi		I		I						M	0	1	0, 4, 1		0	0
112	111	0	0	3/8	1	1	V7/IV		C	vi		V7/IV		V		7		IV		Mm7	0	1	0, 4, 1, -2		0	0
112	111	1/8	1/8	3/8	1	1	IV64		C	vi		IV64		IV		64				M	0	1	0, -1, 3		-1	0
112	111	1/4	1/4	3/8	1	1	IV64		C	vi		IV64		IV		64				M	0	1	0, -1, 3		-1	0
113	112	1/8	1/8	3/8	1	1	I		C	vi		I		I						M	0	1	0, 4, 1		0	0
114	113	0	0	3/8	1	1	V		C	vi		V		V						M	0	1	1, 5, 2		1	1
114	113	1/8	1/8	3/8	1	1	V6		C	vi		V6		V		6				M	0	1	5, 2, 1		1	5
114	113	1/3	1/3	3/8	1	1	V7		C	vi		V7		V		7				Mm7	0	1	1, 5, 2, -1		1	1
115	114	0	0	3/8	1	1	I\\		C	vi		I		I					\\	M	0	1	0, 4, 1		0	0
115	114	1/8	1/8	3/8	1	1	I6		C	vi		I6		I		6				M	0	1	4, 1, 0		0	4
115	114	1/4	1/4	3/8	1	1	V7/IV		C	vi		V7/IV		V		7		IV		Mm7	0	1	0, 4, 1, -2		0	0
116	115	0	0	3/8	1	1	IV(4)		C	vi		IV(4)		IV			4			M	0	1	-1, -2, 0		-1	-1
116	115	1/6	1/6	3/8	1	1	IV		C	vi		IV		IV						M	0	1	-1, 3, 0		-1	-1
117	116	0	0	3/8	1	1	I(6)		C	vi		I(6)		I			6			M	0	1	0, 4, -4		0	0
117	116	1/6	1/6	3/8	1	1	I6		C	vi		I6		I		6				M	0	1	4, 1, 0		0	4
117	116	1/4	1/4	3/8	1	1	I		C	vi		I		I						M	0	1	0, 4, 1		0	0
118	117	0	0	3/8	1	1	V		C	vi		V		V						M	0	1	1, 5, 2		1	1
118	117	1/8	1/8	3/8	1	1	V6		C	vi		V6		V		6				M	0	1	5, 2, 1		1	5
118	117	1/3	1/3	3/8	1	1	V7		C	vi		V7		V		7				Mm7	0	1	1, 5, 2, -1		1	1
119	118	0	0	3/8	1	1	I		C	vi		I		I						M	0	1	0, 4, 1		0	0
119	118	1/8	1/8	3/8	1	1	I\\		C	vi		I		I					\\	M	0	1	0, 4, 1		0	0
119	118	1/4	1/4	3/8	1	1	I		C	vi		I		I						M	0	1	0, 4, 1		0	0
120	119	0	0	3/8	1	1	V.IV		C	V		IV		IV						M	0	0	-1, 3, 0		-1	-1
121	120	0	0	3/8	1	1	ii		C	V		ii		ii						m	0	0	2, -1, 3		2	2
122	121	0	0	3/4	1	1	ii65		C	V		ii65		ii		65				mm7	0	0	-1, 3, 0, 2		2	-1
122	121	1/2	1/2	3/4	1	1	vi(4)\\		C	V		vi(4)		vi			4		\\	m	0	0	3, 2, 4		3	3
122	121	1/4	1/4	3/4	2	1	V(4)		C	V		V(4)		V			4			M	0	0	1, 0, 2		1	1
123	122	0	0	3/8	1	1	V64		C	V		V64		V		64				M	0	0	2, 1, 5		1	2
123	122	1/4	1/4	3/8	1	1	vii%7/V		C	V		vii%7/V		vii	%	7		V		%7	0	0	6, 3, 0, 4		6	6
124	123	0	0	3/8	1	1	V64		C	V		V64		V		64				M	0	0	2, 1, 5		1	2
124	123	1/8	1/8	3/8	1	1	V\\		C	V		V		V					\\	M	0	0	1, 5, 2		1	1
125	124	0	0	3/8	1	1	V		C	V		V		V						M	0	0	1, 5, 2		1	1
125	124	3/16	3/16	3/8	1	1	V7(9)		C	V		V7(9)		V		7	9			Mm7	0	0	1, 5, 2, -1	3	1	1
125	124	5/16	5/16	3/8	1	1	V7		C	V		V7		V		7				Mm7	0	0	1, 5, 2, -1		1	1
126	125	0	0	3/8	1	1	I\\		C	V		I		I					\\	M	0	0	0, 4, 1		0	0
127	126	0	0	3/8	1	1	V		C	V		V		V						M	0	0	1, 5, 2		1	1
127	126	3/16	3/16	3/8	1	1	V7(9)		C	V		V7(9)		V		7	9			Mm7	0	0	1, 5, 2, -1	3	1	1
127	126	5/16	5/16	3/8	1	1	V7		C	V		V7		V		7				Mm7	0	0	1, 5, 2, -1		1	1
128	127	0	0	3/8	1	1	I\\		C	V		I		I					\\	M	0	0	0, 4, 1		0	0
129	128	0	0	3/8	1	1	V[V		C	V	V	V		V						M	0	0	1, 5, 2		1	1
129	128	3/16	3/16	3/8	1	1	I		C	V	V	I		I						M	0	0	0, 4, 1		0	0
129	128	5/16	5/16	3/8	1	1	V/V		C	V	V	V/V		V				V		M	0	0	2, 6, 3		2	2
130	129	0	0	3/8	1	1	V		C	V	V	V		V						M	0	0	1, 5, 2		1	1
130	129	3/16	3/16	3/8	1	1	I		C	V	V	I		I						M	0	0	0, 4, 1		0	0
130	129	5/16	5/16	3/8	1	1	V/V		C	V	V	V/V		V				V		M	0	0	2, 6, 3		2	2
131	130	0	0	3/8	1	1	V]		C	V	V	V		V						M	0	0	1, 5, 2		1	1
131	130	3/16	3/16	3/8	1	1	vi2		C	V		vi2		vi		2				mm7	0	0	1, 3, 0, 4		3	1
131	130	1/4	1/4	3/8	1	1	V2		C	V		V2		V		2				Mm7	0	0	-1, 1, 5, 2		1	-1
132	131	0	0	3/8	1	1	i6\\		C	V		i6		i		6			\\	m	0	0	-3, 1, 0		0	-3
133	132	0	0	3/8	1	1	i6		C	V		i6		i		6				m	0	0	-3, 1, 0		0	-3
133	132	1/8	1/8	3/8	1	1	V2		C	V		V2		V		2				Mm7	0	0	-1, 1, 5, 2		1	-1
133	132	1/4	1/4	3/8	1	1	viio43/V		C	V		viio43/V		vii	o	43		V		o7	0	0	0, -3, 6, 3		6	0
134	133	0	0	3/8	1	1	V6\\		C	V		V6		V		6			\\	M	0	0	5, 2, 1		1	5
135	134	0	0	3/8	1	1	i6		C	V		i6		i		6				m	0	0	-3, 1, 0		0	-3
135	134	1/8	1/8	3/8	1	1	V2		C	V		V2		V		2				Mm7	0	0	-1, 1, 5, 2		1	-1
135	134	1/4	1/4	3/8	2	1	viio43/V		C	V		viio43/V		vii	o	43		V		o7	0	0	0, -3, 6, 3		6	0
136	135	0	0	3/8	1	1	V6\\		C	V		V6		V		6			\\	M	0	0	5, 2, 1		1	5
137	136	0	0	3/8	1	1	I		C	V		I		I						M	0	0	0, 4, 1		0	0
137	136	1/8	1/8	3/8	1	1	IV6		C	V		IV6		IV		6				M	0	0	3, 0, -1		-1	3
137	136	1/4	1/4	3/8	1	1	I6		C	V		I6		I		6				M	0	0	4, 1, 0		0	4
138	137	0	0	3/8	1	1	IV		C	V		IV		IV						M	0	0	-1, 3, 0		-1	-1
138	137	1/8	1/8	3/8	1	1	viio6		C	V		viio6		vii	o	6				o	0	0	2, -1, 5		5	2
138	137	1/4	1/4	3/8	1	1	I6		C	V		I6		I		6				M	0	0	4, 1, 0		0	4
139	138	0	0	3/8	1	1	IV6		C	V		IV6		IV		6				M	0	0	3, 0, -1		-1	3
139	138	1/4	1/4	3/8	1	1	viio		C	V		viio		vii	o					o	0	0	5, 2, -1		5	5
140	139	0	0	3/8	1	1	I\\		C	V		I		I					\\	M	0	0	0, 4, 1		0	0
140	139	1/8	1/8	3/8	1	1	ii65		C	V		ii65		ii		65				mm7	0	0	-1, 3, 0, 2		2	-1
140	139	1/4	1/4	3/8	1	1	V		C	V		V		V						M	0	0	1, 5, 2		1	1
141	140	0	0	3/8	1	1	vi\\		C	V		vi		vi					\\	m	0	0	3, 0, 4		3	3
141	140	1/8	1/8	3/8	1	1	ii6		C	V		ii6		ii		6				m	0	0	-1, 3, 2		2	-1
141	140	1/4	1/4	3/8	1	1	V		C	V		V		V						M	0	0	1, 5, 2		1	1
142	141	0	0	3/8	1	1	I\\		C	V		I		I					\\	M	0	0	0, 4, 1		0	0
143	142	0	0	3/8	1	1	I		C	V		I		I						M	0	0	0, 4, 1		0	0
143	142	1/8	1/8	3/8	1	1	I		C	V		I		I						M	0	0	0, 4, 1		0	0
143	142	1/4	1/4	3/8	1	1	I2		C	V		I2		I		2				Mm7	0	0	-2, 0, 4, 1		0	-2
144	143	0	0	3/8	1	1	vi		C	V		vi		vi						m	0	0	3, 0, 4		3	3
144	143	1/4	1/4	3/8	1	1	vi2		C	V		vi2		vi		2				mm7	0	0	1, 3, 0, 4		3	1
145	144	0	0	3/8	1	1	ii65		C	V		ii65		ii		65				mm7	0	0	-1, 3, 0, 2		2	-1
145	144	1/4	1/4	3/8	1	1	V		C	V		V		V						M	0	0	1, 5, 2		1	1
145	144	11/32	11/32	3/8	1	1	V7		C	V		V7		V		7				Mm7	0	0	1, 5, 2, -1		1	1
146	145	0	0	3/8	1	1	I\\		C	V		I		I					\\	M	0	0	0, 4, 1		0	0
146	145	1/8	1/8	3/8	1	1	I6		C	V		I6		I		6				M	0	0	4, 1, 0		0	4
146	145	1/4	1/4	3/8	1	1	I6		C	V		I6		I		6				M	0	0	4, 1, 0		0	4
147	146	0	0	3/8	1	1	ii65		C	V		ii65		ii		65				mm7	0	0	-1, 3, 0, 2		2	-1
147	146	1/4	1/4	3/8	1	1	V		C	V		V		V						M	0	0	1, 5, 2		1	1
147	146	11/32	11/32	3/8	1	1	V7		C	V		V7		V		7				Mm7	0	0	1, 5, 2, -1		1	1
148	147	0	0	3/8	1	1	I\\		C	V		I		I					\\	M	0	0	0, 4, 1		0	0
148	147	3/16	3/16	3/8	2	1	I.V2		C	I		V2		V		2				Mm7	0	0	-1, 1, 5, 2		1	-1
148	147	5/16	5/16	3/8	2	1	V43		C	I		V43		V		43				Mm7	0	0	2, -1, 1, 5		1	2
149	148	0	0	3/8	1	1	I		C	I		I		I						M	0	0	0, 4, 1		0	0
149	148	1/4	1/4	3/8	1	1	I2		C	I		I2		I		2				Mm7	0	0	-2, 0, 4, 1		0	-2
150	149	0	0	3/8	1	1	vi		C	I		vi		vi						m	0	0	3, 0, 4		3	3
150	149	1/4	1/4	3/8	1	1	vi2		C	I		vi2		vi		2				mm7	0	0	1, 3, 0, 4		3	1
151	150	0	0	3/8	1	1	ii65		C	I		ii65		ii		65				mm7	0	0	-1, 3, 0, 2		2	-1
151	150	1/4	1/4	3/8	1	1	V		C	I		V		V						M	0	0	1, 5, 2		1	1
151	150	11/32	11/32	3/8	1	1	V7		C	I		V7		V		7				Mm7	0	0	1, 5, 2, -1		1	1
152	151	0	0	3/8	1	1	I\\		C	I		I		I					\\	M	0	0	0, 4, 1		0	0
152	151	1/8	1/8	3/8	1	1	I6		C	I		I6		I		6				M	0	0	4, 1, 0		0	4
152	151	1/4	1/4	3/8	1	1	I6		C	I		I6		I		6				M	0	0	4, 1, 0		0	4
153	152	0	0	3/8	1	1	ii65		C	I		ii65		ii		65				mm7	0	0	-1, 3, 0, 2		2	-1
153	152	1/4	1/4	3/8	1	1	V		C	I		V		V						M	0	0	1, 5, 2		1	1
153	152	11/32	11/32	3/8	1	1	V7		C	I		V7		V		7				Mm7	0	0	1, 5, 2, -1		1	1
154	153	0	0	3/8	1	1	I(4)		C	I		I(4)		I			4			M	0	0	0, -1, 1		0	0
154	153	1/8	1/8	3/8	1	1	iio6/ii		C	I		iio6/ii		ii	o	6		ii		o	0	0	1, -2, 4		4	1
155	154	0	0	3/8	1	1	V/ii		C	I		V/ii		V				ii		M	0	0	3, 7, 4		3	3
155	154	1/8	1/8	3/8	1	1	#viio43/ii		C	I		#viio43/ii		#vii	o	43		ii		o7	0	0	1, -2, 7, 4		7	1
155	154	1/4	1/4	3/8	1	1	ii6(#7)		C	I		ii6(#7)		ii		6	#7			m	0	0	-1, 3, 7		2	-1
156	155	1/8	1/8	3/8	1	1	ii6		C	I		ii6		ii		6				m	0	0	-1, 3, 2		2	-1
157	156	0	0	3/8	1	1	iv		C	I		iv		iv						m	0	0	-1, -4, 0		-1	-1
158	157	0	0	3/8	1	1	V2		C	I		V2		V		2				Mm7	0	0	-1, 1, 5, 2		1	-1
158	157	1/8	1/8	3/8	1	1	I6		C	I		I6		I		6				M	0	0	4, 1, 0		0	4
158	157	1/3	1/3	3/8	1	1	V65/IV		C	I		V65/IV		V		65		IV		Mm7	0	0	4, 1, -2, 0		0	4
159	158	0	0	3/8	1	1	IV2(4)		C	I		IV2(4)		IV		2	4			Mm7	0	0	-3, -1, 5, 0		-1	-3
159	158	1/24	1/24	3/8	1	1	IV2		C	I		IV2		IV		2				Mm7	0	0	-3, -1, 3, 0		-1	-3
159	158	1/8	1/8	3/8	1	1	viio6		C	I		viio6		vii	o	6				o	0	0	2, -1, 5		5	2
160	159	0	0	3/8	1	1	#viio/vi		C	I		#viio/vi		#vii	o			vi		o	0	0	8, 5, 2		8	8
160	159	1/8	1/8	3/8	1	1	#viio43/vi		C	I		#viio43/vi		#vii	o	43		vi		o7	0	0	2, -1, 8, 5		8	2
161	160	0	0	3/8	1	1	vi		C	I		vi		vi						m	0	0	3, 0, 4		3	3
161	160	1/8	1/8	3/8	1	1	vi6		C	I		vi6		vi		6				m	0	0	0, 4, 3		3	0
161	160	1/4	1/4	3/8	1	1	#viio6/vi		C	I		#viio6/vi		#vii	o	6		vi		o	0	0	5, 2, 8		8	5
162	161	0	0	3/8	1	1	#viio7/iii		C	I		#viio7/iii		#vii	o	7		iii		o7	0	0	9, 6, 3, 0		9	9
162	161	1/8	1/8	3/8	1	1	#viio43/iii		C	I		#viio43/iii		#vii	o	43		iii		o7	0	0	3, 0, 9, 6		9	3
163	162	0	0	3/8	1	1	V/vi		C	I		V/vi		V				vi		M	0	0	4, 8, 5		4	4
163	162	1/8	1/8	3/8	1	1	V6/vi		C	I		V6/vi		V		6		vi		M	0	0	8, 5, 4		4	8
163	162	1/4	1/4	3/8	1	1	#viio6/iii		C	I		#viio6/iii		#vii	o	6		iii		o	0	0	6, 3, 9		9	6
164	163	0	0	3/8	1	1	V/vi		C	I		V/vi		V				vi		M	0	0	4, 8, 5		4	4
164	163	1/8	1/8	3/8	1	1	V7/vi		C	I		V7/vi		V		7		vi		Mm7	0	0	4, 8, 5, 2		4	4
164	163	1/4	1/4	3/8	1	1	V2/vi		C	I		V2/vi		V		2		vi		Mm7	0	0	2, 4, 8, 5		4	2
165	164	0	0	3/8	1	1	vi6		C	I		vi6		vi		6				m	0	0	0, 4, 3		3	0
165	164	5/16	5/16	3/8	2	1	iio6(4)/vi		C	I		iio6(4)/vi		ii	o	6	4	vi		o	0	0	4, -1, 5		5	4
166	165	0	0	3/8	1	1	V(64)/vi		C	I		V(64)/vi		V			64	vi		M	0	0	4, 3, 0		4	4
166	165	1/8	1/8	3/8	1	1	I6		C	I		I6		I		6				M	0	0	4, 1, 0		0	4
166	165	1/4	1/4	3/8	1	1	ii(7)		C	I		ii(7)		ii			7			m	0	0	2, -1, 3	0	2	2
166	165	5/16	5/16	3/8	1	1	.bII/vi		C	I		bII/vi		bII				vi		M	0	0	-2, 2, -1		-2	-2
167	166	0	0	3/8	1	1	#viio7/ii		C	I		#viio7/ii		#vii	o	7		ii		o7	0	0	7, 4, 1, -2		7	7
167	166	3/16	3/16	3/8	1	1	V6/ii		C	I		V6/ii		V		6		ii		M	0	0	7, 4, 3		3	7
167	166	1/4	1/4	3/8	1	1	V/ii		C	I		V/ii		V				ii		M	0	0	3, 7, 4		3	3
167	166	5/16	5/16	3/8	1	1	V7/ii		C	I		V7/ii		V		7		ii		Mm7	0	0	3, 7, 4, 1		3	3
168	167	0	0	3/8	1	1	ii(4)		C	I		ii(4)		ii			4			m	0	0	2, 1, 3		2	2
168	167	1/4	1/4	3/8	1	1	ii2		C	I		ii2		ii		2				mm7	0	0	0, 2, -1, 3		2	0
168	167	5/16	5/16	3/8	1	1	iio2		C	I		iio2		ii	o	2				o7	0	0	-7, 2, -1, -4		2	-7
169	168	0	0	3/8	1	1	viio7		C	I		viio7		vii	o	7				o7	0	0	5, 2, -1, -4		5	5
169	168	3/16	3/16	3/8	1	1	V6		C	I		V6		V		6				M	0	0	5, 2, 1		1	5
169	168	1/4	1/4	3/8	1	1	V		C	I		V		V						M	0	0	1, 5, 2		1	1
169	168	5/16	5/16	3/8	1	1	V7		C	I		V7		V		7				Mm7	0	0	1, 5, 2, -1		1	1
170	169	0	0	3/8	1	1	V(64)		C	I		V(64)		V			64			M	0	0	1, 0, 4		1	1
170	169	1/8	1/8	3/8	1	1	V\\		C	I		V		V					\\	M	0	0	1, 5, 2		1	1
170	169	1/4	1/4	3/8	1	1	V2		C	I		V2		V		2				Mm7	0	0	-1, 1, 5, 2		1	-1
171	170	0	0	3/8	1	1	I6		C	I		I6		I		6				M	0	0	4, 1, 0		0	4
171	170	1/16	1/16	3/8	1	1	iii		C	I		iii		iii						m	0	0	4, 1, 5		4	4
171	170	3/16	3/16	3/8	1	1	I6		C	I		I6		I		6				M	0	0	4, 1, 0		0	4
171	170	5/16	5/16	3/8	1	1	I+6		C	I		I+6		I	+	6				+	0	0	4, 8, 0		0	4
172	171	0	0	3/8	1	1	IV(#2)		C	I		IV(#2)		IV			#2			M	0	0	-1, 8, 0		-1	-1
172	171	1/8	1/8	3/8	1	1	IV		C	I		IV		IV						M	0	0	-1, 3, 0		-1	-1
172	171	3/16	3/16	3/8	1	1	IV+		C	I		IV+		IV	+					+	0	0	-1, 3, 7		-1	-1
172	171	1/4	1/4	3/8	1	1	V6/V		C	I		V6/V		V		6		V		M	0	0	6, 3, 2		2	6
172	171	5/16	5/16	3/8	1	1	V+6/V		C	I		V+6/V		V	+	6		V		+	0	0	6, 10, 2		2	6
173	172	0	0	3/8	1	1	V		C	I		V		V						M	0	0	1, 5, 2		1	1
173	172	1/16	1/16	3/8	1	1	V+		C	I		V+		V	+					+	0	0	1, 5, 9		1	1
173	172	3/16	3/16	3/8	1	1	iii6		C	I		iii6		iii		6				m	0	0	1, 5, 4		4	1
173	172	1/4	1/4	3/8	1	1	V6/vi		C	I		V6/vi		V		6		vi		M	0	0	8, 5, 4		4	8
174	173	0	0	3/8	1	1	vi(9)		C	I		vi(9)		vi			9			m	0	0	3, 0, 4	5	3	3
174	173	1/8	1/8	3/8	1	1	vi		C	I		vi		vi						m	0	0	3, 0, 4		3	3
174	173	1/4	1/4	3/8	1	1	IV6		C	I		IV6		IV		6				M	0	0	3, 0, -1		-1	3
174	173	5/16	5/16	3/8	1	1	IV+6		C	I		IV+6		IV	+	6				+	0	0	3, 7, -1		-1	3
175	174	0	0	3/8	1	1	viio(#2)		C	I		viio(#2)		vii	o		#2			o	0	0	5, 7, -1		5	5
175	174	1/8	1/8	3/8	1	1	viio		C	I		viio		vii	o					o	0	0	5, 2, -1		5	5
175	174	3/16	3/16	3/8	1	1	vii		C	I		vii		vii						m	0	0	5, 2, 6		5	5
175	174	1/4	1/4	3/8	1	1	V6		C	I		V6		V		6				M	0	0	5, 2, 1		1	5
176	175	0	0	3/8	1	1	i		C	I		i		i						m	0	0	0, -3, 1		0	0
176	175	1/8	1/8	3/8	1	1	V6\\		C	I		V6		V		6			\\	M	0	0	5, 2, 1		1	5
177	176	0	0	3/8	1	1	i		C	I		i		i						m	0	0	0, -3, 1		0	0
177	176	1/8	1/8	3/8	1	1	V6\\		C	I		V6		V		6			\\	M	0	0	5, 2, 1		1	5
178	177	0	0	3/8	1	1	I		C	I		I		I						M	0	0	0, 4, 1		0	0
178	177	1/8	1/8	3/8	1	1	I		C	I		I		I						M	0	0	0, 4, 1		0	0
178	177	1/4	1/4	3/8	1	1	I2		C	I		I2		I		2				Mm7	0	0	-2, 0, 4, 1		0	-2
179	178	0	0	3/8	1	1	vi		C	I		vi		vi						m	0	0	3, 0, 4		3	3
179	178	1/8	1/8	3/8	1	1	vi		C	I		vi		vi						m	0	0	3, 0, 4		3	3
179	178	1/4	1/4	3/8	1	1	vi2		C	I		vi2		vi		2				mm7	0	0	1, 3, 0, 4		3	1
180	179	0	0	3/8	1	1	ii65		C	I		ii65		ii		65				mm7	0	0	-1, 3, 0, 2		2	-1
180	179	1/4	1/4	3/8	1	1	V		C	I		V		V						M	0	0	1, 5, 2		1	1
180	179	11/32	11/32	3/8	1	1	V7		C	I		V7		V		7				Mm7	0	0	1, 5, 2, -1		1	1
181	180	0	0	3/8	1	1	I\\		C	I		I		I					\\	M	0	0	0, 4, 1		0	0
181	180	1/8	1/8	3/8	1	1	I6		C	I		I6		I		6				M	0	0	4, 1, 0		0	4
181	180	1/4	1/4	3/8	1	1	I6		C	I		I6		I		6				M	0	0	4, 1, 0		0	4
182	181	0	0	3/8	1	1	ii65		C	I		ii65		ii		65				mm7	0	0	-1, 3, 0, 2		2	-1
182	181	1/4	1/4	3/8	1	1	V		C	I		V		V						M	0	0	1, 5, 2		1	1
182	181	11/32	11/32	3/8	1	1	V7		C	I		V7		V		7				Mm7	0	0	1, 5, 2, -1		1	1
183	182	0	0	3/8	1	1	I\\		C	I		I		I					\\	M	0	0	0, 4, 1		0	0
183	182	1/8	1/8	3/8	1	1	I		C	I		I		I						M	0	0	0, 4, 1		0	0
183	182	3/16	3/16	3/8	2	1	V2/IV		C	I		V2/IV		V		2		IV		Mm7	0	0	-2, 0, 4, 1		0	-2
183	182	5/16	5/16	3/8	2	1	V43/IV		C	I		V43/IV		V		43		IV		Mm7	0	0	1, -2, 0, 4		0	1
184	183	0	0	3/8	2	1	IV		C	I		IV		IV						M	0	0	-1, 3, 0		-1	-1
185	184	0	0	3/8	1	1	ii		C	I		ii		ii						m	0	0	2, -1, 3		2	2
186	185	0	0	3/4	1	1	ii65		C	I		ii65		ii		65				mm7	0	0	-1, 3, 0, 2		2	-1
186	185	1/4	1/4	3/4	1	1	V(4)		C	I		V(4)		V			4			M	0	0	1, 0, 2		1	1
186	185	1/2	1/2	3/4	1	1	VI(4)\\		C	I		VI(4)		VI			4		\\	M	0	0	3, 2, 4		3	3
187	186	0	0	3/8	1	1	V(64)		C	I		V(64)		V			64			M	0	0	1, 0, 4		1	1
187	186	1/4	1/4	3/8	1	1	vii%7/V		C	I		vii%7/V		vii	%	7		V		%7	0	0	6, 3, 0, 4		6	6
188	187	0	0	3/8	1	1	V(64)		C	I		V(64)		V			64			M	0	0	1, 0, 4		1	1
188	187	1/8	1/8	3/8	1	1	V\\		C	I		V		V					\\	M	0	0	1, 5, 2		1	1
189	188	0	0	3/8	1	1	V		C	I		V		V						M	0	0	1, 5, 2		1	1
189	188	3/16	3/16	3/8	1	1	V7(9)		C	I		V7(9)		V		7	9			Mm7	0	0	1, 5, 2, -1	3	1	1
189	188	5/16	5/16	3/8	1	1	V7		C	I		V7		V		7				Mm7	0	0	1, 5, 2, -1		1	1
190	189	0	0	3/8	1	1	I\\		C	I		I		I					\\	M	0	0	0, 4, 1		0	0
191	190	0	0	3/8	1	1	V		C	I		V		V						M	0	0	1, 5, 2		1	1
191	190	3/16	3/16	3/8	1	1	V7(9)		C	I		V7(9)		V		7	9			Mm7	0	0	1, 5, 2, -1	3	1	1
191	190	5/16	5/16	3/8	1	1	V7		C	I		V7		V		7				Mm7	0	0	1, 5, 2, -1		1	1
192	191	0	0	3/8	1	1	I\\		C	I		I		I					\\	M	0	0	0, 4, 1		0	0
193	192	0	0	3/8	1	1	V[V		C	I	V	V		V						M	0	0	1, 5, 2		1	1
193	192	3/16	3/16	3/8	1	1	I		C	I	V	I		I						M	0	0	0, 4, 1		0	0
193	192	5/16	5/16	3/8	1	1	V/V		C	I	V	V/V		V				V		M	0	0	2, 6, 3		2	2
194	193	0	0	3/8	1	1	V		C	I	V	V		V						M	0	0	1, 5, 2		1	1
194	193	3/16	3/16	3/8	1	1	I		C	I	V	I		I						M	0	0	0, 4, 1		0	0
194	193	5/16	5/16	3/8	1	1	V/V		C	I	V	V/V		V				V		M	0	0	2, 6, 3		2	2
195	194	0	0	3/8	1	1	V]		C	I	V	V		V						M	0	0	1, 5, 2		1	1
195	194	3/16	3/16	3/8	1	1	IV		C	I		IV		IV						M	0	0	-1, 3, 0		-1	-1
195	194	5/16	5/16	3/8	1	1	V2		C	I		V2		V		2				Mm7	0	0	-1, 1, 5, 2		1	-1
196	195	0	0	3/8	1	1	i6\\		C	I		i6		i		6			\\	m	0	0	-3, 1, 0		0	-3
197	196	0	0	3/8	1	1	i		C	I		i		i						m	0	0	0, -3, 1		0	0
197	196	1/8	1/8	3/8	1	1	viio43/V		C	I		viio43/V		vii	o	43		V		o7	0	0	0, -3, 6, 3		6	0
198	197	0	0	3/8	1	1	V6\\		C	I		V6		V		6			\\	M	0	0	5, 2, 1		1	5
199	198	0	0	3/8	1	1	i		C	I		i		i						m	0	0	0, -3, 1		0	0
199	198	1/8	1/8	3/8	1	1	viio43/V		C	I		viio43/V		vii	o	43		V		o7	0	0	0, -3, 6, 3		6	0
200	199	0	0	3/8	1	1	V6\\		C	I		V6		V		6			\\	M	0	0	5, 2, 1		1	5
201	200	0	0	3/8	1	1	I		C	I		I		I						M	0	0	0, 4, 1		0	0
201	200	1/8	1/8	3/8	1	1	IV6		C	I		IV6		IV		6				M	0	0	3, 0, -1		-1	3
201	200	1/4	1/4	3/8	1	1	I6		C	I		I6		I		6				M	0	0	4, 1, 0		0	4
202	201	0	0	3/8	1	1	IV		C	I		IV		IV						M	0	0	-1, 3, 0		-1	-1
202	201	1/8	1/8	3/8	1	1	viio6		C	I		viio6		vii	o	6				o	0	0	2, -1, 5		5	2
202	201	1/4	1/4	3/8	1	1	I6		C	I		I6		I		6				M	0	0	4, 1, 0		0	4
203	202	0	0	3/8	1	1	IV6		C	I		IV6		IV		6				M	0	0	3, 0, -1		-1	3
203	202	1/4	1/4	3/8	1	1	viio		C	I		viio		vii	o					o	0	0	5, 2, -1		5	5
204	203	0	0	3/8	1	1	I\\		C	I		I		I					\\	M	0	0	0, 4, 1		0	0
204	203	1/8	1/8	3/8	1	1	ii65		C	I		ii65		ii		65				mm7	0	0	-1, 3, 0, 2		2	-1
204	203	1/4	1/4	3/8	1	1	V		C	I		V		V						M	0	0	1, 5, 2		1	1
205	204	0	0	3/8	1	1	vi\\		C	I		vi		vi					\\	m	0	0	3, 0, 4		3	3
205	204	1/8	1/8	3/8	1	1	ii65		C	I		ii65		ii		65				mm7	0	0	-1, 3, 0, 2		2	-1
205	204	1/4	1/4	3/8	1	1	V		C	I		V		V						M	0	0	1, 5, 2		1	1
206	205	0	0	3/8	1	1	I\\		C	I		I		I					\\	M	0	0	0, 4, 1		0	0
