mc	mn	keysig	timesig	act_dur	mc_offset	volta	numbering_offset	dont_count	barline	breaks	repeats	next
1	1	0	4/4	1	0						firstMeasure	2
2	2	0	4/4	1	0							3
3	3	0	4/4	1	0					line		4
4	4	0	4/4	1	0							5
5	5	0	4/4	1	0							6
6	6	0	4/4	1	0							7
7	7	0	4/4	1	0					line		8
8	8	0	4/4	1	0							9
9	9	0	4/4	1	0							10
10	10	0	4/4	1	0							11
11	11	0	4/4	1	0					line		12
12	12	0	4/4	1	0							13
13	13	0	4/4	1	0							14
14	14	0	4/4	1	0							15
15	15	0	4/4	1	0					line		16
16	16	0	4/4	1	0							17
17	17	0	4/4	1	0							18
18	18	0	4/4	1	0							19
19	19	0	4/4	1	0					line		20
20	20	0	4/4	1	0							21
21	21	0	4/4	1	0							22
22	22	0	4/4	1	0							23
23	23	0	4/4	1	0					line	end	1, 24
24	24	0	4/4	1	0				start-repeat		start	25
25	25	0	4/4	1	0							26
26	26	0	4/4	1	0					line		27
27	27	0	4/4	1	0							28
28	28	0	4/4	1	0							29
29	29	0	4/4	1	0					line		30
30	30	0	4/4	1	0							31
31	31	0	4/4	1	0							32
32	32	0	4/4	1	0							33
33	33	0	4/4	1	0					line		34
34	34	0	4/4	1	0							35
35	35	0	4/4	1	0							36
36	36	0	4/4	1	0					line		37
37	37	0	4/4	1	0							38
38	38	0	4/4	1	0							39
39	39	0	4/4	1	0					line		40
40	40	0	4/4	1	0							41
41	41	0	4/4	1	0							42
42	42	0	4/4	1	0					line		43
43	43	0	4/4	1	0							44
44	44	0	4/4	1	0							45
45	45	0	4/4	1	0					line		46
46	46	0	4/4	1	0							47
47	47	0	4/4	1	0							48
48	48	0	4/4	1	0					line		49
49	49	0	4/4	1	0							50
50	50	0	4/4	1	0							51
51	51	0	4/4	1	0					line		52
52	52	0	4/4	1	0							53
53	53	0	4/4	1	0							54
54	54	0	4/4	1	0							55
55	55	0	4/4	1	0					line		56
56	56	0	4/4	1	0							57
57	57	0	4/4	1	0							58
58	58	0	4/4	1	0							59
59	59	0	4/4	1	0					line		60
60	60	0	4/4	1	0							61
61	61	0	4/4	1	0							62
62	62	0	4/4	1	0							63
63	63	0	4/4	1	0					line	end	24, 64
64	64	0	3/4	3/4	0				start-repeat		start	65
65	65	0	3/4	3/4	0							66
66	66	0	3/4	3/4	0							67
67	67	0	3/4	3/4	0							68
68	68	0	3/4	3/4	0							69
69	69	0	3/4	3/4	0					line		70
70	70	0	3/4	3/4	0							71, 72
71	71	0	3/4	3/4	0	1					end	64
72	72	0	3/4	3/4	0	2			double			73
73	73	0	3/4	3/4	0	2						74
74	74	0	3/4	3/4	0							75
75	75	0	3/4	3/4	0					line		76
76	76	0	3/4	3/4	0							77
77	77	0	3/4	3/4	0							78
78	78	0	3/4	3/4	0							79
79	79	0	3/4	3/4	0							80, 81
80	80	0	3/4	3/4	0	1					end	81
81	80	0	3/4	3/4	0	2		1	end	line		82
82	81	0	3/4	3/4	0							83
83	82	0	3/4	3/4	0							84
84	83	0	3/4	3/4	0							85
85	84	0	3/4	3/4	0							86
86	85	0	3/4	3/4	0							87
87	86	0	3/4	3/4	0							88
88	87	0	3/4	3/4	0							89
89	88	0	3/4	3/4	0					line	end	90
90	89	0	3/4	3/4	0				start-repeat		start	91
91	90	0	3/4	3/4	0							92
92	91	0	3/4	3/4	0							93
93	92	0	3/4	3/4	0							94
94	93	0	3/4	3/4	0							95
95	94	0	3/4	3/4	0							96
96	95	0	3/4	3/4	0							97
97	96	0	3/4	3/4	0					line		98
98	97	0	3/4	3/4	0							99
99	98	0	3/4	3/4	0							100
100	99	0	3/4	3/4	0							101
101	100	0	3/4	3/4	0							102
102	101	0	3/4	3/4	0							103
103	102	0	3/4	3/4	0							104
104	103	0	3/4	3/4	0							105
105	104	0	3/4	3/4	0					line	end	90, 106
106	105	0	3/8	3/8	0							107
107	106	0	3/8	3/8	0							108
108	107	0	3/8	3/8	0							109
109	108	0	3/8	3/8	0							110
110	109	0	3/8	3/8	0							111
111	110	0	3/8	3/8	0					line		112
112	111	0	3/8	3/8	0							113
113	112	0	3/8	3/8	0							114
114	113	0	3/8	3/8	0							115
115	114	0	3/8	3/8	0							116
116	115	0	3/8	3/8	0							117
117	116	0	3/8	3/8	0							118
118	117	0	3/8	3/8	0					line		119
119	118	0	3/8	3/8	0							120
120	119	0	3/8	3/8	0							121
121	120	0	3/8	3/8	0							122
122	121	0	3/4	3/4	0							123
123	122	0	3/8	3/8	0							124
124	123	0	3/8	3/8	0							125
125	124	0	3/8	3/8	0					line		126
126	125	0	3/8	3/8	0							127
127	126	0	3/8	3/8	0							128
128	127	0	3/8	3/8	0							129
129	128	0	3/8	3/8	0							130
130	129	0	3/8	3/8	0							131
131	130	0	3/8	3/8	0					line		132
132	131	0	3/8	3/8	0							133
133	132	0	3/8	3/8	0							134
134	133	0	3/8	3/8	0							135
135	134	0	3/8	3/8	0							136
136	135	0	3/8	3/8	0					line		137
137	136	0	3/8	3/8	0							138
138	137	0	3/8	3/8	0							139
139	138	0	3/8	3/8	0							140
140	139	0	3/8	3/8	0							141
141	140	0	3/8	3/8	0							142
142	141	0	3/8	3/8	0					line	end	106, 143
143	142	0	3/8	3/8	0							144
144	143	0	3/8	3/8	0							145
145	144	0	3/8	3/8	0							146
146	145	0	3/8	3/8	0							147
147	146	0	3/8	3/8	0							148
148	147	0	3/8	3/8	0					line		149
149	148	0	3/8	3/8	0							150
150	149	0	3/8	3/8	0							151
151	150	0	3/8	3/8	0							152
152	151	0	3/8	3/8	0							153
153	152	0	3/8	3/8	0							154
154	153	0	3/8	3/8	0					line		155
155	154	0	3/8	3/8	0							156
156	155	0	3/8	3/8	0							157
157	156	0	3/8	3/8	0							158
158	157	0	3/8	3/8	0							159
159	158	0	3/8	3/8	0					line		160
160	159	0	3/8	3/8	0							161
161	160	0	3/8	3/8	0							162
162	161	0	3/8	3/8	0							163
163	162	0	3/8	3/8	0							164
164	163	0	3/8	3/8	0					line		165
165	164	0	3/8	3/8	0							166
166	165	0	3/8	3/8	0							167
167	166	0	3/8	3/8	0							168
168	167	0	3/8	3/8	0							169
169	168	0	3/8	3/8	0					line		170
170	169	0	3/8	3/8	0							171
171	170	0	3/8	3/8	0							172
172	171	0	3/8	3/8	0							173
173	172	0	3/8	3/8	0							174
174	173	0	3/8	3/8	0							175
175	174	0	3/8	3/8	0					line		176
176	175	0	3/8	3/8	0							177
177	176	0	3/8	3/8	0							178
178	177	0	3/8	3/8	0							179
179	178	0	3/8	3/8	0							180
180	179	0	3/8	3/8	0							181
181	180	0	3/8	3/8	0					line		182
182	181	0	3/8	3/8	0							183
183	182	0	3/8	3/8	0							184
184	183	0	3/8	3/8	0							185
185	184	0	3/8	3/8	0							186
186	185	0	3/4	3/4	0					line		187
187	186	0	3/8	3/8	0							188
188	187	0	3/8	3/8	0							189
189	188	0	3/8	3/8	0							190
190	189	0	3/8	3/8	0							191
191	190	0	3/8	3/8	0							192
192	191	0	3/8	3/8	0					line		193
193	192	0	3/8	3/8	0							194
194	193	0	3/8	3/8	0							195
195	194	0	3/8	3/8	0							196
196	195	0	3/8	3/8	0							197
197	196	0	3/8	3/8	0					line		198
198	197	0	3/8	3/8	0							199
199	198	0	3/8	3/8	0							200
200	199	0	3/8	3/8	0							201
201	200	0	3/8	3/8	0					line		202
202	201	0	3/8	3/8	0							203
203	202	0	3/8	3/8	0							204
204	203	0	3/8	3/8	0							205
205	204	0	3/8	3/8	0							206
206	205	0	3/8	3/8	0					line	end	143, -1
